  Usage: nodemon [nodemon options] [script.js] [args]

  See "nodemon --help" for more.

[33m[nodemon] 3.1.11[39m
[33m[nodemon] to restart at any time, enter `rs`[39m
[33m[nodemon] watching path(s): *.*[39m
[33m[nodemon] watching extensions: js,mjs,cjs,json[39m
[32m[nodemon] starting `node ./index.js localhost 3000`[39m
node:internal/modules/cjs/loader:1458
  throw err;
  ^

Error: Cannot find module 'express'
Require stack:
- /app/index.js
    at Module._resolveFilename (node:internal/modules/cjs/loader:1455:15)
    at defaultResolveImpl (node:internal/modules/cjs/loader:1065:19)
    at resolveForCJSWithHooks (node:internal/modules/cjs/loader:1070:22)
    at Module._load (node:internal/modules/cjs/loader:1241:25)
    at wrapModuleLoad (node:internal/modules/cjs/loader:255:19)
    at Module.require (node:internal/modules/cjs/loader:1555:12)
    at require (node:internal/modules/helpers:152:16)
    at Object.<anonymous> (/app/index.js:1:17)
    at Module._compile (node:internal/modules/cjs/loader:1811:14)
    at Object..js (node:internal/modules/cjs/loader:1942:10) {
  code: 'MODULE_NOT_FOUND',
  requireStack: [ '/app/index.js' ]
}

Node.js v25.6.1
[31m[nodemon] app crashed - waiting for file changes before starting...[39m
[32m[nodemon] restarting due to changes...[39m
[32m[nodemon] starting `node ./index.js localhost 3000`[39m
Server running at http://nodejs_2526-cs7025-group1:3000/
Error: SqlError: (conn:-1, no: 45028, SQLState: HY000) pool failed to retrieve a connection from pool
    (pool connections: active=0 idle=0 limit=5)
    at Module.createError (file:///app/node_modules/mariadb/lib/misc/errors.js:65:21)
    at Pool._rejectTimedOutRequest (file:///app/node_modules/mariadb/lib/pool.js:366:22)
    at Pool._checkRequestTimeouts (file:///app/node_modules/mariadb/lib/pool.js:334:14)
    at listOnTimeout (node:internal/timers:605:17)
    at process.processTimers (node:internal/timers:541:7) {
  sqlMessage: 'pool failed to retrieve a connection from pool\n' +
    '    (pool connections: active=0 idle=0 limit=5)',
  sql: null,
  fatal: false,
  errno: 45028,
  sqlState: 'HY000',
  code: 'ER_GET_CONNECTION_TIMEOUT',
  [cause]: SqlError: (conn:3, no: 1045, SQLState: 28000) Access denied for user '2526-cs7025-group1'@'172.26.0.5' (using password: YES)
      (pool connections: active=0 idle=0 limit=5)
      at Module.createError (file:///app/node_modules/mariadb/lib/misc/errors.js:66:10)
      at PacketNodeEncoded.readError (file:///app/node_modules/mariadb/lib/io/packet.js:595:19)
      at Authentication.handshakeResult (file:///app/node_modules/mariadb/lib/cmd/handshake/authentication.js:196:32)
      at Authentication.onPacketReceive (file:///app/node_modules/mariadb/lib/cmd/handshake/authentication.js:50:17)
      at PacketInputStream.receivePacketBasic (file:///app/node_modules/mariadb/lib/io/packet-input-stream.js:94:9)
      at PacketInputStream.onData (file:///app/node_modules/mariadb/lib/io/packet-input-stream.js:151:20)
      at Socket.emit (node:events:508:20)
      at addChunk (node:internal/streams/readable:564:12)
      at readableAddChunkPushByteMode (node:internal/streams/readable:515:3)
      at Readable.push (node:internal/streams/readable:395:5) {
    sqlMessage: "Access denied for user '2526-cs7025-group1'@'172.26.0.5' (using password: YES)",
    sql: null,
    fatal: true,
    errno: 1045,
    sqlState: '28000',
    code: 'ER_ACCESS_DENIED_ERROR'
  }
}
[0mGET / [32m200[0m 7.067 ms - 974[0m
[0mGET /favicon.ico [33m404[0m 1.680 ms - 150[0m
[0mGET / [32m200[0m 0.542 ms - 974[0m
[0mGET / [32m200[0m 0.489 ms - 974[0m
[0mGET / [32m200[0m 0.443 ms - 974[0m
[0mGET /favicon.ico [33m404[0m 0.204 ms - 150[0m
[0mGET / [36m304[0m 0.454 ms - -[0m
[0mGET / [32m200[0m 0.429 ms - 974[0m
[0mGET /favicon.ico [33m404[0m 0.229 ms - 150[0m
[0mGET / [32m200[0m 0.428 ms - 974[0m
[0mGET / [32m200[0m 0.463 ms - 974[0m
[0mGET / [32m200[0m 0.515 ms - 974[0m
[0mGET / [32m200[0m 0.502 ms - 974[0m
[0mGET /Dr0v [33m404[0m 0.159 ms - 143[0m
[0mGET /SDK/webLanguage [33m404[0m 0.144 ms - 154[0m
[0mGET / [32m200[0m 0.412 ms - 974[0m
[0mGET / [32m200[0m 0.334 ms - 974[0m
[0mGET /favicon.ico [33m404[0m 0.146 ms - 150[0m
[0mGET /robots.txt [33m404[0m 0.236 ms - 149[0m
[0mGET / [32m200[0m 0.517 ms - 974[0m
[0mPOST / [33m404[0m 0.756 ms - 140[0m
[0mGET /Dr0v [33m404[0m 0.181 ms - 143[0m
[0mGET / [32m200[0m 0.382 ms - 974[0m
[0mGET / [32m200[0m 0.349 ms - 974[0m
[0mGET /favicon.ico [33m404[0m 0.208 ms - 150[0m
[0mGET /robots.txt [33m404[0m 0.082 ms - 149[0m
[0mGET /favicon [33m404[0m 0.159 ms - 146[0m
[0mGET /security.txt [33m404[0m 0.223 ms - 151[0m
[0mGET /SDK/webLanguage [33m404[0m 0.136 ms - 154[0m
[0mGET / [32m200[0m 0.347 ms - 974[0m
[0mGET /robots.txt [33m404[0m 0.181 ms - 149[0m
[0mGET /sitemap.xml [33m404[0m 0.142 ms - 150[0m
[0mGET /favicon.ico [33m404[0m 0.139 ms - 150[0m
[0mGET / [32m200[0m 0.347 ms - 974[0m
[0mPOST /hello.world?%ADd+allow_url_include%3d1+%ADd+auto_prepend_file%3dphp://input [33m404[0m 0.162 ms - 151[0m
[0mPOST /?%ADd+allow_url_include%3d1+%ADd+auto_prepend_file%3dphp://input [33m404[0m 0.195 ms - 140[0m
[0mGET /containers/json [33m404[0m 0.115 ms - 154[0m
[0mGET /Dr0v [33m404[0m 0.135 ms - 143[0m
[0mGET / [32m200[0m 0.364 ms - 974[0m
[0mGET / [32m200[0m 0.333 ms - 974[0m
[0mGET / [32m200[0m 0.349 ms - 974[0m
[0mGET /favicon.ico [33m404[0m 0.145 ms - 150[0m
[0mGET / [32m200[0m 0.392 ms - 974[0m
[0mGET /favicon.ico [33m404[0m 0.145 ms - 150[0m
[0mGET / [32m200[0m 0.344 ms - 974[0m
[0mGET / [32m200[0m 0.325 ms - 974[0m
[0mGET / [32m200[0m 0.494 ms - 974[0m
[0mGET / [32m200[0m 0.369 ms - 974[0m
[0mGET / [32m200[0m 0.366 ms - 974[0m
[0mGET / [32m200[0m 0.351 ms - 974[0m
[0mGET / [32m200[0m 0.368 ms - 974[0m
[0mGET / [32m200[0m 0.371 ms - 974[0m
[0mGET /version [33m404[0m 0.151 ms - 146[0m
[0mGET /owa/auth/logon.aspx [33m404[0m 0.136 ms - 158[0m
[0mGET /Dr0v [33m404[0m 0.147 ms - 143[0m
[0mGET / [32m200[0m 0.348 ms - 974[0m
[0mGET / [32m200[0m 0.351 ms - 974[0m
[0mGET / [32m200[0m 0.435 ms - 974[0m
[0mGET /favicon.ico [33m404[0m 0.168 ms - 150[0m
[0mGET / [36m304[0m 0.392 ms - -[0m
[0mGET /SDK/webLanguage [33m404[0m 0.122 ms - 154[0m
[0mGET / [32m200[0m 0.338 ms - 974[0m
[0mGET / [32m200[0m 0.336 ms - 974[0m
[0mGET / [32m200[0m 0.383 ms - 974[0m
[0mGET /favicon.ico [33m404[0m 0.156 ms - 150[0m
[0mGET /SDK/webLanguage [33m404[0m 0.111 ms - 154[0m
[0mGET / [32m200[0m 0.371 ms - 974[0m
[0mGET / [32m200[0m 0.374 ms - 974[0m
[0mGET / [32m200[0m 0.348 ms - 974[0m
[0mPOST / [33m404[0m 0.160 ms - 140[0m
[0mGET /favicon.ico [33m404[0m 0.154 ms - 150[0m
[0mGET /owa/auth/logon.aspx [33m404[0m 0.143 ms - 158[0m
[0mGET / [32m200[0m 0.501 ms - 974[0m
[0mGET /robots.txt [33m404[0m 0.263 ms - 149[0m
[0mGET / [32m200[0m 0.340 ms - 974[0m
[0mGET / [32m200[0m 0.341 ms - 974[0m
[0mGET / [32m200[0m 0.338 ms - 974[0m
[0mGET / [32m200[0m 0.339 ms - 974[0m
[0mGET / [32m200[0m 0.366 ms - 974[0m
[0mGET /developmentserver/metadatauploader [33m404[0m 0.120 ms - 173[0m
[0mGET / [32m200[0m 0.369 ms - 974[0m
[0mGET /bin/ [33m404[0m 0.111 ms - 143[0m
[0mGET /SDK/webLanguage [33m404[0m 0.298 ms - 154[0m
[0mGET / [32m200[0m 0.358 ms - 974[0m
[0mGET / [32m200[0m 0.458 ms - 974[0m
[0mGET / [32m200[0m 0.386 ms - 974[0m
[0mGET / [32m200[0m 0.361 ms - 974[0m
[0mGET / [32m200[0m 0.343 ms - 974[0m
[0mGET /autodiscover/autodiscover.json?@zdi/Powershell [33m404[0m 0.111 ms - 169[0m
[0mGET /alone/start?yes=not [33m404[0m 0.126 ms - 150[0m
[0mGET /aaa9 [33m404[0m 0.104 ms - 143[0m
[0mGET /aab9 [33m404[0m 0.128 ms - 143[0m
[0mGET /aaa9 [33m404[0m 0.122 ms - 143[0m
[0mGET /aab9 [33m404[0m 0.110 ms - 143[0m
[0mGET /owa/auth/x.js [33m404[0m 0.105 ms - 152[0m
[0mGET /Dr0v [33m404[0m 0.121 ms - 143[0m
[0mGET / [32m200[0m 0.348 ms - 974[0m
[0mGET /remote/info [33m404[0m 0.106 ms - 150[0m
[0mGET /admin/assets/js/views/login.js [33m404[0m 0.113 ms - 169[0m
[0mGET / [32m200[0m 0.378 ms - 974[0m
[0mGET / [32m200[0m 0.340 ms - 974[0m
[0mGET / [32m200[0m 0.349 ms - 974[0m
[0mGET / [32m200[0m 0.571 ms - 974[0m
[0mGET /favicon.ico [33m404[0m 0.127 ms - 150[0m
[0mPOST /hello.world?%ADd+allow_url_include%3d1+%ADd+auto_prepend_file%3dphp://input [33m404[0m 0.138 ms - 151[0m
[0mPOST /?%ADd+allow_url_include%3d1+%ADd+auto_prepend_file%3dphp://input [33m404[0m 0.170 ms - 140[0m
[0mGET /containers/json [33m404[0m 0.106 ms - 154[0m
[0mGET / [32m200[0m 0.369 ms - 974[0m
[0mPOST /hello.world?%ADd+allow_url_include%3d1+%ADd+auto_prepend_file%3dphp://input [33m404[0m 0.128 ms - 151[0m
[0mPOST /?%ADd+allow_url_include%3d1+%ADd+auto_prepend_file%3dphp://input [33m404[0m 0.159 ms - 140[0m
[0mGET /containers/json [33m404[0m 0.106 ms - 154[0m
[0mGET /webclient/ [33m404[0m 0.145 ms - 149[0m
[0mGET / [32m200[0m 0.401 ms - 974[0m
[0mGET / [32m200[0m 0.367 ms - 974[0m
[0mGET / [32m200[0m 0.349 ms - 974[0m
[0mGET /check_health [33m404[0m 0.109 ms - 151[0m
[0mGET / [32m200[0m 0.355 ms - 974[0m
[0mPOST / [33m404[0m 0.200 ms - 140[0m
[0mGET / [32m200[0m 0.369 ms - 974[0m
[0mGET / [32m200[0m 0.330 ms - 974[0m
[0mGET /bins/ [33m404[0m 0.116 ms - 144[0m
[0mGET / [32m200[0m 0.368 ms - 974[0m
[0mGET / [32m200[0m 0.341 ms - 974[0m
[0mGET /favicon.ico [33m404[0m 0.102 ms - 150[0m
[0mGET / [32m200[0m 0.474 ms - 974[0m
[0mGET /robots.txt [33m404[0m 0.156 ms - 149[0m
[0mGET / [32m200[0m 0.324 ms - 974[0m
[0mGET / [32m200[0m 0.339 ms - 974[0m
[0mGET / [32m200[0m 0.362 ms - 974[0m
[0mGET /favicon.ico [33m404[0m 0.126 ms - 150[0m
[0mGET /sitemap.xml [33m404[0m 0.135 ms - 150[0m
[0mGET / [32m200[0m 0.353 ms - 974[0m
[0mGET /dns-query?dns=_9IBAAABAAAAAAAAATEEb2RucwFtCmRuc21lYXN1cmUDdG9wAAABAAE [33m404[0m 0.110 ms - 148[0m
[0mPOST /dns-query [33m404[0m 0.121 ms - 149[0m
[0mGET /dns-query?name=1.odns.m.dnsmeasure.top&type=A [33m404[0m 0.070 ms - 148[0m
[0mGET /dns-query?dns=kjIBAAABAAAAAAAAATEEb2RucwFtCmRuc21lYXN1cmUDdG9wAAABAAE [33m404[0m 0.096 ms - 148[0m
[0mPOST /dns-query [33m404[0m 0.134 ms - 149[0m
[0mGET /dns-query?name=1.odns.m.dnsmeasure.top&type=A [33m404[0m 0.131 ms - 148[0m
[0mGET /query?dns=IR0BAAABAAAAAAAAATEEb2RucwFtCmRuc21lYXN1cmUDdG9wAAABAAE [33m404[0m 0.094 ms - 144[0m
[0mPOST /query [33m404[0m 0.110 ms - 145[0m
[0mGET /query?name=1.odns.m.dnsmeasure.top&type=A [33m404[0m 0.074 ms - 144[0m
[0mGET /query?dns=K2oBAAABAAAAAAAAATEEb2RucwFtCmRuc21lYXN1cmUDdG9wAAABAAE [33m404[0m 0.095 ms - 144[0m
[0mPOST /query [33m404[0m 0.111 ms - 145[0m
[0mGET /query?name=1.odns.m.dnsmeasure.top&type=A [33m404[0m 0.106 ms - 144[0m
[0mGET /resolve?dns=knsBAAABAAAAAAAAATEEb2RucwFtCmRuc21lYXN1cmUDdG9wAAABAAE [33m404[0m 0.101 ms - 146[0m
[0mPOST /resolve [33m404[0m 0.097 ms - 147[0m
[0mGET /resolve?name=1.odns.m.dnsmeasure.top&type=A [33m404[0m 0.081 ms - 146[0m
[0mGET /resolve?dns=XqUBAAABAAAAAAAAATEEb2RucwFtCmRuc21lYXN1cmUDdG9wAAABAAE [33m404[0m 0.083 ms - 146[0m
[0mPOST /resolve [33m404[0m 0.104 ms - 147[0m
[0mGET /resolve?name=1.odns.m.dnsmeasure.top&type=A [33m404[0m 0.081 ms - 146[0m
[0mGET /?dns=k_YBAAABAAAAAAAAATEEb2RucwFtCmRuc21lYXN1cmUDdG9wAAABAAE [32m200[0m 0.332 ms - 974[0m
[0mPOST / [33m404[0m 0.104 ms - 140[0m
[0mGET /?name=1.odns.m.dnsmeasure.top&type=A [32m200[0m 0.265 ms - 974[0m
[0mGET /?dns=z7ABAAABAAAAAAAAATEEb2RucwFtCmRuc21lYXN1cmUDdG9wAAABAAE [32m200[0m 0.251 ms - 974[0m
[0mPOST / [33m404[0m 0.114 ms - 140[0m
[0mGET /?name=1.odns.m.dnsmeasure.top&type=A [32m200[0m 0.261 ms - 974[0m
[0mGET /SDK/webLanguage [33m404[0m 0.101 ms - 154[0m
[0mGET / [32m200[0m 0.329 ms - 974[0m
[0mGET / [32m200[0m 0.313 ms - 974[0m
[0mGET /favicon.ico [33m404[0m 0.115 ms - 150[0m
[0mGET / [32m200[0m 0.351 ms - 974[0m
[0mGET / [32m200[0m 0.348 ms - 974[0m
[0mGET / [32m200[0m 0.316 ms - 974[0m
[0mGET / [32m200[0m 0.354 ms - 974[0m
[0mGET / [32m200[0m 0.334 ms - 974[0m
[0mHEAD /epa/scripts/win/nsepa_setup.exe [33m404[0m 0.107 ms - 171[0m
[0mGET / [32m200[0m 0.331 ms - 974[0m
[0mGET / [32m200[0m 0.469 ms - 974[0m
[0mGET / [32m200[0m 0.354 ms - 974[0m
[0mGET / [32m200[0m 0.325 ms - 974[0m
[0mGET / [32m200[0m 0.245 ms - 974[0m
[0mGET / [32m200[0m 0.411 ms - 974[0m
[0mGET / [32m200[0m 0.385 ms - 974[0m
[0mGET / [32m200[0m 0.321 ms - 974[0m
[0mPOST / [33m404[0m 0.159 ms - 140[0m
[0mGET / [32m200[0m 0.428 ms - 974[0m
[0mGET / [32m200[0m 0.314 ms - 974[0m
[0mGET /aspera/faspex/ [33m404[0m 0.119 ms - 153[0m
[0mGET /internal_forms_authentication [33m404[0m 0.118 ms - 168[0m
[0mGET /favicon.ico [33m404[0m 0.099 ms - 150[0m
[0mGET /Telerik.Web.UI.WebResource.axd?type=rau [33m404[0m 0.098 ms - 169[0m
[0mGET / [32m200[0m 0.319 ms - 974[0m
[0mGET /login.do [33m404[0m 0.101 ms - 147[0m
[0mGET /ext-js/app/common/zld_product_spec.js [33m404[0m 0.106 ms - 176[0m
[0mGET /favicon.ico [33m404[0m 0.116 ms - 150[0m
[0mGET /cgi-bin/config.exp [33m404[0m 0.140 ms - 157[0m
[0mGET /Web/Auth [33m404[0m 0.094 ms - 147[0m
[0mGET /login.html [33m404[0m 0.111 ms - 149[0m
[0mGET /jasperserver/login.html [33m404[0m 0.119 ms - 162[0m
[0mGET /jasperserver-pro/login.html [33m404[0m 0.110 ms - 166[0m
[0mGET /jasperserverTest/login.html [33m404[0m 0.097 ms - 166[0m
[0mGET /owa/ [33m404[0m 0.097 ms - 143[0m
[0mGET /sitecore/shell/sitecore.version.xml [33m404[0m 0.121 ms - 174[0m
[0mGET /login [33m404[0m 0.095 ms - 144[0m
[0mGET /zabbix/favicon.ico [33m404[0m 0.097 ms - 157[0m
[0mGET /api/session/properties [33m404[0m 0.096 ms - 161[0m
[0mGET /webfig/ [33m404[0m 0.096 ms - 146[0m
[0mGET /showLogin.cc [33m404[0m 0.108 ms - 151[0m
[0mGET /partymgr/control/main [33m404[0m 0.095 ms - 160[0m
[0mGET / [32m200[0m 0.325 ms - 974[0m
[0mGET /progs/homepage [33m404[0m 0.123 ms - 153[0m
[0mGET /ssi.cgi/Login.htm [33m404[0m 0.096 ms - 156[0m
[0mGET /identity [33m404[0m 0.102 ms - 147[0m
[0mGET /OA_HTML/AppsLocalLogin.jsp [33m404[0m 0.102 ms - 165[0m
[0mGET /index.jsp [33m404[0m 0.098 ms - 148[0m
[0mGET /admin/ [33m404[0m 0.121 ms - 145[0m
[0mGET / [32m200[0m 0.347 ms - 974[0m
[0mGET /css/images/PTZOptics_powerby.png [33m404[0m 0.118 ms - 171[0m
[0mGET /xmldata?item=all [33m404[0m 0.108 ms - 146[0m
[0mGET /static/historypage.js [33m404[0m 0.133 ms - 160[0m
[0mGET /sugar_version.json [33m404[0m 0.119 ms - 157[0m
[0mGET /WebInterface/ [33m404[0m 0.098 ms - 152[0m
[0mGET /license.txt [33m404[0m 0.131 ms - 150[0m
[0mGET /wp-json [33m404[0m 0.096 ms - 146[0m
[0mGET /console [33m404[0m 0.098 ms - 146[0m
[0mGET /solr/ [33m404[0m 0.121 ms - 144[0m
[0mGET /cgi-bin/authLogin.cgi [33m404[0m 0.098 ms - 160[0m
[0mGET /cf_scripts/scripts/ajax/ckeditor/ckeditor.js [33m404[0m 0.122 ms - 183[0m
[0mGET /identity/jsLibs/IdmBrandingBar.js [33m404[0m 0.148 ms - 172[0m
[0mGET /js/NewWindow_2_all.js [33m404[0m 0.125 ms - 160[0m
[0mGET /favicon-32x32.png [33m404[0m 0.162 ms - 156[0m
[0mGET /login/login [33m404[0m 0.117 ms - 150[0m
[0mGET / [32m200[0m 0.325 ms - 974[0m
[0mGET / [32m200[0m 0.348 ms - 974[0m
[0mGET / [32m200[0m 0.374 ms - 974[0m
[0mGET / [32m200[0m 0.347 ms - 974[0m
[0mGET / [32m200[0m 0.337 ms - 974[0m
[0mGET /favicon.ico [33m404[0m 0.119 ms - 150[0m
[0mGET / [32m200[0m 0.353 ms - 974[0m
[0mGET /favicon.ico [33m404[0m 0.127 ms - 150[0m
[0mGET /login [33m404[0m 0.107 ms - 144[0m
[0mGET /Dr0v [33m404[0m 0.124 ms - 143[0m
[0mGET / [32m200[0m 0.334 ms - 974[0m
[0mGET / [32m200[0m 0.338 ms - 974[0m
[0mGET / [32m200[0m 0.443 ms - 974[0m
[0mGET / [32m200[0m 0.381 ms - 974[0m
[0mGET /ecp/Current/exporttool/microsoft.exchange.ediscovery.exporttool.application [33m404[0m 0.099 ms - 214[0m
[0mGET / [32m200[0m 0.363 ms - 974[0m
[0mGET / [32m200[0m 0.342 ms - 974[0m
[0mGET / [32m200[0m 0.346 ms - 974[0m
[0mGET / [32m200[0m 0.316 ms - 974[0m
[0mGET /SDK/webLanguage [33m404[0m 0.144 ms - 154[0m
[0mGET / [32m200[0m 0.378 ms - 974[0m
[0mGET / [32m200[0m 0.390 ms - 974[0m
[0mGET / [32m200[0m 0.385 ms - 974[0m
[0mGET / [32m200[0m 0.374 ms - 974[0m
[0mGET / [32m200[0m 0.356 ms - 974[0m
[0mGET / [32m200[0m 0.334 ms - 974[0m
[0mGET /SDK/webLanguage [33m404[0m 0.095 ms - 154[0m
[0mGET /developmentserver/metadatauploader [33m404[0m 0.104 ms - 173[0m
[0mGET /favicon.ico [33m404[0m 0.120 ms - 150[0m
[0mGET / [32m200[0m 0.326 ms - 974[0m
[0mGET /robots.txt [33m404[0m 0.119 ms - 149[0m
[0mGET / [32m200[0m 0.329 ms - 974[0m
[0mGET / [32m200[0m 0.363 ms - 974[0m
[0mGET / [32m200[0m 0.367 ms - 974[0m
[0mGET / [32m200[0m 0.353 ms - 974[0m
[0mGET / [32m200[0m 0.330 ms - 974[0m
[0mGET / [32m200[0m 0.312 ms - 974[0m
[0mGET / [32m200[0m 0.339 ms - 974[0m
[0mGET /owa/auth/logon.aspx [33m404[0m 0.094 ms - 158[0m
[0mGET / [32m200[0m 0.340 ms - 974[0m
[0mGET /bins/ [33m404[0m 0.096 ms - 144[0m
[0mGET / [32m200[0m 0.319 ms - 974[0m
[0mGET / [32m200[0m 0.327 ms - 974[0m
[0mGET / [32m200[0m 0.319 ms - 974[0m
[0mPOST /mcp [33m404[0m 0.117 ms - 143[0m
[0mGET /sse [33m404[0m 0.114 ms - 142[0m
[0mGET / [32m200[0m 0.328 ms - 974[0m
[0mGET / [32m200[0m 0.356 ms - 974[0m
[0mGET / [32m200[0m 0.346 ms - 974[0m
[0mGET / [32m200[0m 0.374 ms - 974[0m
[0mGET /SDK/webLanguage [33m404[0m 0.093 ms - 154[0m
[0mGET /actuator/health [33m404[0m 0.094 ms - 154[0m
[0mOPTIONS / [32m200[0m 0.393 ms - 8[0m
[0mGET / [32m200[0m 0.345 ms - 974[0m
[0mGET / [32m200[0m 0.323 ms - 974[0m
[0mGET /Dr0v [33m404[0m 0.098 ms - 143[0m
[0mGET /ReportServer [33m404[0m 0.099 ms - 151[0m
[0mGET / [32m200[0m 0.339 ms - 974[0m
[0mGET /o5vB [33m404[0m 0.093 ms - 143[0m
[0mGET /favicon.ico [33m404[0m 0.098 ms - 150[0m
[0mGET / [32m200[0m 0.414 ms - 974[0m
[0mGET / [32m200[0m 0.409 ms - 974[0m
[0mGET / [32m200[0m 0.372 ms - 974[0m
[0mGET /robots.txt [33m404[0m 0.095 ms - 149[0m
[0mGET /robots.txt [33m404[0m 0.109 ms - 149[0m
[0mGET /owa/auth/logon.aspx [33m404[0m 0.095 ms - 158[0m
[0mGET / [32m200[0m 0.330 ms - 974[0m
[0mGET / [32m200[0m 0.329 ms - 974[0m
[0mGET / [32m200[0m 0.520 ms - 974[0m
[0mGET / [32m200[0m 0.353 ms - 974[0m
[0mGET / [32m200[0m 0.362 ms - 974[0m
[0mGET / [32m200[0m 0.320 ms - 974[0m
[0mGET / [32m200[0m 0.341 ms - 974[0m
[0mGET / [32m200[0m 0.315 ms - 974[0m
[0mGET / [32m200[0m 0.310 ms - 974[0m
[0mGET / [32m200[0m 0.351 ms - 974[0m
[0mGET /anomaly [33m404[0m 0.102 ms - 146[0m
[0mGET /owa/auth/logon.aspx [33m404[0m 0.141 ms - 158[0m
[0mGET / [32m200[0m 0.313 ms - 974[0m
[0mGET / [32m200[0m 0.312 ms - 974[0m
[0mGET /robots.txt [33m404[0m 0.097 ms - 149[0m
[0mGET /favicon.ico [33m404[0m 0.097 ms - 150[0m
[0mGET / [32m200[0m 0.319 ms - 974[0m
[0mGET / [32m200[0m 0.447 ms - 974[0m
[33m[nodemon] 3.1.11[39m
[33m[nodemon] to restart at any time, enter `rs`[39m
[33m[nodemon] watching path(s): *.*[39m
[33m[nodemon] watching extensions: js,mjs,cjs,json[39m
[32m[nodemon] starting `node ./index.js localhost 3000`[39m
[33m[nodemon] 3.1.11[39m
[33m[nodemon] to restart at any time, enter `rs`[39m
[33m[nodemon] watching path(s): *.*[39m
[33m[nodemon] watching extensions: js,mjs,cjs,json[39m
[32m[nodemon] starting `node ./index.js localhost 3000`[39m
Server running at http://nodejs_2526-cs7025-group1:3000/
[32m[nodemon] restarting due to changes...[39m
[32m[nodemon] restarting due to changes...[39m
[32m[nodemon] starting `node ./index.js localhost 3000`[39m
Server running at http://nodejs_2526-cs7025-group1:3000/
Error: SqlError: (conn:-1, no: 45028, SQLState: HY000) pool failed to retrieve a connection from pool
    (pool connections: active=0 idle=0 limit=5)
    at Module.createError (file:///app/node_modules/mariadb/lib/misc/errors.js:65:21)
    at Pool._rejectTimedOutRequest (file:///app/node_modules/mariadb/lib/pool.js:366:22)
    at Pool._checkRequestTimeouts (file:///app/node_modules/mariadb/lib/pool.js:334:14)
    at listOnTimeout (node:internal/timers:605:17)
    at process.processTimers (node:internal/timers:541:7) {
  sqlMessage: 'pool failed to retrieve a connection from pool\n' +
    '    (pool connections: active=0 idle=0 limit=5)',
  sql: null,
  fatal: false,
  errno: 45028,
  sqlState: 'HY000',
  code: 'ER_GET_CONNECTION_TIMEOUT',
  [cause]: Error: connect ECONNREFUSED 172.26.0.4:3306
      at TCPConnectWrap.afterConnect [as oncomplete] (node:net:1713:16)
   From event:
      at file:///app/node_modules/mariadb/lib/connection.js:146:13
      at new Promise (<anonymous>)
      at Connection.connect (file:///app/node_modules/mariadb/lib/connection.js:131:12)
      at Pool._createPoolConnection (file:///app/node_modules/mariadb/lib/pool.js:172:8)
      at Pool._initiateConnectionCreation (file:///app/node_modules/mariadb/lib/pool.js:59:10)
      at Pool._managePoolSize (file:///app/node_modules/mariadb/lib/pool.js:51:10)
      at new Pool (file:///app/node_modules/mariadb/lib/pool.js:33:10)
      at new PoolPromise (file:///app/node_modules/mariadb/lib/pool-promise.js:17:18)
      at Module.createPool (file:///app/node_modules/mariadb/promise.js:46:16)
      at Object.<anonymous> (/app/index.js:29:22) {
    errno: -111,
    code: 'ECONNREFUSED',
    syscall: 'connect',
    address: '172.26.0.4',
    port: 3306,
    fatal: true,
    sqlState: 'HY000'
  }
}
[0mGET / [32m200[0m 10.368 ms - 974[0m
[0mGET /version [33m404[0m 1.000 ms - 146[0m
[0mGET / [32m200[0m 0.545 ms - 974[0m
[0mGET / [32m200[0m 0.466 ms - 974[0m
[0mGET / [32m200[0m 0.441 ms - 974[0m
[0mGET / [32m200[0m 0.446 ms - 974[0m
[0mGET / [32m200[0m 0.434 ms - 974[0m
[0mGET / [32m200[0m 0.434 ms - 974[0m
[0mGET /owa/auth/logon.aspx [33m404[0m 0.360 ms - 158[0m
[0mGET / [32m200[0m 0.562 ms - 974[0m
[0mGET / [32m200[0m 0.477 ms - 974[0m
[0mPOST / [33m404[0m 0.508 ms - 140[0m
[0mGET / [32m200[0m 0.532 ms - 974[0m
[0mGET / [32m200[0m 0.372 ms - 974[0m
[0mGET /favicon.ico [33m404[0m 0.156 ms - 150[0m
[0mGET / [32m200[0m 0.374 ms - 974[0m
[0mGET /favicon.ico [33m404[0m 0.157 ms - 150[0m
[0mGET / [32m200[0m 0.385 ms - 974[0m
[0mGET /robots.txt [33m404[0m 0.151 ms - 149[0m
[0mGET / [32m200[0m 0.420 ms - 974[0m
[0mGET / [32m200[0m 0.396 ms - 974[0m
[0mGET / [32m200[0m 0.431 ms - 974[0m
[0mGET / [32m200[0m 0.337 ms - 974[0m
[0mGET / [32m200[0m 0.364 ms - 974[0m
[0mGET / [32m200[0m 0.344 ms - 974[0m
[0mGET /server-status [33m404[0m 0.152 ms - 152[0m
[0mGET /config.json [33m404[0m 0.169 ms - 150[0m
[0mGET /telescope/requests [33m404[0m 0.196 ms - 157[0m
[0mGET / [32m200[0m 0.482 ms - 974[0m
[0mGET / [32m200[0m 0.338 ms - 974[0m
[0mGET /favicon.ico [33m404[0m 0.203 ms - 150[0m
[0mPOST /hello.world?%ADd+allow_url_include%3d1+%ADd+auto_prepend_file%3dphp://input [33m404[0m 0.219 ms - 151[0m
[0mPOST /?%ADd+allow_url_include%3d1+%ADd+auto_prepend_file%3dphp://input [33m404[0m 0.169 ms - 140[0m
[0mGET /containers/json [33m404[0m 0.153 ms - 154[0m
[0mGET / [32m200[0m 0.345 ms - 974[0m
[0mGET / [32m200[0m 0.375 ms - 974[0m
[0mGET /favicon.ico [33m404[0m 0.129 ms - 150[0m
[0mGET /Dr0v [33m404[0m 0.215 ms - 143[0m
[0mGET / [32m200[0m 0.329 ms - 974[0m
[0mGET /favicon.ico [33m404[0m 0.125 ms - 150[0m
[0mGET / [32m200[0m 0.339 ms - 974[0m
[0mGET /favicon.ico [33m404[0m 0.193 ms - 150[0m
[0mGET /wiki [33m404[0m 0.112 ms - 143[0m
[0mGET /robots.txt [33m404[0m 0.144 ms - 149[0m
[0mGET /developmentserver/metadatauploader [33m404[0m 0.114 ms - 173[0m
[0mGET /SDK/webLanguage [33m404[0m 0.124 ms - 154[0m
[0mGET /SDK/webLanguage [33m404[0m 0.163 ms - 154[0m
[0mGET / [32m200[0m 0.365 ms - 974[0m
[0mGET / [32m200[0m 0.399 ms - 974[0m
[0mGET /SDK/webLanguage [33m404[0m 0.113 ms - 154[0m
[0mGET / [32m200[0m 0.357 ms - 974[0m
[0mGET / [32m200[0m 0.373 ms - 974[0m
[0mGET / [32m200[0m 0.351 ms - 974[0m
[0mGET / [32m200[0m 0.987 ms - 974[0m
[0mGET / [32m200[0m 0.348 ms - 974[0m
[0mGET /favicon.ico [33m404[0m 0.171 ms - 150[0m
[0mGET /robots.txt [33m404[0m 0.111 ms - 149[0m
[0mGET / [32m200[0m 0.369 ms - 974[0m
[0mGET / [32m200[0m 0.340 ms - 974[0m
[0mGET / [32m200[0m 0.516 ms - 974[0m
[0mGET / [32m200[0m 0.377 ms - 974[0m
[0mGET / [32m200[0m 0.385 ms - 974[0m
[0mGET / [32m200[0m 0.397 ms - 974[0m
[0mGET / [32m200[0m 0.479 ms - 974[0m
[0mGET /owa/auth/x.js [33m404[0m 0.113 ms - 152[0m
[0mGET /SDK/webLanguage [33m404[0m 0.114 ms - 154[0m
[0mGET / [32m200[0m 0.352 ms - 974[0m
[0mGET / [32m200[0m 0.343 ms - 974[0m
[0mGET / [32m200[0m 0.369 ms - 974[0m
[0mGET / [32m200[0m 0.331 ms - 974[0m
[0mGET / [32m200[0m 0.341 ms - 974[0m
[0mGET /bins/ [33m404[0m 0.117 ms - 144[0m
[0mGET / [32m200[0m 0.344 ms - 974[0m
[0mGET / [32m200[0m 0.329 ms - 974[0m
[0mGET / [32m200[0m 0.368 ms - 974[0m
[0mGET / [32m200[0m 0.385 ms - 974[0m
[0mGET / [32m200[0m 0.326 ms - 974[0m
[0mGET / [32m200[0m 0.340 ms - 974[0m
[0mGET /Dr0v [33m404[0m 0.121 ms - 143[0m
[0mGET / [32m200[0m 0.381 ms - 974[0m
[0mGET /SDK/webLanguage [33m404[0m 0.146 ms - 154[0m
[0mGET / [32m200[0m 0.361 ms - 974[0m
[0mGET / [32m200[0m 0.407 ms - 974[0m
[0mGET / [32m200[0m 0.342 ms - 974[0m
[0mGET / [32m200[0m 0.351 ms - 974[0m
[0mGET / [32m200[0m 0.405 ms - 974[0m
[0mGET /server-status [33m404[0m 0.162 ms - 152[0m
[0mGET /config.json [33m404[0m 0.139 ms - 150[0m
[0mGET /telescope/requests [33m404[0m 0.161 ms - 157[0m
[0mGET / [32m200[0m 0.388 ms - 974[0m
[0mGET / [32m200[0m 0.406 ms - 974[0m
[0mGET / [32m200[0m 0.402 ms - 974[0m
[0mPOST /hello.world?%ADd+allow_url_include%3d1+%ADd+auto_prepend_file%3dphp://input [33m404[0m 0.126 ms - 151[0m
[0mPOST /?%ADd+allow_url_include%3d1+%ADd+auto_prepend_file%3dphp://input [33m404[0m 0.180 ms - 140[0m
[0mGET /containers/json [33m404[0m 0.139 ms - 154[0m
[0mGET / [32m200[0m 0.354 ms - 974[0m
[0mGET /favicon.ico [33m404[0m 0.128 ms - 150[0m
[0mGET /security.txt [33m404[0m 0.107 ms - 151[0m
[0mGET / [32m200[0m 0.336 ms - 974[0m
[0mGET / [32m200[0m 0.326 ms - 974[0m
[0mGET / [32m200[0m 0.406 ms - 974[0m
[0mGET / [32m200[0m 0.369 ms - 974[0m
[0mGET / [32m200[0m 0.356 ms - 974[0m
[0mGET /SDK/webLanguage [33m404[0m 0.105 ms - 154[0m
[0mGET /favicon.ico [33m404[0m 0.106 ms - 150[0m
[0mGET / [32m200[0m 0.331 ms - 974[0m
[0mGET /robots.txt [33m404[0m 0.126 ms - 149[0m
[0mGET / [32m200[0m 0.332 ms - 974[0m
[0mGET / [32m200[0m 0.327 ms - 974[0m
[0mPROPFIND / [33m404[0m 0.107 ms - 144[0m
[0mGET / [32m200[0m 0.404 ms - 974[0m
[0mPOST /hello.world?%ADd+allow_url_include%3d1+%ADd+auto_prepend_file%3dphp://input [33m404[0m 0.122 ms - 151[0m
[0mPOST /?%ADd+allow_url_include%3d1+%ADd+auto_prepend_file%3dphp://input [33m404[0m 0.140 ms - 140[0m
[0mGET /containers/json [33m404[0m 0.103 ms - 154[0m
[0mGET / [32m200[0m 0.325 ms - 974[0m
[0mGET /developmentserver/metadatauploader [33m404[0m 0.127 ms - 173[0m
[0mGET / [32m200[0m 0.420 ms - 974[0m
[0mGET / [32m200[0m 0.389 ms - 974[0m
[0mGET / [32m200[0m 0.418 ms - 974[0m
[0mGET / [32m200[0m 0.438 ms - 974[0m
[0mGET / [32m200[0m 0.377 ms - 974[0m
[0mGET / [32m200[0m 0.388 ms - 974[0m
[0mGET /bins/ [33m404[0m 0.114 ms - 144[0m
[0mGET / [32m200[0m 0.414 ms - 974[0m
[0mGET / [32m200[0m 0.359 ms - 974[0m
[0mGET / [32m200[0m 0.323 ms - 974[0m
[0mGET / [32m200[0m 0.360 ms - 974[0m
[0mGET / [32m200[0m 0.301 ms - 974[0m
[0mGET / [32m200[0m 0.404 ms - 974[0m
[0mGET / [32m200[0m 0.384 ms - 974[0m
[0mGET / [32m200[0m 0.404 ms - 974[0m
[0mGET /Dr0v [33m404[0m 0.114 ms - 143[0m
[0mGET / [32m200[0m 0.328 ms - 974[0m
[0mGET /ecp/Current/exporttool/microsoft.exchange.ediscovery.exporttool.application [33m404[0m 0.105 ms - 214[0m
[0mGET /SDK/webLanguage [33m404[0m 0.106 ms - 154[0m
[0mGET / [32m200[0m 0.338 ms - 974[0m
[0mGET /remote/info [33m404[0m 0.124 ms - 150[0m
[0mGET /admin/assets/js/views/login.js [33m404[0m 0.112 ms - 169[0m
[0mGET / [32m200[0m 0.372 ms - 974[0m
[0mGET /Dr0v [33m404[0m 0.104 ms - 143[0m
[0mGET /Dr0v [33m404[0m 0.113 ms - 143[0m
[0mGET /autodiscover/autodiscover.json?@zdi/Powershell [33m404[0m 0.167 ms - 169[0m
[0mGET / [32m200[0m 21.172 ms - 974[0m
[0mGET / [32m200[0m 0.339 ms - 974[0m
[0mGET / [32m200[0m 0.349 ms - 974[0m
[0mGET / [32m200[0m 0.345 ms - 974[0m
[0mGET /Dr0v [33m404[0m 0.198 ms - 143[0m
[0mGET / [32m200[0m 0.375 ms - 974[0m
[0mGET / [32m200[0m 0.385 ms - 974[0m
[0mGET / [32m200[0m 0.338 ms - 974[0m
[0mGET / [32m200[0m 1.473 ms - 974[0m
[0mGET /favicon.ico [33m404[0m 1.642 ms - 150[0m
[0mGET /sitemap.xml [33m404[0m 0.114 ms - 150[0m
[0mGET / [32m200[0m 0.333 ms - 974[0m
[0mGET / [32m200[0m 0.327 ms - 974[0m
[0mGET /Dr0v [33m404[0m 0.098 ms - 143[0m
[0mGET /actuator/health [33m404[0m 0.153 ms - 154[0m
[0mGET / [32m200[0m 0.318 ms - 974[0m
[0mGET / [32m200[0m 0.359 ms - 974[0m
[0mGET / [32m200[0m 1.332 ms - 974[0m
[0mGET /robots.txt [33m404[0m 0.100 ms - 149[0m
[0mGET /favicon.ico [33m404[0m 0.108 ms - 150[0m
[0mGET / [32m200[0m 0.311 ms - 974[0m
[0mGET / [32m200[0m 0.332 ms - 974[0m
[0mGET / [32m200[0m 0.385 ms - 974[0m
[0mGET / [32m200[0m 0.326 ms - 974[0m
[0mGET /Dr0v [33m404[0m 0.098 ms - 143[0m
[0mGET /robots.txt [33m404[0m 0.096 ms - 149[0m
[0mGET /robots.txt [33m404[0m 0.105 ms - 149[0m
[0mGET / [32m200[0m 2.967 ms - 974[0m
[0mGET / [32m200[0m 0.363 ms - 974[0m
[0mGET /favicon.ico [33m404[0m 0.117 ms - 150[0m
[0mGET / [32m200[0m 0.323 ms - 974[0m
[0mGET / [32m200[0m 0.339 ms - 974[0m
[0mGET / [32m200[0m 0.351 ms - 974[0m
[0mGET / [32m200[0m 0.343 ms - 974[0m
[0mGET / [32m200[0m 5.157 ms - 974[0m
[0mGET /odinhttpcall1772764507 [33m404[0m 0.120 ms - 161[0m
[0mPOST /sdk [33m404[0m 0.084 ms - 143[0m
[0mGET /HNAP1 [33m404[0m 0.119 ms - 144[0m
[0mGET /evox/about [33m404[0m 0.069 ms - 149[0m
[0mGET / [32m200[0m 0.343 ms - 974[0m
[0mGET / [32m200[0m 0.362 ms - 974[0m
[0mPOST / [33m404[0m 0.183 ms - 140[0m
[0mGET /owa/auth/logon.aspx [33m404[0m 0.100 ms - 158[0m
[0mGET / [32m200[0m 0.359 ms - 974[0m
[0mGET /favicon.ico [33m404[0m 0.116 ms - 150[0m
[0mGET /robots.txt [33m404[0m 0.099 ms - 149[0m
[0mGET /favicon [33m404[0m 0.114 ms - 146[0m
[0mGET / [32m200[0m 0.369 ms - 974[0m
[0mGET /favicon.ico [33m404[0m 0.138 ms - 150[0m
[0mGET / [32m200[0m 0.319 ms - 974[0m
[0mGET / [32m200[0m 0.360 ms - 974[0m
[0mGET / [32m200[0m 0.346 ms - 974[0m
[0mGET / [32m200[0m 0.372 ms - 974[0m
[0mGET / [32m200[0m 1.695 ms - 974[0m
[0mGET / [32m200[0m 0.353 ms - 974[0m
[0mGET / [32m200[0m 0.363 ms - 974[0m
[0mGET /Dr0v [33m404[0m 0.104 ms - 143[0m
[0mGET / [32m200[0m 0.332 ms - 974[0m
[0mGET / [32m200[0m 0.340 ms - 974[0m
[0mGET /Dr0v [33m404[0m 0.119 ms - 143[0m
[0mGET /Dr0v [33m404[0m 0.096 ms - 143[0m
[0mGET /developmentserver/metadatauploader [33m404[0m 0.107 ms - 173[0m
[0mGET /version [33m404[0m 0.095 ms - 146[0m
[0mGET /pdown [33m404[0m 0.096 ms - 144[0m
[0mGET / [32m200[0m 2.132 ms - 974[0m
[0mGET / [32m200[0m 0.325 ms - 974[0m
[0mGET / [32m200[0m 0.362 ms - 974[0m
[0mGET / [32m200[0m 0.364 ms - 974[0m
[0mGET / [32m200[0m 0.359 ms - 974[0m
[0mGET / [32m200[0m 0.419 ms - 974[0m
[0mGET / [32m200[0m 0.364 ms - 974[0m
[0mGET / [32m200[0m 0.370 ms - 974[0m
[0mGET /Dr0v [33m404[0m 0.097 ms - 143[0m
[0mGET / [32m200[0m 0.363 ms - 974[0m
[0mGET / [32m200[0m 0.365 ms - 974[0m
[0mGET / [32m200[0m 0.370 ms - 974[0m
[0mGET / [32m200[0m 0.337 ms - 974[0m
[0mGET /owa/auth/logon.aspx [33m404[0m 0.105 ms - 158[0m
[0mGET / [32m200[0m 0.366 ms - 974[0m
[0mGET / [32m200[0m 0.466 ms - 974[0m
[0mGET /Dr0v [33m404[0m 0.095 ms - 143[0m
[0mGET / [32m200[0m 1.538 ms - 974[0m
[0mGET /favicon.ico [33m404[0m 0.127 ms - 150[0m
[0mGET /wiki [33m404[0m 0.097 ms - 143[0m
[0mGET / [32m200[0m 0.355 ms - 974[0m
[0mGET / [32m200[0m 0.314 ms - 974[0m
[0mGET /favicon.ico [33m404[0m 0.096 ms - 150[0m
[0mGET /robots.txt [33m404[0m 0.101 ms - 149[0m
[0mGET / [32m200[0m 1.237 ms - 974[0m
[0mGET / [32m200[0m 0.361 ms - 974[0m
[0mGET / [32m200[0m 0.305 ms - 974[0m
[0mGET / [32m200[0m 0.337 ms - 974[0m
[0mGET /Dr0v [33m404[0m 0.096 ms - 143[0m
[0mGET / [32m200[0m 0.330 ms - 974[0m
[0mGET / [32m200[0m 0.318 ms - 974[0m
[0mGET / [32m200[0m 0.343 ms - 974[0m
[0mGET / [32m200[0m 0.324 ms - 974[0m
[0mGET / [32m200[0m 0.324 ms - 974[0m
[0mGET /Dr0v [33m404[0m 0.097 ms - 143[0m
[0mGET / [32m200[0m 0.330 ms - 974[0m
[0mGET /favicon.ico [33m404[0m 0.096 ms - 150[0m
[0mGET / [32m200[0m 0.387 ms - 974[0m
[0mGET /SDK/webLanguage [33m404[0m 0.097 ms - 154[0m
[0mGET / [32m200[0m 1.507 ms - 974[0m
[0mGET /favicon.ico [33m404[0m 0.110 ms - 150[0m
[0mGET /favicon.ico?v=2.0 [33m404[0m 0.121 ms - 150[0m
[0mGET / [32m200[0m 0.323 ms - 974[0m
[0mGET / [32m200[0m 0.305 ms - 974[0m
[0mGET /favicon.ico [33m404[0m 0.114 ms - 150[0m
[0mGET /Dr0v [33m404[0m 0.097 ms - 143[0m
[0mGET /robots.txt [33m404[0m 0.107 ms - 149[0m
[0mGET /robots.txt [33m404[0m 0.098 ms - 149[0m
[0mGET / [32m200[0m 0.356 ms - 974[0m
[0mGET / [32m200[0m 0.332 ms - 974[0m
[0mGET / [32m200[0m 0.315 ms - 974[0m
[0mGET /favicon.ico [33m404[0m 0.116 ms - 150[0m
[0mGET /Dr0v [33m404[0m 0.097 ms - 143[0m
[0mGET /Dr0v [33m404[0m 0.097 ms - 143[0m
[0mGET / [32m200[0m 0.309 ms - 974[0m
[0mGET / [32m200[0m 0.351 ms - 974[0m
[0mGET / [32m200[0m 0.352 ms - 974[0m
[0mGET /owa/auth/x.js [33m404[0m 0.095 ms - 152[0m
[0mGET / [32m200[0m 0.318 ms - 974[0m
[0mGET /favicon.ico [33m404[0m 0.115 ms - 150[0m
[0mGET /favicon.ico [33m404[0m 0.114 ms - 150[0m
[0mGET /pdown [33m404[0m 0.099 ms - 144[0m
[0mGET /Dr0v [33m404[0m 0.095 ms - 143[0m
[0mGET / [32m200[0m 0.321 ms - 974[0m
[0mGET / [32m200[0m 1.464 ms - 974[0m
[0mGET /Dr0v [33m404[0m 0.094 ms - 143[0m
[0mGET / [32m200[0m 0.469 ms - 974[0m
[0mGET / [32m200[0m 0.335 ms - 974[0m
[0mGET / [32m200[0m 0.321 ms - 974[0m
[0mGET /robots.txt [33m404[0m 0.114 ms - 149[0m
[0mGET / [32m200[0m 0.325 ms - 974[0m
[0mGET /favicon.ico [33m404[0m 0.121 ms - 150[0m
[0mGET /autodiscover/autodiscover.json?@zdi/Powershell [33m404[0m 0.735 ms - 169[0m
[0mGET /Dr0v [33m404[0m 0.114 ms - 143[0m
[0mGET /ab2g [33m404[0m 0.093 ms - 143[0m
[0mGET /ab2h [33m404[0m 0.113 ms - 143[0m
[0mGET / [32m200[0m 0.347 ms - 974[0m
[0mGET / [32m200[0m 0.329 ms - 974[0m
[0mGET /teorema505?t=1 [33m404[0m 0.100 ms - 149[0m
[0mGET /AGENTS.md [33m404[0m 0.143 ms - 148[0m
[0mGET / [32m200[0m 0.350 ms - 974[0m
[0mGET / [32m200[0m 0.301 ms - 974[0m
[0mGET /favicon.ico [33m404[0m 0.106 ms - 150[0m
[0mGET /developmentserver/metadatauploader [33m404[0m 0.112 ms - 173[0m
[0mGET / [32m200[0m 0.312 ms - 974[0m
[0mGET / [32m200[0m 0.303 ms - 974[0m
[0mGET / [32m200[0m 0.493 ms - 974[0m
[0mGET / [32m200[0m 0.308 ms - 974[0m
[0mGET / [32m200[0m 0.314 ms - 974[0m
[0mGET / [32m200[0m 0.337 ms - 974[0m
[0mGET / [32m200[0m 0.336 ms - 974[0m
[0mGET / [32m200[0m 0.325 ms - 974[0m
[0mGET /Dr0v [33m404[0m 0.095 ms - 143[0m
[0mGET / [32m200[0m 0.326 ms - 974[0m
[0mPOST /update/picture.cgi [33m404[0m 0.143 ms - 158[0m
[0mGET / [32m200[0m 0.306 ms - 974[0m
[0mGET /favicon.ico [33m404[0m 0.111 ms - 150[0m
[0mGET / [32m200[0m 0.335 ms - 974[0m
[0mGET /Dr0v [33m404[0m 0.092 ms - 143[0m
[0mGET / [32m200[0m 1.478 ms - 974[0m
[0mGET / [32m200[0m 0.352 ms - 974[0m
[0mGET / [32m200[0m 0.383 ms - 974[0m
[0mGET / [32m200[0m 0.953 ms - 974[0m
[0mGET /favicon.ico [33m404[0m 0.111 ms - 150[0m
[0mGET /security.txt [33m404[0m 0.102 ms - 151[0m
[0mGET / [32m200[0m 0.486 ms - 974[0m
[0mGET / [32m200[0m 0.498 ms - 974[0m
[0mGET /manage/account/login [33m404[0m 0.180 ms - 159[0m
[0mGET /admin/index.html [33m404[0m 0.182 ms - 155[0m
[0mGET /index.html [33m404[0m 0.178 ms - 149[0m
[0mGET /+CSCOE+/logon.html [33m404[0m 0.164 ms - 157[0m
[0mGET /cgi-bin/login.cgi [33m404[0m 0.181 ms - 156[0m
[0mGET /login.htm [33m404[0m 0.187 ms - 148[0m
[0mGET /login.html [33m404[0m 0.166 ms - 149[0m
[0mGET / [32m200[0m 0.320 ms - 974[0m
[0mGET /Dr0v [33m404[0m 0.097 ms - 143[0m
[0mGET /Dr0v [33m404[0m 0.122 ms - 143[0m
[0mGET /pdown [33m404[0m 0.107 ms - 144[0m
[0mGET / [32m200[0m 0.309 ms - 974[0m
[0mPOST /sdk [33m404[0m 0.107 ms - 143[0m
[0mGET /nmaplowercheck1772975598 [33m404[0m 0.113 ms - 163[0m
[0mGET /HNAP1 [33m404[0m 0.110 ms - 144[0m
[0mGET /evox/about [33m404[0m 0.111 ms - 149[0m
[0mGET / [32m200[0m 0.393 ms - 974[0m
[0mGET / [32m200[0m 0.323 ms - 974[0m
[0mGET / [32m200[0m 0.309 ms - 974[0m
[0mGET /Dr0v [33m404[0m 0.096 ms - 143[0m
[0mGET / [32m200[0m 0.349 ms - 974[0m
[0mGET / [32m200[0m 0.342 ms - 974[0m
[0mGET /ecp/Current/exporttool/microsoft.exchange.ediscovery.exporttool.application [33m404[0m 0.106 ms - 214[0m
[0mGET / [32m200[0m 0.318 ms - 974[0m
[0mGET / [32m200[0m 0.338 ms - 974[0m
[0mGET /favicon.ico [33m404[0m 0.094 ms - 150[0m
[0mGET / [32m200[0m 1.615 ms - 974[0m
[0mGET /favicon.ico [33m404[0m 0.096 ms - 150[0m
[0mGET /Dr0v [33m404[0m 0.093 ms - 143[0m
[0mGET / [32m200[0m 0.326 ms - 974[0m
[0mGET / [32m200[0m 0.319 ms - 974[0m
[0mGET / [32m200[0m 0.327 ms - 974[0m
[0mGET / [32m200[0m 0.322 ms - 974[0m
[0mGET / [32m200[0m 0.338 ms - 974[0m
[0mGET / [32m200[0m 0.479 ms - 974[0m
[0mGET / [32m200[0m 0.398 ms - 974[0m
[0mGET /favicon.ico [33m404[0m 0.096 ms - 150[0m
[0mGET /robots.txt [33m404[0m 0.094 ms - 149[0m
[0mGET / [32m200[0m 0.346 ms - 974[0m
[0mGET / [32m200[0m 0.309 ms - 974[0m
[0mGET / [32m200[0m 0.358 ms - 974[0m
[0mGET / [32m200[0m 0.344 ms - 974[0m
[0mGET /Dr0v [33m404[0m 0.094 ms - 143[0m
[0mGET / [32m200[0m 0.321 ms - 974[0m
[0mGET / [32m200[0m 0.332 ms - 974[0m
[0mGET / [32m200[0m 0.322 ms - 974[0m
[0mGET /robots.txt [33m404[0m 0.095 ms - 149[0m
[0mGET / [32m200[0m 0.323 ms - 974[0m
[0mGET /robots.txt [33m404[0m 0.096 ms - 149[0m
[0mGET / [32m200[0m 0.354 ms - 974[0m
[0mGET /login [33m404[0m 0.092 ms - 144[0m
[0mGET / [32m200[0m 2.306 ms - 974[0m
[0mGET /actuator/health [33m404[0m 0.094 ms - 154[0m
[0mOPTIONS / [32m200[0m 1.999 ms - 8[0m
[0mGET / [32m200[0m 0.308 ms - 974[0m
[0mGET / [32m200[0m 0.347 ms - 974[0m
[0mGET / [32m200[0m 0.341 ms - 974[0m
[0mGET / [32m200[0m 0.339 ms - 974[0m
[0mGET / [32m200[0m 0.371 ms - 974[0m
[0mGET /Dr0v [33m404[0m 0.096 ms - 143[0m
[0mGET / [32m200[0m 0.329 ms - 974[0m
[0mGET /favicon.ico [33m404[0m 0.115 ms - 150[0m
[0mGET /login [33m404[0m 0.095 ms - 144[0m
[0mGET /developmentserver/metadatauploader [33m404[0m 0.096 ms - 173[0m
[33m[nodemon] 3.1.11[39m
[33m[nodemon] to restart at any time, enter `rs`[39m
[33m[nodemon] watching path(s): *.*[39m
[33m[nodemon] watching extensions: js,mjs,cjs,json[39m
[32m[nodemon] starting `node ./index.js localhost 3000`[39m
Server running at http://nodejs_2526-cs7025-group1:3000/
[32m[nodemon] restarting due to changes...[39m
[32m[nodemon] restarting due to changes...[39m
[32m[nodemon] starting `node ./index.js localhost 3000`[39m
Server running at http://nodejs_2526-cs7025-group1:3000/
Error: SqlError: (conn:-1, no: 45028, SQLState: HY000) pool failed to retrieve a connection from pool
    (pool connections: active=0 idle=0 limit=5)
    at Module.createError (file:///app/node_modules/mariadb/lib/misc/errors.js:65:21)
    at Pool._rejectTimedOutRequest (file:///app/node_modules/mariadb/lib/pool.js:366:22)
    at Pool._checkRequestTimeouts (file:///app/node_modules/mariadb/lib/pool.js:334:14)
    at listOnTimeout (node:internal/timers:605:17)
    at process.processTimers (node:internal/timers:541:7) {
  sqlMessage: 'pool failed to retrieve a connection from pool\n' +
    '    (pool connections: active=0 idle=0 limit=5)',
  sql: null,
  fatal: false,
  errno: 45028,
  sqlState: 'HY000',
  code: 'ER_GET_CONNECTION_TIMEOUT',
  [cause]: SqlError: (conn:13, no: 1045, SQLState: 28000) Access denied for user '2526-cs7025-group1'@'172.26.0.3' (using password: YES)
      (pool connections: active=0 idle=0 limit=5)
      at Module.createError (file:///app/node_modules/mariadb/lib/misc/errors.js:66:10)
      at PacketNodeEncoded.readError (file:///app/node_modules/mariadb/lib/io/packet.js:595:19)
      at Authentication.handshakeResult (file:///app/node_modules/mariadb/lib/cmd/handshake/authentication.js:196:32)
      at Authentication.onPacketReceive (file:///app/node_modules/mariadb/lib/cmd/handshake/authentication.js:50:17)
      at PacketInputStream.receivePacketBasic (file:///app/node_modules/mariadb/lib/io/packet-input-stream.js:94:9)
      at PacketInputStream.onData (file:///app/node_modules/mariadb/lib/io/packet-input-stream.js:151:20)
      at Socket.emit (node:events:508:20)
      at addChunk (node:internal/streams/readable:564:12)
      at readableAddChunkPushByteMode (node:internal/streams/readable:515:3)
      at Readable.push (node:internal/streams/readable:395:5) {
    sqlMessage: "Access denied for user '2526-cs7025-group1'@'172.26.0.3' (using password: YES)",
    sql: null,
    fatal: true,
    errno: 1045,
    sqlState: '28000',
    code: 'ER_ACCESS_DENIED_ERROR'
  }
}
[33m[nodemon] 3.1.11[39m
[33m[nodemon] to restart at any time, enter `rs`[39m
[33m[nodemon] watching path(s): *.*[39m
[33m[nodemon] watching extensions: js,mjs,cjs,json[39m
[32m[nodemon] starting `node ./index.js localhost 3000`[39m
Server running at http://nodejs_2526-cs7025-group1:3000/
[32m[nodemon] restarting due to changes...[39m
[32m[nodemon] starting `node ./index.js localhost 3000`[39m
[32m[nodemon] restarting due to changes...[39m
[32m[nodemon] starting `node ./index.js localhost 3000`[39m
Server running at http://nodejs_2526-cs7025-group1:3000/
Error: SqlError: (conn:-1, no: 45028, SQLState: HY000) pool failed to retrieve a connection from pool
    (pool connections: active=0 idle=0 limit=5)
    at Module.createError (file:///app/node_modules/mariadb/lib/misc/errors.js:65:21)
    at Pool._rejectTimedOutRequest (file:///app/node_modules/mariadb/lib/pool.js:366:22)
    at Pool._checkRequestTimeouts (file:///app/node_modules/mariadb/lib/pool.js:334:14)
    at listOnTimeout (node:internal/timers:605:17)
    at process.processTimers (node:internal/timers:541:7) {
  sqlMessage: 'pool failed to retrieve a connection from pool\n' +
    '    (pool connections: active=0 idle=0 limit=5)',
  sql: null,
  fatal: false,
  errno: 45028,
  sqlState: 'HY000',
  code: 'ER_GET_CONNECTION_TIMEOUT',
  [cause]: SqlError: (conn:26, no: 1045, SQLState: 28000) Access denied for user '2526-cs7025-group1'@'172.26.0.3' (using password: YES)
      (pool connections: active=0 idle=0 limit=5)
      at Module.createError (file:///app/node_modules/mariadb/lib/misc/errors.js:66:10)
      at PacketNodeEncoded.readError (file:///app/node_modules/mariadb/lib/io/packet.js:595:19)
      at Authentication.handshakeResult (file:///app/node_modules/mariadb/lib/cmd/handshake/authentication.js:196:32)
      at Authentication.onPacketReceive (file:///app/node_modules/mariadb/lib/cmd/handshake/authentication.js:50:17)
      at PacketInputStream.receivePacketBasic (file:///app/node_modules/mariadb/lib/io/packet-input-stream.js:94:9)
      at PacketInputStream.onData (file:///app/node_modules/mariadb/lib/io/packet-input-stream.js:151:20)
      at Socket.emit (node:events:508:20)
      at addChunk (node:internal/streams/readable:564:12)
      at readableAddChunkPushByteMode (node:internal/streams/readable:515:3)
      at Readable.push (node:internal/streams/readable:395:5) {
    sqlMessage: "Access denied for user '2526-cs7025-group1'@'172.26.0.3' (using password: YES)",
    sql: null,
    fatal: true,
    errno: 1045,
    sqlState: '28000',
    code: 'ER_ACCESS_DENIED_ERROR'
  }
}
[0mGET /config.json [33m404[0m 1.979 ms - 150[0m
[0mGET /owa/auth/logon.aspx [33m404[0m 0.286 ms - 158[0m
[0mGET / [32m200[0m 6.261 ms - 974[0m
[0mGET / [32m200[0m 0.668 ms - 974[0m
[0mGET / [32m200[0m 0.507 ms - 974[0m
[0mGET / [32m200[0m 0.446 ms - 974[0m
[0mGET / [32m200[0m 0.459 ms - 974[0m
[0mGET /pdown [33m404[0m 0.166 ms - 144[0m
[0mGET / [32m200[0m 0.427 ms - 974[0m
[0mGET / [32m200[0m 0.420 ms - 974[0m
[0mGET / [32m200[0m 0.409 ms - 974[0m
[0mGET / [32m200[0m 0.486 ms - 974[0m
[0mGET /sslvpn_logon.shtml [33m404[0m 6.548 ms - 157[0m
[0mGET / [32m200[0m 18.641 ms - 974[0m
[0mGET / [32m200[0m 0.376 ms - 974[0m
[0mGET / [32m200[0m 0.357 ms - 974[0m
[0mGET / [32m200[0m 0.371 ms - 974[0m
[0mGET /ReportServer [33m404[0m 0.170 ms - 151[0m
[0mPOST /hello.world?%ADd+allow_url_include%3d1+%ADd+auto_prepend_file%3dphp://input [33m404[0m 1.469 ms - 151[0m
[0mPOST /?%ADd+allow_url_include%3d1+%ADd+auto_prepend_file%3dphp://input [33m404[0m 0.220 ms - 140[0m
[0mGET /favicon.ico [33m404[0m 0.157 ms - 150[0m
[0mGET / [32m200[0m 0.387 ms - 974[0m
[0mGET /robots.txt [33m404[0m 0.159 ms - 149[0m
[0mGET / [32m200[0m 0.344 ms - 974[0m
[0mGET / [32m200[0m 1.010 ms - 974[0m
[0mGET /owa/ [33m404[0m 0.177 ms - 143[0m
[0mGET / [32m200[0m 0.331 ms - 974[0m
[0mGET / [32m200[0m 0.456 ms - 974[0m
[0mGET /favicon.ico [33m404[0m 0.182 ms - 150[0m
[0mGET / [32m200[0m 0.348 ms - 974[0m
[0mGET /version [33m404[0m 0.131 ms - 146[0m
[0mGET / [32m200[0m 0.395 ms - 974[0m
[0mGET / [32m200[0m 0.387 ms - 974[0m
[0mGET / [32m200[0m 0.337 ms - 974[0m
[0mGET / [32m200[0m 0.352 ms - 974[0m
[0mGET / [32m200[0m 0.393 ms - 974[0m
[0mGET /favicon.ico [33m404[0m 0.154 ms - 150[0m
[0mGET /sitemap.xml [33m404[0m 0.123 ms - 150[0m
[0mGET /about [33m404[0m 0.123 ms - 144[0m
[0mGET / [32m200[0m 0.349 ms - 974[0m
[0mGET / [32m200[0m 0.622 ms - 974[0m
[0mPOST /hello.world?%ADd+allow_url_include%3d1+%ADd+auto_prepend_file%3dphp://input [33m404[0m 0.140 ms - 151[0m
[0mPOST /?%ADd+allow_url_include%3d1+%ADd+auto_prepend_file%3dphp://input [33m404[0m 0.171 ms - 140[0m
[0mGET / [32m200[0m 1.514 ms - 974[0m
[0mGET / [32m200[0m 0.601 ms - 974[0m
[0mGET /autodiscover/autodiscover.json?@zdi/Powershell [33m404[0m 0.122 ms - 169[0m
[0mGET / [32m200[0m 0.421 ms - 974[0m
[0mGET /favicon.ico [33m404[0m 0.133 ms - 150[0m
[0mGET /Dr0v [33m404[0m 0.153 ms - 143[0m
[0mGET /kVVE [33m404[0m 0.117 ms - 143[0m
[0mGET / [32m200[0m 1.544 ms - 974[0m
[0mPOST /hello.world?%ADd+allow_url_include%3d1+%ADd+auto_prepend_file%3dphp://input [33m404[0m 0.141 ms - 151[0m
[0mPOST /?%ADd+allow_url_include%3d1+%ADd+auto_prepend_file%3dphp://input [33m404[0m 0.154 ms - 140[0m
[0mGET /containers/json [33m404[0m 0.126 ms - 154[0m
[0mGET /login [33m404[0m 0.115 ms - 144[0m
[0mGET / [32m200[0m 0.390 ms - 974[0m
[0mGET / [32m200[0m 0.407 ms - 974[0m
[0mGET / [32m200[0m 1.686 ms - 974[0m
[0mGET / [32m200[0m 0.556 ms - 974[0m
[0mGET / [32m200[0m 0.361 ms - 974[0m
[0mGET /SDK/webLanguage [33m404[0m 0.117 ms - 154[0m
[0mGET / [32m200[0m 0.377 ms - 974[0m
[0mGET / [32m200[0m 0.338 ms - 974[0m
[0mGET / [32m200[0m 0.365 ms - 974[0m
[0mGET / [32m200[0m 0.407 ms - 974[0m
[0mGET /favicon.ico [33m404[0m 0.152 ms - 150[0m
[0mGET / [32m200[0m 0.366 ms - 974[0m
[0mGET / [32m200[0m 0.346 ms - 974[0m
[0mGET / [32m200[0m 0.412 ms - 974[0m
[0mGET / [32m200[0m 0.676 ms - 974[0m
[0mGET / [32m200[0m 0.360 ms - 974[0m
[0mGET / [32m200[0m 0.339 ms - 974[0m
[0mGET / [32m200[0m 0.356 ms - 974[0m
[0mGET / [32m200[0m 0.342 ms - 974[0m
[0mGET /favicon.ico [33m404[0m 0.170 ms - 150[0m
[0mGET /robots.txt [33m404[0m 0.134 ms - 149[0m
[0mGET /sitemap.xml [33m404[0m 0.140 ms - 150[0m
[0mGET /robots.txt [33m404[0m 0.134 ms - 149[0m
[0mGET /favicon.ico [33m404[0m 0.152 ms - 150[0m
[0mGET / [32m200[0m 0.342 ms - 974[0m
[0mGET / [32m200[0m 0.404 ms - 974[0m
[0mGET /favicon.ico [33m404[0m 0.115 ms - 150[0m
[0mGET /login [33m404[0m 0.113 ms - 144[0m
[0mGET / [32m200[0m 0.385 ms - 974[0m
[0mGET / [32m200[0m 3.423 ms - 974[0m
[0mGET /favicon.ico [33m404[0m 0.109 ms - 150[0m
[0mGET /sitemap.xml [33m404[0m 0.139 ms - 150[0m
[0mGET / [32m200[0m 0.360 ms - 974[0m
[0mGET / [32m200[0m 0.359 ms - 974[0m
[0mGET /favicon.ico [33m404[0m 0.133 ms - 150[0m
[0mGET /myportal/control/main [33m404[0m 0.135 ms - 160[0m
[0mGET /favicon.ico [33m404[0m 0.137 ms - 150[0m
[0mGET / [32m200[0m 0.355 ms - 974[0m
[0mGET /favicon.ico [33m404[0m 0.140 ms - 150[0m
[0mGET /global-protect/portal/css/login.css [33m404[0m 0.131 ms - 174[0m
[0mGET /favicon.ico [33m404[0m 0.129 ms - 150[0m
[0mGET /favicon.ico [33m404[0m 0.131 ms - 150[0m
[0mGET /SAAS/horizon/css/message.135d59a969faeed39566809fe3bab413.css [33m404[0m 0.105 ms - 200[0m
[0mGET /favicon.ico [33m404[0m 0.128 ms - 150[0m
[0mGET / [32m200[0m 0.397 ms - 974[0m
[0mGET /favicon.ico [33m404[0m 0.137 ms - 150[0m
[0mGET /myportal/control/main [33m404[0m 0.131 ms - 160[0m
[0mGET /favicon.ico [33m404[0m 0.162 ms - 150[0m
[0mGET / [32m200[0m 0.416 ms - 974[0m
[0mGET /favicon.ico [33m404[0m 0.131 ms - 150[0m
[0mGET /global-protect/portal/css/login.css [33m404[0m 0.128 ms - 174[0m
[0mGET /favicon.ico [33m404[0m 0.184 ms - 150[0m
[0mGET /favicon.ico [33m404[0m 0.131 ms - 150[0m
[0mGET /SAAS/horizon/css/message.135d59a969faeed39566809fe3bab413.css [33m404[0m 0.132 ms - 200[0m
[0mGET /favicon.ico [33m404[0m 0.141 ms - 150[0m
[0mGET / [32m200[0m 0.397 ms - 974[0m
[0mPOST /update/picture.cgi [33m404[0m 0.153 ms - 158[0m
[0mGET / [32m200[0m 0.362 ms - 974[0m
[0mGET / [32m200[0m 0.563 ms - 974[0m
[0mGET / [32m200[0m 0.554 ms - 974[0m
[0mGET / [32m200[0m 0.344 ms - 974[0m
[0mGET / [32m200[0m 0.335 ms - 974[0m
[0mGET /favicon.ico [33m404[0m 0.138 ms - 150[0m
[0mGET /developmentserver/metadatauploader [33m404[0m 0.117 ms - 173[0m
[0mGET / [32m200[0m 0.333 ms - 974[0m
[0mGET / [32m200[0m 0.327 ms - 974[0m
[0mGET / [32m200[0m 0.394 ms - 974[0m
[0mGET / [32m200[0m 0.341 ms - 974[0m
[0mGET /error/ [33m404[0m 0.107 ms - 145[0m
[0mGET / [32m200[0m 0.329 ms - 974[0m
[0mGET /var/task/next.config.mjs [33m404[0m 0.127 ms - 163[0m
[0mGET /var/task/nuxt.config.js [33m404[0m 0.115 ms - 162[0m
[0mGET /var/task/serverless.yaml [33m404[0m 0.126 ms - 163[0m
[0mGET /app/next.config.mjs [33m404[0m 0.166 ms - 158[0m
[0mGET /var/task/next.config.ts [33m404[0m 0.124 ms - 162[0m
[0mGET /app/serverless.yml [33m404[0m 0.170 ms - 157[0m
[0mGET /app/next.config.mjs [33m404[0m 0.187 ms - 158[0m
[0mGET /app/next.config.js [33m404[0m 0.122 ms - 157[0m
[0mGET /app/serverless.yaml [33m404[0m 0.137 ms - 158[0m
[0mGET /var/task/serverless.yml [33m404[0m 0.123 ms - 162[0m
[0mGET /var/task/docker-compose.yml [33m404[0m 0.121 ms - 166[0m
[0mGET /var/task/next.config.js [33m404[0m 0.123 ms - 162[0m
[0mGET /api/user [33m404[0m 0.155 ms - 147[0m
[0mGET /var/task/docker-compose.yaml [33m404[0m 0.122 ms - 167[0m
[0mGET /var/task/package.json [33m404[0m 0.125 ms - 160[0m
[0mGET /var/task/serverless.yml [33m404[0m 0.068 ms - 162[0m
[0mGET /docker/overlay/config.json [33m404[0m 0.120 ms - 165[0m
[0mGET /opt/mailcow-dockerized/mailcow.conf [33m404[0m 0.143 ms - 174[0m
[0mGET /app/package.json [33m404[0m 0.127 ms - 155[0m
[0mGET /Dockerfile [33m404[0m 0.135 ms - 149[0m
[0mGET /var/task/netlify.toml [33m404[0m 0.071 ms - 160[0m
[0mGET /var/task/vercel.json [33m404[0m 0.124 ms - 159[0m
[0mGET /app/vercel.json [33m404[0m 0.106 ms - 154[0m
[0mGET /docker-compose.yml [33m404[0m 0.199 ms - 157[0m
[0mGET /app/netlify.toml [33m404[0m 0.114 ms - 155[0m
[0mGET /attacker/docker-compose.yml [33m404[0m 0.122 ms - 166[0m
[0mGET /_vercel/insights [33m404[0m 0.126 ms - 155[0m
[0mGET /vercel.json [33m404[0m 0.127 ms - 150[0m
[0mGET /app/docker-compose.yml [33m404[0m 0.150 ms - 161[0m
[0mGET /aws/bucket [33m404[0m 0.099 ms - 149[0m
[0mGET /aws/buckets [33m404[0m 0.127 ms - 150[0m
[0mGET /aws/config/s3.json [33m404[0m 0.123 ms - 157[0m
[0mGET /aws/s3/credentials [33m404[0m 0.123 ms - 157[0m
[0mGET /docker/registry/config.yml [33m404[0m 0.125 ms - 165[0m
[0mGET /aws_s3_bucket [33m404[0m 0.122 ms - 152[0m
[0mGET /app/vercel.json [33m404[0m 0.127 ms - 154[0m
[0mGET /aws_s3_config.json [33m404[0m 0.121 ms - 157[0m
[0mGET /var/task/serverless.json [33m404[0m 0.126 ms - 163[0m
[0mGET /aws-codecommit/ [33m404[0m 0.129 ms - 154[0m
[0mGET /aws.yaml [33m404[0m 0.127 ms - 147[0m
[0mGET /app/nuxt.config.js [33m404[0m 0.125 ms - 157[0m
[0mGET /aws.env.json [33m404[0m 0.164 ms - 151[0m
[0mGET /aws/s3/env.env [33m404[0m 0.087 ms - 153[0m
[0mGET /aws/ses/smtp.env [33m404[0m 0.127 ms - 155[0m
[0mGET /aws.json [33m404[0m 0.123 ms - 147[0m
[0mGET /aws.yml [33m404[0m 0.127 ms - 146[0m
[0mGET /aws.json [33m404[0m 0.120 ms - 147[0m
[0mGET /s3/credentials [33m404[0m 0.103 ms - 153[0m
[0mGET /aws.env [33m404[0m 0.062 ms - 146[0m
[0mGET /s3/bucket.env [33m404[0m 0.122 ms - 152[0m
[0mGET /aws-ses.json [33m404[0m 0.120 ms - 151[0m
[0mGET /s3/buckets [33m404[0m 0.125 ms - 149[0m
[0mGET /s3/backup [33m404[0m 0.123 ms - 148[0m
[0mGET /s3.yml [33m404[0m 0.124 ms - 145[0m
[0mGET /s3.properties [33m404[0m 0.123 ms - 152[0m
[0mGET /s3.secret [33m404[0m 0.142 ms - 148[0m
[0mGET /s3/bucket [33m404[0m 0.148 ms - 148[0m
[0mGET /old/aws_config [33m404[0m 0.152 ms - 153[0m
[0mGET /s3.yaml [33m404[0m 0.122 ms - 146[0m
[0mGET /s3.key [33m404[0m 0.122 ms - 145[0m
[0mGET /terraform.tfstate [33m404[0m 0.124 ms - 156[0m
[0mGET /serverless.yaml [33m404[0m 0.120 ms - 154[0m
[0mGET /etc/boto.cfg [33m404[0m 0.133 ms - 151[0m
[0mGET /template.yaml [33m404[0m 0.126 ms - 152[0m
[0mGET /amplify/team-provider-info.json [33m404[0m 0.133 ms - 170[0m
[0mGET /app/terraform.tfstate [33m404[0m 0.122 ms - 160[0m
[0mGET /aws/metadata [33m404[0m 0.123 ms - 151[0m
[0mGET /terraform.tfvars [33m404[0m 0.123 ms - 155[0m
[0mGET /terraform.tfstate.backup [33m404[0m 0.195 ms - 163[0m
[0mGET /terraform/terraform.tfvars.json [33m404[0m 0.124 ms - 170[0m
[0mGET /serverless.yml [33m404[0m 0.125 ms - 153[0m
[0mGET /var/task/amplify.yml [33m404[0m 0.123 ms - 159[0m
[0mGET /sam-template.yaml [33m404[0m 0.120 ms - 156[0m
[0mGET /var/task/amplify.yaml [33m404[0m 0.136 ms - 160[0m
[0mGET /app/amplify.yaml [33m404[0m 0.123 ms - 155[0m
[0mGET /app/amplify.yml [33m404[0m 0.102 ms - 154[0m
[0mGET /env [33m404[0m 0.105 ms - 142[0m
[0mGET /wp-json/wp/v2/users [33m404[0m 0.122 ms - 158[0m
[0mGET /etc/apache2/apache2.conf [33m404[0m 0.132 ms - 163[0m
[0mGET /rest/oauth1-credential/auth [33m404[0m 0.107 ms - 166[0m
[0mGET /wp-content/debug.log [33m404[0m 0.165 ms - 159[0m
[0mGET /rest/oauth2-credential/auth [33m404[0m 0.097 ms - 166[0m
[0mGET /_profiler/phpinfo [33m404[0m 0.122 ms - 156[0m
[0mGET /rest/workflows/run [33m404[0m 0.125 ms - 157[0m
[0mGET /api/v1/workflows [33m404[0m 0.119 ms - 155[0m
[0mGET /api/v1/executions [33m404[0m 0.152 ms - 156[0m
[0mGET /api/v1/credentials [33m404[0m 0.119 ms - 157[0m
[0mGET /__debug [33m404[0m 0.117 ms - 146[0m
[0mGET /form [33m404[0m 0.122 ms - 143[0m
[0mGET /healthz [33m404[0m 0.121 ms - 146[0m
[0mGET /metrics [33m404[0m 0.131 ms - 146[0m
[0mGET /rest/settings [33m404[0m 0.135 ms - 152[0m
[0mGET /rest/login [33m404[0m 0.121 ms - 149[0m
[0mGET /rest/executions [33m404[0m 0.122 ms - 154[0m
[0mGET /rest/node-types [33m404[0m 0.122 ms - 154[0m
[0mGET /rest/credentials-for-node [33m404[0m 0.124 ms - 164[0m
[0mGET /rest/credential-translation [33m404[0m 0.120 ms - 166[0m
[0mGET /rest/variables [33m404[0m 0.123 ms - 153[0m
[0mGET /rest/tags [33m404[0m 0.131 ms - 148[0m
[0mGET /rest/license [33m404[0m 0.111 ms - 151[0m
[0mGET /rest/workflows [33m404[0m 0.169 ms - 153[0m
[0mGET /chat [33m404[0m 0.119 ms - 143[0m
[0mGET /rest/logout [33m404[0m 0.124 ms - 150[0m
[0mGET /rest/users [33m404[0m 0.126 ms - 149[0m
[0mGET /sysinfo.cgi [33m404[0m 0.124 ms - 150[0m
[0mGET /proc/index.cgi [33m404[0m 0.133 ms - 153[0m
[0mGET /servers/link.cgi [33m404[0m 0.125 ms - 155[0m
[0mGET /servers/save.cgi [33m404[0m 0.152 ms - 155[0m
[0mGET /package-updates/apt.cgi [33m404[0m 0.132 ms - 162[0m
[0mGET /package-updates/yum.cgi [33m404[0m 0.122 ms - 162[0m
[0mGET /package-updates/save.cgi [33m404[0m 0.131 ms - 163[0m
[0mGET /package-updates/refresh.cgi [33m404[0m 0.124 ms - 166[0m
[0mGET /package-updates/download.cgi [33m404[0m 0.148 ms - 167[0m
[0mGET /webhook [33m404[0m 0.120 ms - 146[0m
[0mGET /package-updates/install.cgi [33m404[0m 0.122 ms - 166[0m
[0mGET /package-updates/update.cgi [33m404[0m 0.118 ms - 165[0m
[0mGET /software/update.cgi [33m404[0m 0.123 ms - 158[0m
[0mGET /software/install-updates.cgi [33m404[0m 0.121 ms - 167[0m
[0mGET /package-updates/perform.cgi [33m404[0m 0.133 ms - 166[0m
[0mGET /package-updates/ [33m404[0m 0.073 ms - 155[0m
[0mGET /webmin/package-updates/update.cgi [33m404[0m 0.121 ms - 172[0m
[0mGET /about [33m404[0m 0.162 ms - 144[0m
[0mGET /package-updates/index.cgi [33m404[0m 0.119 ms - 164[0m
[0mGET /package-updates/index.cgi [33m404[0m 0.101 ms - 164[0m
[0mGET /products [33m404[0m 0.098 ms - 147[0m
[0mGET /blog [33m404[0m 0.116 ms - 143[0m
[0mGET /docs [33m404[0m 0.133 ms - 143[0m
[0mGET /graphql [33m404[0m 0.149 ms - 146[0m
[0mGET /register [33m404[0m 0.122 ms - 147[0m
[0mGET /dnscfg.cgi [33m404[0m 0.120 ms - 149[0m
[0mGET /signup [33m404[0m 0.126 ms - 145[0m
[0mGET /__nextjs_action [33m404[0m 0.137 ms - 154[0m
[0mGET /sendgrid.env [33m404[0m 0.173 ms - 151[0m
[0mGET /test [33m404[0m 0.119 ms - 143[0m
[0mGET /cart [33m404[0m 0.120 ms - 143[0m
[0mGET /oauth/authorize [33m404[0m 0.120 ms - 154[0m
[0mGET /checkout [33m404[0m 0.117 ms - 147[0m
[0mGET /contact [33m404[0m 0.084 ms - 146[0m
[0mGET /api/login [33m404[0m 0.118 ms - 148[0m
[0mGET /api/credentials [33m404[0m 0.117 ms - 154[0m
[0mGET /api/login [33m404[0m 0.120 ms - 148[0m
[0mGET /controlpanel [33m404[0m 0.118 ms - 151[0m
[0mGET /config/stripe.yaml [33m404[0m 0.118 ms - 157[0m
[0mGET /config/secrets.yml [33m404[0m 0.120 ms - 157[0m
[0mGET /stripe.yaml [33m404[0m 0.131 ms - 150[0m
[0mGET /admin.html [33m404[0m 0.143 ms - 149[0m
[0mGET /login [33m404[0m 0.118 ms - 144[0m
[0mGET /stripe/config.json [33m404[0m 0.119 ms - 157[0m
[0mGET /src/config/stripe.ts [33m404[0m 0.119 ms - 159[0m
[0mGET /payment/stripe.json [33m404[0m 0.119 ms - 158[0m
[0mGET /payment_gateways/stripe.yaml [33m404[0m 0.160 ms - 167[0m
[0mGET /stripe/webhook_secret.env [33m404[0m 0.112 ms - 164[0m
[0mGET /public/stripe.js [33m404[0m 0.164 ms - 155[0m
[0mGET /stripe.json [33m404[0m 0.099 ms - 150[0m
[0mGET /stripe.config.js [33m404[0m 0.128 ms - 155[0m
[0mGET /stripe-credentials.json [33m404[0m 0.118 ms - 162[0m
[0mGET /stripe-keys.json [33m404[0m 0.117 ms - 155[0m
[0mGET /config/stripe.json [33m404[0m 0.122 ms - 157[0m
[0mGET /plugins/payments/stripe.json [33m404[0m 0.118 ms - 167[0m
[0mGET /config.json [33m404[0m 0.120 ms - 150[0m
[0mGET /client/stripe.config.js [33m404[0m 0.118 ms - 162[0m
[0mGET /src/config/stripe.js [33m404[0m 0.120 ms - 159[0m
[0mGET /webhooks/incoming/stripe.json [33m404[0m 0.118 ms - 168[0m
[0mGET /stripe.env [33m404[0m 0.118 ms - 149[0m
[0mGET / [32m200[0m 0.341 ms - 974[0m
[0mGET /favicon.ico [33m404[0m 0.118 ms - 150[0m
[0mGET /security.txt [33m404[0m 0.125 ms - 151[0m
[0mPOST /hello.world?%ADd+allow_url_include%3d1+%ADd+auto_prepend_file%3dphp://input [33m404[0m 0.116 ms - 151[0m
[0mPOST /?%ADd+allow_url_include%3d1+%ADd+auto_prepend_file%3dphp://input [33m404[0m 0.154 ms - 140[0m
[0mGET /containers/json [33m404[0m 0.096 ms - 154[0m
[0mGET / [32m200[0m 0.333 ms - 974[0m
[0mGET /owa/auth/x.js [33m404[0m 0.097 ms - 152[0m
[0mGET / [32m200[0m 1.473 ms - 974[0m
[0mGET / [32m200[0m 0.359 ms - 974[0m
[0mGET /robots.txt [33m404[0m 0.095 ms - 149[0m
[0mGET /SDK/webLanguage [33m404[0m 0.095 ms - 154[0m
[0mGET / [32m200[0m 0.325 ms - 974[0m
[0mGET /favicon.ico [33m404[0m 0.096 ms - 150[0m
[0mGET /favicon.ico [33m404[0m 0.095 ms - 150[0m
[0mGET /robots.txt [33m404[0m 0.114 ms - 149[0m
[0mGET /sitemap.xml [33m404[0m 0.046 ms - 150[0m
[0mGET / [32m200[0m 0.397 ms - 974[0m
[0mGET /favicon.ico [33m404[0m 0.116 ms - 150[0m
[0mGET /sitemap.xml [33m404[0m 0.176 ms - 150[0m
[0mGET /robots.txt [33m404[0m 0.046 ms - 149[0m
[0mGET / [32m200[0m 0.373 ms - 974[0m
[0mPOST /hello.world?%ADd+allow_url_include%3d1+%ADd+auto_prepend_file%3dphp://input [33m404[0m 0.130 ms - 151[0m
[0mPOST /?%ADd+allow_url_include%3d1+%ADd+auto_prepend_file%3dphp://input [33m404[0m 0.127 ms - 140[0m
[0mGET /containers/json [33m404[0m 0.094 ms - 154[0m
[0mGET / [32m200[0m 0.363 ms - 974[0m
[0mGET /Dr0v [33m404[0m 0.098 ms - 143[0m
[0mGET / [32m200[0m 0.329 ms - 974[0m
[0mGET /odinhttpcall1773232799 [33m404[0m 0.118 ms - 161[0m
[0mPOST /sdk [33m404[0m 0.080 ms - 143[0m
[0mGET /HNAP1 [33m404[0m 0.112 ms - 144[0m
[0mGET /evox/about [33m404[0m 0.071 ms - 149[0m
[0mGET / [32m200[0m 0.339 ms - 974[0m
[0mGET / [32m200[0m 0.351 ms - 974[0m
[0mGET / [32m200[0m 1.329 ms - 974[0m
[0mGET / [32m200[0m 0.379 ms - 974[0m
[0mGET / [32m200[0m 0.422 ms - 974[0m
[0mGET / [32m200[0m 0.348 ms - 974[0m
[0mGET / [32m200[0m 0.763 ms - 974[0m
[0mGET / [32m200[0m 0.356 ms - 974[0m
[0mGET / [32m200[0m 0.349 ms - 974[0m
[0mGET /pdown [33m404[0m 0.097 ms - 144[0m
[0mGET / [32m200[0m 0.352 ms - 974[0m
[0mGET / [32m200[0m 0.356 ms - 974[0m
[0mGET / [32m200[0m 0.338 ms - 974[0m
[0mGET / [32m200[0m 0.336 ms - 974[0m
[0mGET /owa/auth/logon.aspx [33m404[0m 0.098 ms - 158[0m
[0mGET / [32m200[0m 1.446 ms - 974[0m
[0mGET / [32m200[0m 0.329 ms - 974[0m
[0mGET / [32m200[0m 0.349 ms - 974[0m
[0mPOST /hello.world?%ADd+allow_url_include%3d1+%ADd+auto_prepend_file%3dphp://input [33m404[0m 0.115 ms - 151[0m
[0mPOST /?%ADd+allow_url_include%3d1+%ADd+auto_prepend_file%3dphp://input [33m404[0m 0.131 ms - 140[0m
[0mGET /containers/json [33m404[0m 0.101 ms - 154[0m
[0mGET /solr/admin/info/system [33m404[0m 0.108 ms - 161[0m
[0mGET /query?q=SHOW+DIAGNOSTICS [33m404[0m 0.080 ms - 144[0m
[0mGET /solr/admin/cores?action=STATUS&wt=json [33m404[0m 0.107 ms - 155[0m
[0mGET /dns-query?dns=NIgBAAABAAAAAAAAATEEb2RucwFtCmRuc21lYXN1cmUDdG9wAAABAAE [33m404[0m 0.094 ms - 148[0m
[0mPOST /dns-query [33m404[0m 0.138 ms - 149[0m
[0mGET /dns-query?name=1.odns.m.dnsmeasure.top&type=A [33m404[0m 0.135 ms - 148[0m
[0mGET /dns-query?dns=hisBAAABAAAAAAAAATEEb2RucwFtCmRuc21lYXN1cmUDdG9wAAABAAE [33m404[0m 0.109 ms - 148[0m
[0mPOST /dns-query [33m404[0m 0.137 ms - 149[0m
[0mGET /dns-query?name=1.odns.m.dnsmeasure.top&type=A [33m404[0m 0.121 ms - 148[0m
[0mGET /query?dns=EUgBAAABAAAAAAAAATEEb2RucwFtCmRuc21lYXN1cmUDdG9wAAABAAE [33m404[0m 0.108 ms - 144[0m
[0mPOST /query [33m404[0m 0.133 ms - 145[0m
[0mGET /query?name=1.odns.m.dnsmeasure.top&type=A [33m404[0m 0.114 ms - 144[0m
[0mGET /query?dns=BbgBAAABAAAAAAAAATEEb2RucwFtCmRuc21lYXN1cmUDdG9wAAABAAE [33m404[0m 0.141 ms - 144[0m
[0mPOST /query [33m404[0m 0.132 ms - 145[0m
[0mGET /query?name=1.odns.m.dnsmeasure.top&type=A [33m404[0m 0.146 ms - 144[0m
[0mGET /resolve?dns=A1UBAAABAAAAAAAAATEEb2RucwFtCmRuc21lYXN1cmUDdG9wAAABAAE [33m404[0m 0.106 ms - 146[0m
[0mPOST /resolve [33m404[0m 0.144 ms - 147[0m
[0mGET /resolve?name=1.odns.m.dnsmeasure.top&type=A [33m404[0m 0.136 ms - 146[0m
[0mGET /resolve?dns=kKYBAAABAAAAAAAAATEEb2RucwFtCmRuc21lYXN1cmUDdG9wAAABAAE [33m404[0m 0.108 ms - 146[0m
[0mPOST /resolve [33m404[0m 0.189 ms - 147[0m
[0mGET /resolve?name=1.odns.m.dnsmeasure.top&type=A [33m404[0m 0.105 ms - 146[0m
[0mGET /?dns=e6kBAAABAAAAAAAAATEEb2RucwFtCmRuc21lYXN1cmUDdG9wAAABAAE [32m200[0m 0.391 ms - 974[0m
[0mPOST / [33m404[0m 0.147 ms - 140[0m
[0mGET /?name=1.odns.m.dnsmeasure.top&type=A [32m200[0m 0.367 ms - 974[0m
[0mGET /?dns=Xn4BAAABAAAAAAAAATEEb2RucwFtCmRuc21lYXN1cmUDdG9wAAABAAE [32m200[0m 0.325 ms - 974[0m
[0mPOST / [33m404[0m 0.133 ms - 140[0m
[0mGET /?name=1.odns.m.dnsmeasure.top&type=A [32m200[0m 0.312 ms - 974[0m
[0mGET / [32m200[0m 0.357 ms - 974[0m
[0mGET / [32m200[0m 0.383 ms - 974[0m
[0mGET / [32m200[0m 0.396 ms - 974[0m
[0mGET /robots.txt [33m404[0m 0.114 ms - 149[0m
[0mGET /favicon.ico [33m404[0m 0.095 ms - 150[0m
[0mGET / [32m200[0m 1.165 ms - 974[0m
[0mGET / [32m200[0m 0.357 ms - 974[0m
[0mGET /SDK/webLanguage [33m404[0m 0.095 ms - 154[0m
[0mGET / [32m200[0m 0.346 ms - 974[0m
[0mGET / [32m200[0m 0.378 ms - 974[0m
[0mGET / [32m200[0m 0.504 ms - 974[0m
[0mGET / [32m200[0m 0.324 ms - 974[0m
[0mGET / [32m200[0m 0.343 ms - 974[0m
[0mGET /favicon.ico [33m404[0m 0.121 ms - 150[0m
[0mGET /favicon.ico [33m404[0m 0.112 ms - 150[0m
[0mGET / [32m200[0m 0.895 ms - 974[0m
[0mGET / [32m200[0m 0.361 ms - 974[0m
[0mGET / [32m200[0m 0.318 ms - 974[0m
[0mGET / [32m200[0m 0.636 ms - 974[0m
[0mGET /favicon.ico [33m404[0m 0.110 ms - 150[0m
[0mGET /sitemap.xml [33m404[0m 0.097 ms - 150[0m
[0mGET / [32m200[0m 0.425 ms - 974[0m
[0mGET /robots.txt [33m404[0m 0.175 ms - 149[0m
[0mGET / [32m200[0m 0.325 ms - 974[0m
[0mGET / [32m200[0m 0.362 ms - 974[0m
[0mGET /robots.txt [33m404[0m 0.098 ms - 149[0m
[0mGET / [32m200[0m 1.817 ms - 974[0m
[0mGET /ecp/Current/exporttool/microsoft.exchange.ediscovery.exporttool.application [33m404[0m 0.100 ms - 214[0m
[0mGET / [32m200[0m 0.530 ms - 974[0m
[0mGET / [32m200[0m 0.483 ms - 974[0m
[0mGET / [32m200[0m 0.340 ms - 974[0m
[0mGET / [32m200[0m 0.343 ms - 974[0m
[0mGET / [32m200[0m 0.339 ms - 974[0m
[0mGET / [32m200[0m 0.406 ms - 974[0m
[32m[nodemon] restarting due to changes...[39m
[32m[nodemon] starting `node ./index.js localhost 3000`[39m
Server running at http://nodejs_2526-cs7025-group1:3000/
Table 'test_table' is ready.
Inserted row with id: 1n
Table contents:
┌─────────┬────┬────────────┬──────────────────────────┐
│ (index) │ id │ name       │ created_at               │
├─────────┼────┼────────────┼──────────────────────────┤
│ 0       │ 1  │ 'John Doe' │ 2026-03-12T09:51:29.000Z │
└─────────┴────┴────────────┴──────────────────────────┘
[0mGET /favicon.ico [33m404[0m 2.013 ms - 150[0m
[32m[nodemon] restarting due to changes...[39m
[32m[nodemon] starting `node ./index.js localhost 3000`[39m
Server running at http://nodejs_2526-cs7025-group1:3000/
Table 'test_table' is ready.
Inserted row with id: 2n
Table contents:
┌─────────┬────┬────────────┬──────────────────────────┐
│ (index) │ id │ name       │ created_at               │
├─────────┼────┼────────────┼──────────────────────────┤
│ 0       │ 1  │ 'John Doe' │ 2026-03-12T09:51:29.000Z │
│ 1       │ 2  │ 'John Doe' │ 2026-03-12T09:53:03.000Z │
└─────────┴────┴────────────┴──────────────────────────┘
[0mGET /Dr0v [33m404[0m 2.134 ms - 143[0m
[0mGET / [32m200[0m 7.488 ms - 974[0m
[0mGET / [32m200[0m 0.617 ms - 974[0m
[0mGET /favicon.ico [33m404[0m 0.243 ms - 150[0m
[0mGET /security.txt [33m404[0m 0.207 ms - 151[0m
[0mGET / [32m200[0m 1.738 ms - 974[0m
[0mGET / [32m200[0m 0.528 ms - 974[0m
[0mGET / [32m200[0m 0.677 ms - 974[0m
[0mGET / [32m200[0m 1.228 ms - 974[0m
[0mGET / [32m200[0m 0.785 ms - 974[0m
[0mGET / [32m200[0m 0.418 ms - 974[0m
[0mGET /developmentserver/metadatauploader [33m404[0m 0.408 ms - 173[0m
[0mGET / [32m200[0m 0.849 ms - 974[0m
[0mGET / [32m200[0m 0.806 ms - 974[0m
[0mPOST /hello.world?%ADd+allow_url_include%3d1+%ADd+auto_prepend_file%3dphp://input [33m404[0m 0.630 ms - 151[0m
[0mPOST /?%ADd+allow_url_include%3d1+%ADd+auto_prepend_file%3dphp://input [33m404[0m 0.200 ms - 140[0m
[0mGET /containers/json [33m404[0m 0.224 ms - 154[0m
[0mGET / [32m200[0m 0.468 ms - 974[0m
[0mGET / [32m200[0m 0.369 ms - 974[0m
[0mGET / [32m200[0m 0.389 ms - 974[0m
[0mGET / [32m200[0m 1.739 ms - 974[0m
[0mGET /favicon.ico [33m404[0m 0.303 ms - 150[0m
[0mGET / [32m200[0m 0.641 ms - 974[0m
[0mGET / [32m200[0m 0.625 ms - 974[0m
[0mGET / [32m200[0m 0.661 ms - 974[0m
[0mGET /favicon.ico [33m404[0m 0.281 ms - 150[0m
[0mGET / [32m200[0m 0.612 ms - 974[0m
[0mGET /favicon.ico [33m404[0m 0.274 ms - 150[0m
[0mGET / [32m200[0m 0.668 ms - 974[0m
[0mGET /robots.txt [33m404[0m 0.195 ms - 149[0m
[0mGET / [32m200[0m 0.457 ms - 974[0m
[0mGET / [32m200[0m 0.712 ms - 974[0m
[0mGET /actuator/health [33m404[0m 0.292 ms - 154[0m
[0mGET / [32m200[0m 0.550 ms - 974[0m
[0mGET / [32m200[0m 0.681 ms - 974[0m
[0mGET / [32m200[0m 0.518 ms - 974[0m
[0mGET /SDK/webLanguage [33m404[0m 0.168 ms - 154[0m
[0mGET / [32m200[0m 8.156 ms - 974[0m
[0mGET /favicon.ico [33m404[0m 0.169 ms - 150[0m
[0mGET / [32m200[0m 0.355 ms - 974[0m
[0mGET /autodiscover/autodiscover.json?@zdi/Powershell [33m404[0m 0.125 ms - 169[0m
[0mGET / [32m200[0m 0.676 ms - 974[0m
[0mGET / [32m200[0m 0.364 ms - 974[0m
[0mGET / [32m200[0m 0.734 ms - 974[0m
[0mGET / [32m200[0m 0.401 ms - 974[0m
[0mGET /owa/auth/logon.aspx [33m404[0m 0.267 ms - 158[0m
[0mGET / [32m200[0m 0.956 ms - 974[0m
[0mGET / [32m200[0m 0.700 ms - 974[0m
[0mGET / [32m200[0m 0.767 ms - 974[0m
[0mGET / [32m200[0m 0.737 ms - 974[0m
[0mGET / [32m200[0m 0.701 ms - 974[0m
[0mGET / [32m200[0m 10.382 ms - 974[0m
[0mGET / [32m200[0m 0.723 ms - 974[0m
[0mGET / [32m200[0m 0.670 ms - 974[0m
[0mGET /config.json [33m404[0m 0.260 ms - 150[0m
[0mGET / [32m200[0m 0.645 ms - 974[0m
[0mHEAD / [32m200[0m 0.548 ms - 974[0m
[0mGET / [32m200[0m 0.614 ms - 974[0m
[0mGET / [32m200[0m 0.685 ms - 974[0m
[0mGET / [32m200[0m 0.393 ms - 974[0m
[0mGET /favicon.ico [33m404[0m 0.215 ms - 150[0m
[0mGET /actuator/health [33m404[0m 0.270 ms - 154[0m
[0mGET /Dr0v [33m404[0m 0.239 ms - 143[0m
[0mGET / [32m200[0m 0.553 ms - 974[0m
[0mGET / [32m200[0m 0.483 ms - 974[0m
[0mGET / [32m200[0m 0.666 ms - 974[0m
[0mGET / [32m200[0m 0.372 ms - 974[0m
[0mGET /odinhttpcall1773403663 [33m404[0m 0.164 ms - 161[0m
[0mPOST /sdk [33m404[0m 0.117 ms - 143[0m
[0mGET /HNAP1 [33m404[0m 0.141 ms - 144[0m
[0mGET /evox/about [33m404[0m 0.103 ms - 149[0m
[0mGET / [32m200[0m 0.381 ms - 974[0m
[0mGET / [32m200[0m 0.414 ms - 974[0m
[0mPOST / [33m404[0m 0.191 ms - 140[0m
[0mGET / [32m200[0m 0.426 ms - 974[0m
[0mGET / [32m200[0m 0.406 ms - 974[0m
[0mGET /favicon.ico [33m404[0m 0.186 ms - 150[0m
[0mGET / [32m200[0m 15.660 ms - 974[0m
[0mGET /favicon.ico [33m404[0m 0.234 ms - 150[0m
[0mGET /sitemap.xml [33m404[0m 0.327 ms - 150[0m
[0mGET /fiori [33m404[0m 0.175 ms - 144[0m
[0mGET /irj/portal/fiori [33m404[0m 0.301 ms - 155[0m
[0mGET / [32m200[0m 1.594 ms - 974[0m
[0mGET /favicon.ico [33m404[0m 0.275 ms - 150[0m
[0mGET /favicon.ico [33m404[0m 0.111 ms - 150[0m
[0mGET / [32m200[0m 0.340 ms - 974[0m
[0mGET /robots.txt [33m404[0m 0.116 ms - 149[0m
[0mGET / [32m200[0m 0.398 ms - 974[0m
[0mGET / [32m200[0m 0.416 ms - 974[0m
[0mPOST /hello.world?%ADd+allow_url_include%3d1+%ADd+auto_prepend_file%3dphp://input [33m404[0m 0.239 ms - 151[0m
[0mPOST /?%ADd+allow_url_include%3d1+%ADd+auto_prepend_file%3dphp://input [33m404[0m 0.288 ms - 140[0m
[0mGET /containers/json [33m404[0m 0.138 ms - 154[0m
[0mGET / [32m200[0m 0.573 ms - 974[0m
[0mGET /favicon.ico [33m404[0m 0.151 ms - 150[0m
[0mGET / [32m200[0m 0.809 ms - 974[0m
[0mGET /version [33m404[0m 0.156 ms - 146[0m
[0mGET / [32m200[0m 0.492 ms - 974[0m
[0mGET / [32m200[0m 0.798 ms - 974[0m
[0mGET / [32m200[0m 0.567 ms - 974[0m
[0mGET /favicon.ico [33m404[0m 0.211 ms - 150[0m
[0mGET / [32m200[0m 0.714 ms - 974[0m
[0mGET / [32m200[0m 0.638 ms - 974[0m
[0mGET / [32m200[0m 0.655 ms - 974[0m
[0mGET /RDWeb/ [33m404[0m 0.333 ms - 145[0m
[0mGET / [32m200[0m 13.473 ms - 974[0m
[0mGET / [32m200[0m 0.633 ms - 974[0m
[0mGET / [32m200[0m 0.347 ms - 974[0m
[0mGET / [32m200[0m 0.663 ms - 974[0m
[0mGET / [32m200[0m 0.708 ms - 974[0m
[0mGET /solr/admin/info/system [33m404[0m 0.170 ms - 161[0m
[0mGET /query?q=SHOW+DIAGNOSTICS [33m404[0m 0.096 ms - 144[0m
[0mGET /cgi-bin/authLogin.cgi [33m404[0m 0.749 ms - 160[0m
[0mGET /v2/_catalog [33m404[0m 0.060 ms - 150[0m
[0mGET / [32m200[0m 0.413 ms - 974[0m
[0mGET /solr/admin/cores?action=STATUS&wt=json [33m404[0m 0.242 ms - 155[0m
[0mGET / [32m200[0m 0.351 ms - 974[0m
[0mGET /favicon.ico [33m404[0m 0.162 ms - 150[0m
[0mGET / [32m200[0m 0.700 ms - 974[0m
[0mGET /favicon.ico [33m404[0m 0.190 ms - 150[0m
[0mGET /wiki [33m404[0m 0.109 ms - 143[0m
[0mGET / [32m200[0m 0.677 ms - 974[0m
[0mGET / [32m200[0m 0.389 ms - 974[0m
[0mGET / [32m200[0m 0.341 ms - 974[0m
[0mGET /query?q=SHOW+DIAGNOSTICS [33m404[0m 0.139 ms - 144[0m
[0mGET /cgi-bin/authLogin.cgi [33m404[0m 0.075 ms - 160[0m
[0mGET /v2/_catalog [33m404[0m 0.064 ms - 150[0m
[0mGET /solr/admin/info/system [33m404[0m 0.057 ms - 161[0m
[0mGET / [32m200[0m 0.349 ms - 974[0m
[0mGET /solr/admin/cores?action=STATUS&wt=json [33m404[0m 0.152 ms - 155[0m
[0mGET / [32m200[0m 0.395 ms - 974[0m
[0mGET /favicon.ico [33m404[0m 0.111 ms - 150[0m
[0mPOST /hello.world?%ADd+allow_url_include%3d1+%ADd+auto_prepend_file%3dphp://input [33m404[0m 0.281 ms - 151[0m
[0mPOST /?%ADd+allow_url_include%3d1+%ADd+auto_prepend_file%3dphp://input [33m404[0m 0.162 ms - 140[0m
[0mGET /containers/json [33m404[0m 0.156 ms - 154[0m
[0mGET / [32m200[0m 0.666 ms - 974[0m
[0mGET / [32m200[0m 0.352 ms - 974[0m
[0mGET /RDWeb/ [33m404[0m 0.276 ms - 145[0m
[0mGET /remote/login?lang=en [33m404[0m 0.175 ms - 151[0m
[0mGET / [32m200[0m 14.326 ms - 974[0m
[0mGET /owa/auth/logon.aspx [33m404[0m 0.122 ms - 158[0m
[0mGET / [32m200[0m 0.368 ms - 974[0m
[0mGET /favicon.ico [33m404[0m 0.148 ms - 150[0m
[0mGET / [32m200[0m 0.321 ms - 974[0m
[0mGET /dns-query?dns=iMcBAAABAAAAAAAABmdvb2dsZQNjb20AAAEAAQ [33m404[0m 0.106 ms - 148[0m
[0mPOST /dns-query [33m404[0m 0.301 ms - 149[0m
[0mGET / [32m200[0m 0.585 ms - 974[0m
[0mGET / [32m200[0m 0.387 ms - 974[0m
[0mGET / [32m200[0m 0.404 ms - 974[0m
[0mGET / [32m200[0m 0.396 ms - 974[0m
[0mGET /developmentserver/metadatauploader [33m404[0m 0.126 ms - 173[0m
[0mGET / [32m200[0m 0.436 ms - 974[0m
[0mGET / [32m200[0m 9.532 ms - 974[0m
[0mGET /aaa9 [33m404[0m 0.104 ms - 143[0m
[0mGET /aab9 [33m404[0m 0.099 ms - 143[0m
[0mGET /aaa9 [33m404[0m 0.097 ms - 143[0m
[0mGET /aab9 [33m404[0m 0.117 ms - 143[0m
[0mGET / [32m200[0m 0.356 ms - 974[0m
[0mGET /SDK/webLanguage [33m404[0m 0.099 ms - 154[0m
[0mGET / [32m200[0m 0.366 ms - 974[0m
[0mGET / [32m200[0m 0.376 ms - 974[0m
[0mGET /favicon.ico [33m404[0m 0.134 ms - 150[0m
[0mGET /robots.txt [33m404[0m 0.128 ms - 149[0m
[0mGET /robots.txt [33m404[0m 0.116 ms - 149[0m
[0mGET / [32m200[0m 0.377 ms - 974[0m
[0mGET /favicon.ico [33m404[0m 0.138 ms - 150[0m
[0mGET /robots.txt [33m404[0m 0.114 ms - 149[0m
[0mGET / [32m200[0m 0.768 ms - 974[0m
[0mGET / [32m200[0m 0.413 ms - 974[0m
[0mGET / [32m200[0m 0.413 ms - 974[0m
[0mGET / [32m200[0m 0.411 ms - 974[0m
[0mGET /favicon.ico [33m404[0m 0.149 ms - 150[0m
[0mGET /Dr0v [33m404[0m 0.108 ms - 143[0m
[0mGET / [32m200[0m 13.321 ms - 974[0m
[0mGET / [32m200[0m 0.372 ms - 974[0m
[0mGET / [32m200[0m 0.378 ms - 974[0m
[0mGET / [32m200[0m 0.564 ms - 974[0m
[0mGET / [32m200[0m 0.557 ms - 974[0m
[0mGET / [32m200[0m 0.367 ms - 974[0m
[0mGET / [32m200[0m 0.425 ms - 974[0m
[0mGET /owa/auth/x.js [33m404[0m 0.101 ms - 152[0m
[0mGET / [32m200[0m 0.335 ms - 974[0m
[0mGET /SDK/webLanguage [33m404[0m 0.116 ms - 154[0m
[0mGET / [32m200[0m 0.383 ms - 974[0m
[0mGET / [32m200[0m 0.408 ms - 974[0m
[0mGET / [32m200[0m 13.699 ms - 974[0m
[0mGET /favicon.ico [33m404[0m 0.335 ms - 150[0m
[0mGET / [32m200[0m 0.344 ms - 974[0m
[0mGET /favicon.ico [33m404[0m 0.122 ms - 150[0m
[0mGET /favicon.ico [33m404[0m 0.100 ms - 150[0m
[0mGET / [32m200[0m 0.452 ms - 974[0m
[0mGET /robots.txt [33m404[0m 0.135 ms - 149[0m
[0mGET / [32m200[0m 0.641 ms - 974[0m
[0mGET / [32m200[0m 0.458 ms - 974[0m
[0mGET / [32m200[0m 0.326 ms - 974[0m
[0mGET / [32m200[0m 0.343 ms - 974[0m
[0mGET /remote/info [33m404[0m 0.098 ms - 150[0m
[0mGET /admin/assets/js/views/login.js [33m404[0m 0.100 ms - 169[0m
[0mGET /owa/auth/logon.aspx [33m404[0m 0.106 ms - 158[0m
[0mGET / [32m200[0m 11.181 ms - 974[0m
[0mGET / [32m200[0m 0.357 ms - 974[0m
[0mGET / [32m200[0m 0.356 ms - 974[0m
[0mGET / [32m200[0m 0.477 ms - 974[0m
[0mGET / [32m200[0m 0.332 ms - 974[0m
[0mGET / [32m200[0m 0.314 ms - 974[0m
[0mGET /sslvpn_logon.shtml [33m404[0m 0.101 ms - 157[0m
[0mGET /vpn [33m404[0m 0.115 ms - 142[0m
[0mGET /global-protect/login.esp [33m404[0m 0.104 ms - 163[0m
[0mGET /+CSCOE+/logon.html [33m404[0m 0.102 ms - 157[0m
[0mGET / [32m200[0m 11.612 ms - 974[0m
[0mGET /autodiscover/autodiscover.json?@zdi/Powershell [33m404[0m 0.094 ms - 169[0m
[0mGET / [32m200[0m 0.365 ms - 974[0m
[0mGET / [32m200[0m 0.312 ms - 974[0m
[0mGET / [32m200[0m 0.327 ms - 974[0m
[0mGET /favicon.ico [33m404[0m 0.114 ms - 150[0m
[0mGET /ecp/Current/exporttool/microsoft.exchange.ediscovery.exporttool.application [33m404[0m 0.139 ms - 214[0m
[0mGET / [32m200[0m 0.346 ms - 974[0m
[0mGET /favicon.ico [33m404[0m 0.101 ms - 150[0m
[0mGET / [32m200[0m 0.362 ms - 974[0m
[0mGET / [32m200[0m 0.380 ms - 974[0m
[0mGET /manage/account/login [33m404[0m 0.120 ms - 159[0m
[0mGET / [32m200[0m 0.496 ms - 974[0m
[0mGET / [32m200[0m 0.510 ms - 974[0m
[0mGET /favicon.ico [33m404[0m 0.174 ms - 150[0m
[0mPOST /hello.world?%ADd+allow_url_include%3d1+%ADd+auto_prepend_file%3dphp://input [33m404[0m 0.139 ms - 151[0m
[0mPOST /?%ADd+allow_url_include%3d1+%ADd+auto_prepend_file%3dphp://input [33m404[0m 0.113 ms - 140[0m
[0mGET /containers/json [33m404[0m 0.182 ms - 154[0m
[0mGET / [32m200[0m 0.367 ms - 974[0m
[0mGET / [32m200[0m 0.330 ms - 974[0m
[0mGET /favicon.ico [33m404[0m 0.118 ms - 150[0m
[0mGET /security.txt [33m404[0m 0.098 ms - 151[0m
[0mGET / [32m200[0m 0.376 ms - 974[0m
[0mPROPFIND / [33m404[0m 0.104 ms - 144[0m
[0mGET / [32m200[0m 0.379 ms - 974[0m
[0mGET /SDK/webLanguage [33m404[0m 0.101 ms - 154[0m
[0mGET / [32m200[0m 0.365 ms - 974[0m
[0mGET /remote/login [33m404[0m 0.102 ms - 151[0m
[0mGET /login?redir= [33m404[0m 0.164 ms - 144[0m
[0mGET /Dr0v [33m404[0m 0.100 ms - 143[0m
[0mGET /api/sonicos/is-sslvpn-enabled [33m404[0m 0.099 ms - 168[0m
[0mGET / [32m200[0m 0.361 ms - 974[0m
[0mGET / [32m200[0m 0.419 ms - 974[0m
[0mGET / [32m200[0m 0.333 ms - 974[0m
[0mPROPFIND / [33m404[0m 0.099 ms - 144[0m
[0mGET /pdown [33m404[0m 0.119 ms - 144[0m
[0mGET /developmentserver/metadatauploader [33m404[0m 0.099 ms - 173[0m
[0mGET / [32m200[0m 10.833 ms - 974[0m
[0mGET / [32m200[0m 0.324 ms - 974[0m
[0mGET / [32m200[0m 0.382 ms - 974[0m
[0mGET / [32m200[0m 0.325 ms - 974[0m
[0mGET / [32m200[0m 0.325 ms - 974[0m
[0mGET /RDWeb [33m404[0m 0.105 ms - 144[0m
[0mGET / [32m200[0m 0.343 ms - 974[0m
[0mGET / [32m200[0m 0.342 ms - 974[0m
[0mGET /SDK/webLanguage [33m404[0m 0.098 ms - 154[0m
[0mGET / [32m200[0m 0.336 ms - 974[0m
[0mGET / [32m200[0m 0.438 ms - 974[0m
[0mGET /+CSCOE+/logon.html [33m404[0m 0.103 ms - 157[0m
[0mGET / [32m200[0m 7.973 ms - 974[0m
[0mGET / [32m200[0m 0.323 ms - 974[0m
[0mGET /favicon.ico [33m404[0m 0.101 ms - 150[0m
[0mGET / [32m200[0m 0.324 ms - 974[0m
[0mGET /robots.txt [33m404[0m 0.118 ms - 149[0m
[0mGET / [32m200[0m 0.353 ms - 974[0m
[0mGET / [32m200[0m 0.310 ms - 974[0m
[0mGET / [32m200[0m 0.327 ms - 974[0m
[0mGET / [32m200[0m 9.317 ms - 974[0m
[0mGET / [32m200[0m 0.355 ms - 974[0m
[0mGET / [32m200[0m 0.324 ms - 974[0m
[0mGET / [32m200[0m 0.329 ms - 974[0m
[0mPOST /hello.world?%ADd+allow_url_include%3d1+%ADd+auto_prepend_file%3dphp://input [33m404[0m 0.110 ms - 151[0m
[0mPOST /?%ADd+allow_url_include%3d1+%ADd+auto_prepend_file%3dphp://input [33m404[0m 0.151 ms - 140[0m
[0mGET /containers/json [33m404[0m 0.122 ms - 154[0m
[0mGET /owa/auth/logon.aspx [33m404[0m 0.097 ms - 158[0m
[0mGET / [32m200[0m 0.483 ms - 974[0m
[0mGET /favicon.ico [33m404[0m 0.164 ms - 150[0m
[0mGET / [32m200[0m 0.323 ms - 974[0m
[0mGET / [32m200[0m 0.319 ms - 974[0m
[0mGET /webui [33m404[0m 0.118 ms - 144[0m
[0mGET /nmaplowercheck1773635116 [33m404[0m 0.047 ms - 163[0m
[0mGET / [32m200[0m 0.336 ms - 974[0m
[0mGET /menu.shtml [33m404[0m 0.080 ms - 149[0m
[0mGET /rest/applinks/1.0/manifest [33m404[0m 0.049 ms - 165[0m
[0mGET /HNAP1 [33m404[0m 0.111 ms - 144[0m
[0mGET / [32m200[0m 0.336 ms - 974[0m
[0mGET /confluence/rest/applinks/1.0/manifest [33m404[0m 0.187 ms - 176[0m
[0mGET /evox/about [33m404[0m 0.049 ms - 149[0m
[0mGET /index.jsp [33m404[0m 0.092 ms - 148[0m
[0mGET /favicon.ico [33m404[0m 0.195 ms - 150[0m
[0mGET /dniapi/userInfos [33m404[0m 0.055 ms - 155[0m
[0mGET /webui [33m404[0m 0.049 ms - 144[0m
[0mGET /api/v2/about [33m404[0m 0.084 ms - 151[0m
[0mGET /+CSCOE+/logon.html [33m404[0m 0.118 ms - 157[0m
[0mGET /dana-na/nc/nc_gina_ver.txt [33m404[0m 0.116 ms - 165[0m
[0mGET /owa/ [33m404[0m 0.055 ms - 143[0m
[0mGET /user [33m404[0m 0.074 ms - 143[0m
[0mGET /index.pl [33m404[0m 0.116 ms - 147[0m
[0mGET /geoserver/web/wicket/bookmarkable/org.geoserver.web.AboutGeoServerPage [33m404[0m 0.168 ms - 209[0m
[0mGET /Account/Login [33m404[0m 0.048 ms - 152[0m
[0mGET /geoserver/ [33m404[0m 0.137 ms - 149[0m
[0mGET /owa/ [33m404[0m 0.115 ms - 143[0m
[0mGET /magento_version [33m404[0m 0.118 ms - 154[0m
[0mGET /xml/info.xml [33m404[0m 0.073 ms - 151[0m
[0mGET /cgi-bin/info.cgi [33m404[0m 0.151 ms - 155[0m
[0mGET /base.aspx [33m404[0m 0.047 ms - 148[0m
[0mGET /dashboard/ [33m404[0m 0.044 ms - 149[0m
[0mGET /cgi-mod/header_logo.cgi?size=big [33m404[0m 0.106 ms - 162[0m
[0mGET /CFIDE/componentutils/ [33m404[0m 0.060 ms - 160[0m
[0mGET /helpdesk/WebObjects/Helpdesk.woa [33m404[0m 0.120 ms - 171[0m
[0mGET /apps/zxtm/login.cgi [33m404[0m 0.120 ms - 158[0m
[0mGET /cluster/list.query [33m404[0m 0.043 ms - 157[0m
[0mGET /webui/index.html [33m404[0m 0.120 ms - 155[0m
[0mGET /index.asp [33m404[0m 0.123 ms - 148[0m
[0mGET /ise/img/rm-logo_small.png [33m404[0m 0.103 ms - 164[0m
[0mGET /api/v1/check-version [33m404[0m 0.049 ms - 159[0m
[0mGET /human.aspx?arg12=infotech [33m404[0m 0.045 ms - 149[0m
[0mGET /login.html [33m404[0m 0.113 ms - 149[0m
[0mGET /robots.txt [33m404[0m 0.054 ms - 149[0m
[0mGET / [32m200[0m 0.393 ms - 974[0m
[0mGET /webui [33m404[0m 0.066 ms - 144[0m
[0mGET /versa/login [33m404[0m 0.041 ms - 150[0m
[0mGET /language/en-GB/en-GB.xml [33m404[0m 0.199 ms - 163[0m
[0mGET /images/logo.png [33m404[0m 0.050 ms - 154[0m
[0mGET /portal/ [33m404[0m 0.116 ms - 146[0m
[0mGET /api/version [33m404[0m 0.124 ms - 150[0m
[0mGET /api/server/version [33m404[0m 0.050 ms - 157[0m
[0mGET /main.cgi [33m404[0m 0.060 ms - 147[0m
[0mGET /info.asp [33m404[0m 0.094 ms - 147[0m
[0mGET /cgi-bin/param.cgi?get_device_conf [33m404[0m 0.100 ms - 156[0m
[0mGET /p/login/ [33m404[0m 0.119 ms - 147[0m
[0mGET /status [33m404[0m 0.128 ms - 145[0m
[0mGET /phoenix/favicon.ico [33m404[0m 0.048 ms - 158[0m
[0mGET /administrator/manifests/files/joomla.xml [33m404[0m 0.111 ms - 179[0m
[0mGET /main.pl [33m404[0m 0.060 ms - 146[0m
[0mGET / [32m200[0m 0.341 ms - 974[0m
[0mGET /lms/db [33m404[0m 0.120 ms - 145[0m
[0mGET /ext-js/app/common/zld_product_spec.js [33m404[0m 0.137 ms - 176[0m
[0mGET /versions [33m404[0m 0.138 ms - 147[0m
[0mGET /geoserver/index.html [33m404[0m 0.125 ms - 159[0m
[0mGET /allversions [33m404[0m 0.116 ms - 150[0m
[0mGET /assets/png/favicon-abe32304.png [33m404[0m 0.116 ms - 170[0m
[0mGET /readme.txt [33m404[0m 0.050 ms - 149[0m
[0mGET /login/login.html [33m404[0m 0.041 ms - 155[0m
[0mGET /api/vip/i18n/api/v2/translation/products/vRNIUI/versions/1 [33m404[0m 0.117 ms - 197[0m
[0mGET /officescan/console/html/localization.js [33m404[0m 0.117 ms - 178[0m
[0mGET /officescan/console/cgi/cgiChkMasterPwd.exe [33m404[0m 0.046 ms - 181[0m
[0mGET /IPCamDesc.xml [33m404[0m 0.049 ms - 152[0m
[0mGET /login.aspx [33m404[0m 0.377 ms - 149[0m
[0mGET /WebApp/js/UI_String.js [33m404[0m 0.117 ms - 161[0m
[0mGET /App_Themes/Default/Images/favicon.ico [33m404[0m 0.079 ms - 176[0m
[0mGET /owa/ [33m404[0m 0.160 ms - 143[0m
[0mGET /cslu/v1/core/conf [33m404[0m 0.113 ms - 156[0m
[0mGET /api/v1.0/environment [33m404[0m 0.042 ms - 159[0m
[0mGET /kylin/ [33m404[0m 0.116 ms - 145[0m
[0mGET /images/logo.gif [33m404[0m 0.086 ms - 154[0m
[0mGET /admin.pl [33m404[0m 0.056 ms - 147[0m
[0mGET /c/login [33m404[0m 0.103 ms - 146[0m
[0mGET /admin/reports/status [33m404[0m 0.116 ms - 159[0m
[0mGET /config [33m404[0m 0.056 ms - 145[0m
[0mGET /admin/reports/updates [33m404[0m 0.058 ms - 160[0m
[0mGET /javascript/validation/OEM.js [33m404[0m 0.055 ms - 167[0m
[0mGET /build.gradle [33m404[0m 0.126 ms - 151[0m
[0mGET /webportal.cgi [33m404[0m 0.052 ms - 152[0m
[0mGET /assets/img/favicon.ico [33m404[0m 0.060 ms - 161[0m
[0mGET /pom.xml [33m404[0m 0.116 ms - 146[0m
[0mGET /owa/ [33m404[0m 0.045 ms - 143[0m
[0mGET /pandora_console/ [33m404[0m 0.148 ms - 155[0m
[0mGET /css/elfinder.min.css [33m404[0m 0.049 ms - 159[0m
[0mGET /css/eonweb.css [33m404[0m 0.048 ms - 153[0m
[0mGET /centreon/api/latest/platform/versions [33m404[0m 0.072 ms - 176[0m
[0mGET /home.cgi [33m404[0m 0.129 ms - 147[0m
[0mGET /themes/admin/default/build/assets/favicon-19fbef86.svg [33m404[0m 0.103 ms - 193[0m
[0mGET /cgi-bin/authLogin.cgi [33m404[0m 0.131 ms - 160[0m
[0mGET /CHANGELOG.txt [33m404[0m 0.061 ms - 152[0m
[0mGET /geoserver/web/ [33m404[0m 0.118 ms - 153[0m
[0mGET /am_bin/amlogin [33m404[0m 0.188 ms - 153[0m
[0mGET /admin.jsp [33m404[0m 0.354 ms - 148[0m
[0mGET /workplace/home.action [33m404[0m 0.049 ms - 160[0m
[0mGET /api/v3/meta [33m404[0m 0.048 ms - 150[0m
[0mGET /dashboard/favicon.ico [33m404[0m 0.114 ms - 160[0m
[0mGET /app/ui/login.jsp [33m404[0m 0.119 ms - 155[0m
[0mGET /system/version/current [33m404[0m 0.075 ms - 161[0m
[0mGET /hx/api/about [33m404[0m 0.039 ms - 151[0m
[0mGET /i18n/component/JS [33m404[0m 0.071 ms - 156[0m
[0mGET /api/v1/version [33m404[0m 0.234 ms - 153[0m
[0mGET /admin.jsa [33m404[0m 0.091 ms - 148[0m
[0mGET /kubepi/fav.png [33m404[0m 0.108 ms - 153[0m
[0mGET /login/?next=/ [33m404[0m 0.105 ms - 145[0m
[0mGET /plugin/webs_model_cfg.js [33m404[0m 0.061 ms - 163[0m
[0mGET /MagicInfo/config.js [33m404[0m 0.047 ms - 158[0m
[0mGET /cgi-bin/luci [33m404[0m 0.116 ms - 151[0m
[0mGET /Main_Login.asp [33m404[0m 0.526 ms - 153[0m
[0mGET /default.jsa [33m404[0m 0.044 ms - 150[0m
[0mGET /json/login_session [33m404[0m 0.059 ms - 157[0m
[0mGET /public/static/favicon.png [33m404[0m 0.044 ms - 164[0m
[0mGET /rs/application-about [33m404[0m 0.062 ms - 159[0m
[0mGET /metrics [33m404[0m 0.114 ms - 146[0m
[0mGET /nidp/app/login [33m404[0m 0.068 ms - 153[0m
[0mGET /about [33m404[0m 0.118 ms - 144[0m
[0mGET /index.html [33m404[0m 0.046 ms - 149[0m
[0mGET /start.cgi [33m404[0m 0.120 ms - 148[0m
[0mGET /login [33m404[0m 0.046 ms - 144[0m
[0mGET /ui/login.action [33m404[0m 0.050 ms - 154[0m
[0mGET /main/main.html [33m404[0m 0.053 ms - 153[0m
[0mGET /api/v2/hoverfly/version [33m404[0m 0.117 ms - 162[0m
[0mGET /core/auth/login/ [33m404[0m 0.360 ms - 155[0m
[0mGET /api/v1/info [33m404[0m 0.047 ms - 150[0m
[0mGET /api/status [33m404[0m 0.117 ms - 149[0m
[0mGET /localstart.jhtml [33m404[0m 0.062 ms - 155[0m
[0mGET /config_dump [33m404[0m 0.117 ms - 150[0m
[0mGET /~login [33m404[0m 0.045 ms - 145[0m
[0mGET /AppsHome.do [33m404[0m 0.363 ms - 150[0m
[0mGET /system/gwinfo [33m404[0m 0.073 ms - 152[0m
[0mGET /home.jsp [33m404[0m 0.041 ms - 147[0m
[0mGET /openapi.json [33m404[0m 0.051 ms - 151[0m
[0mGET /index.do [33m404[0m 0.105 ms - 147[0m
[0mGET /jtcgi/wte.pyc [33m404[0m 0.193 ms - 152[0m
[0mGET /nifi-api/flow/about [33m404[0m 0.051 ms - 158[0m
[0mGET /decisioncenter-api/v1/about [33m404[0m 0.152 ms - 166[0m
[0mGET /nifi/ [33m404[0m 0.118 ms - 144[0m
[0mGET /index.lua [33m404[0m 0.040 ms - 148[0m
[0mGET /admin.html [33m404[0m 0.107 ms - 149[0m
[0mGET /monitor/index.php/auth/login [33m404[0m 0.120 ms - 167[0m
[0mGET /info.htm [33m404[0m 0.059 ms - 147[0m
[0mGET /v2 [33m404[0m 1.681 ms - 141[0m
[0mGET /wp-content/plugins/post-smtp/readme.txt [33m404[0m 0.053 ms - 178[0m
[0mGET /api-description [33m404[0m 0.043 ms - 154[0m
[0mGET /sys/en/neoclassic/login/login [33m404[0m 0.037 ms - 168[0m
[0mGET /cgi-bin/meteobridge.cgi [33m404[0m 0.061 ms - 162[0m
[0mGET /management/v1/cluster/state [33m404[0m 0.120 ms - 166[0m
[0mGET /sap/bc/ui2/flp [33m404[0m 0.148 ms - 153[0m
[0mGET /ignite?cmd=version [33m404[0m 0.106 ms - 145[0m
[0mGET /default.pl [33m404[0m 0.155 ms - 149[0m
[0mGET /api/v1/cluster/summary [33m404[0m 0.125 ms - 161[0m
[0mGET /api/v2.0/systeminfo [33m404[0m 0.049 ms - 158[0m
[0mGET /nmc/rss/server [33m404[0m 0.112 ms - 153[0m
[0mGET /help/en_US/Content/utm/utmAdminGuide/WebAdmin.htm [33m404[0m 0.163 ms - 188[0m
[0mGET /cgi-bin/getagent.cgi?type=s [33m404[0m 0.056 ms - 159[0m
[0mGET /api/system/status [33m404[0m 0.071 ms - 156[0m
[0mGET /ScadaBR/login.htm [33m404[0m 0.155 ms - 156[0m
[0mGET /browser/index.html [33m404[0m 0.236 ms - 157[0m
[0mGET /download/python/ [33m404[0m 0.111 ms - 155[0m
[0mGET /webpages/login.html [33m404[0m 0.045 ms - 158[0m
[0mGET /localstart.cfm [33m404[0m 0.054 ms - 153[0m
[0mGET /remote/login [33m404[0m 0.118 ms - 151[0m
[0mGET /admin [33m404[0m 0.039 ms - 144[0m
[0mGET /_matrix/identity/v2 [33m404[0m 0.036 ms - 158[0m
[0mGET /scripts/languages/en-US.json [33m404[0m 0.090 ms - 167[0m
[0mGET /rest/settings [33m404[0m 0.042 ms - 152[0m
[0mGET /angular.js [33m404[0m 0.065 ms - 149[0m
[0mGET /metasys/com/jci/metasys/MetasysProperties.properties [33m404[0m 0.044 ms - 191[0m
[0mGET /default.cfm [33m404[0m 0.113 ms - 150[0m
[0mGET /rustfs/console/version [33m404[0m 0.100 ms - 161[0m
[0mGET /inicio.shtml [33m404[0m 0.114 ms - 151[0m
[0mGET /admin.cfm [33m404[0m 0.141 ms - 148[0m
[0mGET /inicio.cfm [33m404[0m 0.112 ms - 149[0m
[0mGET /menu.pl [33m404[0m 0.113 ms - 146[0m
[0mGET /indice.aspx [33m404[0m 0.121 ms - 150[0m
[0mGET /start.jsp [33m404[0m 0.141 ms - 148[0m
[0mGET / [32m200[0m 0.372 ms - 974[0m
[0mGET / [32m200[0m 0.327 ms - 974[0m
[0mGET / [32m200[0m 0.918 ms - 974[0m
[0mGET / [32m200[0m 0.318 ms - 974[0m
[0mGET /robots.txt [33m404[0m 0.093 ms - 149[0m
[0mGET /rest/applinks/1.0/manifest [33m404[0m 0.092 ms - 165[0m
[0mGET / [32m200[0m 11.380 ms - 974[0m
[0mPROPFIND / [33m404[0m 0.090 ms - 144[0m
[0mPROPFIND / [33m404[0m 0.106 ms - 144[0m
[0mGET / [32m200[0m 0.353 ms - 974[0m
[0mGET / [32m200[0m 0.385 ms - 974[0m
[0mGET /owa/auth/logon.aspx [33m404[0m 0.112 ms - 158[0m
[0mPOST /hello.world?%ADd+allow_url_include%3d1+%ADd+auto_prepend_file%3dphp://input [33m404[0m 0.111 ms - 151[0m
[0mPOST /?%ADd+allow_url_include%3d1+%ADd+auto_prepend_file%3dphp://input [33m404[0m 0.148 ms - 140[0m
[0mGET /containers/json [33m404[0m 0.110 ms - 154[0m
[0mGET / [32m200[0m 0.333 ms - 974[0m
[0mGET /Dr0v [33m404[0m 0.089 ms - 143[0m
[0mGET / [32m200[0m 0.571 ms - 974[0m
[0mOPTIONS / [32m200[0m 0.378 ms - 8[0m
[0mGET / [32m200[0m 0.310 ms - 974[0m
[0mGET /favicon.ico [33m404[0m 0.095 ms - 150[0m
[0mGET /robots.txt [33m404[0m 0.094 ms - 149[0m
[0mGET / [32m200[0m 10.850 ms - 974[0m
[0mGET / [32m200[0m 0.351 ms - 974[0m
[0mGET /aaa9 [33m404[0m 0.071 ms - 143[0m
[0mGET /aab9 [33m404[0m 0.095 ms - 143[0m
[0mGET /aaa9 [33m404[0m 0.092 ms - 143[0m
[0mGET /aab9 [33m404[0m 0.163 ms - 143[0m
[0mGET / [32m200[0m 0.326 ms - 974[0m
[0mGET / [32m200[0m 0.317 ms - 974[0m
[0mGET / [32m200[0m 0.309 ms - 974[0m
[0mGET /favicon.ico [33m404[0m 0.114 ms - 150[0m
[0mGET /security.txt [33m404[0m 0.094 ms - 151[0m
[0mGET / [32m200[0m 0.388 ms - 974[0m
[0mGET / [32m200[0m 0.327 ms - 974[0m
[0mGET / [32m200[0m 0.314 ms - 974[0m
[0mGET / [32m200[0m 0.306 ms - 974[0m
[0mGET / [32m200[0m 0.342 ms - 974[0m
[0mGET /actuator/health [33m404[0m 0.097 ms - 154[0m
[0mGET / [32m200[0m 0.357 ms - 974[0m
[0mGET / [32m200[0m 10.544 ms - 974[0m
[0mGET / [32m200[0m 0.391 ms - 974[0m
[0mGET / [32m200[0m 0.332 ms - 974[0m
[0mGET /developmentserver/metadatauploader [33m404[0m 0.101 ms - 173[0m
[0mGET / [32m200[0m 0.358 ms - 974[0m
[0mGET /version [33m404[0m 0.097 ms - 146[0m
[0mGET / [32m200[0m 0.393 ms - 974[0m
[0mGET /favicon.ico [33m404[0m 0.117 ms - 150[0m
[0mGET / [32m200[0m 0.321 ms - 974[0m
[0mGET /bins/ [33m404[0m 0.093 ms - 144[0m
[0mGET / [32m200[0m 0.551 ms - 974[0m
[0mGET /c/ [33m404[0m 0.097 ms - 141[0m
[0mGET / [32m200[0m 0.402 ms - 974[0m
[0mGET / [32m200[0m 0.347 ms - 974[0m
[0mGET /owa/auth/x.js [33m404[0m 0.154 ms - 152[0m
[0mGET / [32m200[0m 10.318 ms - 974[0m
[0mGET / [32m200[0m 0.354 ms - 974[0m
[0mGET / [32m200[0m 0.335 ms - 974[0m
[0mGET / [32m200[0m 0.326 ms - 974[0m
[0mGET / [32m200[0m 0.334 ms - 974[0m
[0mPOST /hello.world?%ADd+allow_url_include%3d1+%ADd+auto_prepend_file%3dphp://input [33m404[0m 0.107 ms - 151[0m
[0mPOST /?%ADd+allow_url_include%3d1+%ADd+auto_prepend_file%3dphp://input [33m404[0m 0.129 ms - 140[0m
[0mGET /containers/json [33m404[0m 0.132 ms - 154[0m
[0mGET / [32m200[0m 0.351 ms - 974[0m
[0mGET /static/historypage.js [33m404[0m 0.090 ms - 160[0m
[0mGET /login.html [33m404[0m 0.088 ms - 149[0m
[0mGET /jasperserver/login.html [33m404[0m 0.092 ms - 162[0m
[0mGET /jasperserver-pro/login.html [33m404[0m 0.102 ms - 166[0m
[0mGET /jasperserverTest/login.html [33m404[0m 0.091 ms - 166[0m
[0mGET /xmldata?item=all [33m404[0m 0.097 ms - 146[0m
[0mGET /login/login [33m404[0m 0.121 ms - 150[0m
[0mGET /partymgr/control/main [33m404[0m 0.114 ms - 160[0m
[0mGET /cgi-bin/config.exp [33m404[0m 0.092 ms - 157[0m
[0mGET /console [33m404[0m 0.092 ms - 146[0m
[0mGET /Web/Auth [33m404[0m 0.091 ms - 147[0m
[0mGET /WebInterface/ [33m404[0m 0.091 ms - 152[0m
[0mGET /sitecore/shell/sitecore.version.xml [33m404[0m 0.094 ms - 174[0m
[0mGET /css/images/PTZOptics_powerby.png [33m404[0m 0.097 ms - 171[0m
[0mGET /identity/jsLibs/IdmBrandingBar.js [33m404[0m 0.112 ms - 172[0m
[0mGET /identity [33m404[0m 0.092 ms - 147[0m
[0mGET /ssi.cgi/Login.htm [33m404[0m 0.092 ms - 156[0m
[0mGET /index.jsp [33m404[0m 0.092 ms - 148[0m
[0mGET /sugar_version.json [33m404[0m 0.104 ms - 157[0m
[0mGET /js/NewWindow_2_all.js [33m404[0m 0.091 ms - 160[0m
[0mGET / [32m200[0m 0.432 ms - 974[0m
[0mGET /cf_scripts/scripts/ajax/ckeditor/ckeditor.js [33m404[0m 0.093 ms - 183[0m
[0mGET /Telerik.Web.UI.WebResource.axd?type=rau [33m404[0m 0.106 ms - 169[0m
[0mGET / [32m200[0m 0.303 ms - 974[0m
[0mGET /solr/ [33m404[0m 0.114 ms - 144[0m
[0mGET /favicon.ico [33m404[0m 0.098 ms - 150[0m
[0mGET /login.do [33m404[0m 0.091 ms - 147[0m
[0mGET / [32m200[0m 0.309 ms - 974[0m
[0mGET /api/session/properties [33m404[0m 0.093 ms - 161[0m
[0mGET /admin/ [33m404[0m 0.104 ms - 145[0m
[0mGET /favicon-32x32.png [33m404[0m 0.115 ms - 156[0m
[0mGET /license.txt [33m404[0m 0.112 ms - 150[0m
[0mGET /wp-json [33m404[0m 0.091 ms - 146[0m
[0mGET /favicon.ico [33m404[0m 0.117 ms - 150[0m
[0mGET /progs/homepage [33m404[0m 0.120 ms - 153[0m
[0mGET / [32m200[0m 0.381 ms - 974[0m
[0mGET /internal_forms_authentication [33m404[0m 0.160 ms - 168[0m
[0mGET /owa/ [33m404[0m 0.089 ms - 143[0m
[0mGET /ext-js/app/common/zld_product_spec.js [33m404[0m 0.115 ms - 176[0m
[0mGET /webfig/ [33m404[0m 0.144 ms - 146[0m
[0mGET /login [33m404[0m 0.088 ms - 144[0m
[0mGET /cgi-bin/authLogin.cgi [33m404[0m 0.093 ms - 160[0m
[0mGET /showLogin.cc [33m404[0m 0.088 ms - 151[0m
[0mGET /OA_HTML/AppsLocalLogin.jsp [33m404[0m 0.088 ms - 165[0m
[0mGET /zabbix/favicon.ico [33m404[0m 0.089 ms - 157[0m
[0mGET /aspera/faspex/ [33m404[0m 0.088 ms - 153[0m
[0mGET / [32m200[0m 0.316 ms - 974[0m
[0mGET / [32m200[0m 0.489 ms - 974[0m
[0mGET / [32m200[0m 0.533 ms - 974[0m
[0mGET /ReportServer [33m404[0m 0.110 ms - 151[0m
[0mPOST /hello.world?%ADd+allow_url_include%3d1+%ADd+auto_prepend_file%3dphp://input [33m404[0m 0.100 ms - 151[0m
[0mPOST /?%ADd+allow_url_include%3d1+%ADd+auto_prepend_file%3dphp://input [33m404[0m 0.163 ms - 140[0m
[0mGET /containers/json [33m404[0m 0.115 ms - 154[0m
[0mGET / [32m200[0m 13.538 ms - 974[0m
[0mGET / [32m200[0m 0.331 ms - 974[0m
[0mGET / [32m200[0m 0.310 ms - 974[0m
[0mGET /owa/auth/x.js [33m404[0m 0.119 ms - 152[0m
[0mGET / [32m200[0m 0.382 ms - 974[0m
[0mGET /favicon.ico [33m404[0m 0.088 ms - 150[0m
[0mGET /T6bHkeeG3IixY7Bh0noD1QyFLiPlD23T05_fYYWAB0SqWLgWGk-3zAazG2k0MqhO6AxISCCvosgJ0eBTxGrQHktud-cN20EuWN5bCgJQ7zQLOPyK5jhNF7Y2p-_JSxpBpQvWHxM5plh6NA2yELiAvVST24ah1aKWBxJ3EDpy2DOgE3DO9xUsIIP6R9Vy49sZRKRZKYyU6s9Z3QCfH7jzY3ZFQsI-dvC37Aw [33m404[0m 0.093 ms - 366[0m
[0mGET / [32m200[0m 0.303 ms - 974[0m
[0mGET / [32m200[0m 0.378 ms - 974[0m
[0mGET / [32m200[0m 0.317 ms - 974[0m
[0mGET /favicon.ico [33m404[0m 0.113 ms - 150[0m
[0mGET /Dr0v [33m404[0m 0.095 ms - 143[0m
[0mGET /Dr0v [33m404[0m 0.137 ms - 143[0m
[0mGET / [32m200[0m 8.415 ms - 974[0m
[0mGET / [32m200[0m 0.337 ms - 974[0m
[0mGET /autodiscover/autodiscover.json?@zdi/Powershell [33m404[0m 0.084 ms - 169[0m
[0mGET / [32m200[0m 0.330 ms - 974[0m
[0mGET /favicon.ico [33m404[0m 0.088 ms - 150[0m
[0mGET /Dr0v [33m404[0m 0.100 ms - 143[0m
[0mGET / [32m200[0m 0.307 ms - 974[0m
[0mGET / [32m200[0m 0.372 ms - 974[0m
[0mGET / [32m200[0m 0.304 ms - 974[0m
[0mGET /favicon.ico [33m404[0m 0.115 ms - 150[0m
[0mGET / [32m200[0m 0.312 ms - 974[0m
[0mGET /favicon.ico [33m404[0m 0.087 ms - 150[0m
[0mGET /login [33m404[0m 0.149 ms - 144[0m
[0mGET / [32m200[0m 0.364 ms - 974[0m
[0mGET / [32m200[0m 0.304 ms - 974[0m
[0mGET / [32m200[0m 0.317 ms - 974[0m
[0mGET / [32m200[0m 0.314 ms - 974[0m
[0mGET / [32m200[0m 0.319 ms - 974[0m
[0mGET / [32m200[0m 0.318 ms - 974[0m
[0mPOST /hello.world?%ADd+allow_url_include%3d1+%ADd+auto_prepend_file%3dphp://input [33m404[0m 0.122 ms - 151[0m
[0mPOST /?%ADd+allow_url_include%3d1+%ADd+auto_prepend_file%3dphp://input [33m404[0m 0.134 ms - 140[0m
[0mGET /containers/json [33m404[0m 0.115 ms - 154[0m
[0mGET / [32m200[0m 9.399 ms - 974[0m
[0mGET / [32m200[0m 0.338 ms - 974[0m
[0mGET /owa/auth/logon.aspx [33m404[0m 0.088 ms - 158[0m
[0mGET / [32m200[0m 0.352 ms - 974[0m
[0mGET /robots.txt [33m404[0m 0.101 ms - 149[0m
[0mGET /favicon.ico [33m404[0m 0.107 ms - 150[0m
[0mGET /login [33m404[0m 0.103 ms - 144[0m
[0mGET / [32m200[0m 0.333 ms - 974[0m
[0mGET / [32m200[0m 0.316 ms - 974[0m
[0mGET / [32m200[0m 0.327 ms - 974[0m
[0mGET /favicon.ico [33m404[0m 0.086 ms - 150[0m
[0mGET / [32m200[0m 0.336 ms - 974[0m
[0mGET /robots.txt [33m404[0m 0.085 ms - 149[0m
[0mGET / [32m200[0m 0.394 ms - 974[0m
[0mGET / [32m200[0m 0.310 ms - 974[0m
[0mGET / [32m200[0m 12.514 ms - 974[0m
[0mGET / [32m200[0m 0.317 ms - 974[0m
[0mGET / [32m200[0m 0.331 ms - 974[0m
[0mGET / [32m200[0m 0.342 ms - 974[0m
[0mGET / [32m200[0m 0.331 ms - 974[0m
[0mGET /developmentserver/metadatauploader [33m404[0m 0.088 ms - 173[0m
[0mGET / [32m200[0m 0.353 ms - 974[0m
[0mGET / [32m200[0m 0.361 ms - 974[0m
[0mGET / [32m200[0m 0.344 ms - 974[0m
[0mGET /manager/html [33m404[0m 0.118 ms - 151[0m
[0mGET /manager/text [33m404[0m 0.132 ms - 151[0m
[0mGET /html [33m404[0m 0.113 ms - 143[0m
[0mGET /tomcat/html [33m404[0m 0.116 ms - 150[0m
[0mGET / [32m200[0m 0.320 ms - 974[0m
[0mGET /guacamole/ [33m404[0m 0.096 ms - 149[0m
[0mGET / [32m200[0m 0.608 ms - 974[0m
[0mGET /manager/html [33m404[0m 0.092 ms - 151[0m
[0mGET /manager/text [33m404[0m 0.112 ms - 151[0m
[0mGET /html [33m404[0m 0.112 ms - 143[0m
[0mGET /tomcat/html [33m404[0m 0.109 ms - 150[0m
[0mGET / [32m200[0m 0.338 ms - 974[0m
[0mGET /favicon.ico [33m404[0m 0.087 ms - 150[0m
[0mPOST / [33m404[0m 0.181 ms - 140[0m
[0mPOST / [33m404[0m 0.219 ms - 140[0m
[0mGET / [32m200[0m 10.586 ms - 974[0m
[0mGET / [32m200[0m 0.335 ms - 974[0m
[0mGET / [32m200[0m 0.399 ms - 974[0m
[0mGET / [32m200[0m 0.320 ms - 974[0m
[0mGET / [32m200[0m 0.343 ms - 974[0m
[0mGET / [32m200[0m 0.406 ms - 974[0m
[0mGET / [32m200[0m 0.344 ms - 974[0m
[0mGET / [32m200[0m 0.327 ms - 974[0m
[0mGET /favicon.ico [33m404[0m 0.107 ms - 150[0m
[0mGET / [32m200[0m 0.324 ms - 974[0m
[0mGET /dns-query?dns=6rgBAAABAAAAAAAAATEEb2RucwFtCmRuc21lYXN1cmUDdG9wAAABAAE [33m404[0m 0.103 ms - 148[0m
[0mPOST /dns-query [33m404[0m 0.128 ms - 149[0m
[0mGET /dns-query?name=1.odns.m.dnsmeasure.top&type=A [33m404[0m 0.113 ms - 148[0m
[0mGET /dns-query?dns=xykBAAABAAAAAAAAATEEb2RucwFtCmRuc21lYXN1cmUDdG9wAAABAAE [33m404[0m 0.184 ms - 148[0m
[0mPOST /dns-query [33m404[0m 0.131 ms - 149[0m
[0mGET /dns-query?name=1.odns.m.dnsmeasure.top&type=A [33m404[0m 0.114 ms - 148[0m
[0mGET /query?dns=YoUBAAABAAAAAAAAATEEb2RucwFtCmRuc21lYXN1cmUDdG9wAAABAAE [33m404[0m 0.149 ms - 144[0m
[0mPOST /query [33m404[0m 0.139 ms - 145[0m
[0mGET /query?name=1.odns.m.dnsmeasure.top&type=A [33m404[0m 0.099 ms - 144[0m
[0mGET /query?dns=3usBAAABAAAAAAAAATEEb2RucwFtCmRuc21lYXN1cmUDdG9wAAABAAE [33m404[0m 0.096 ms - 144[0m
[0mPOST /query [33m404[0m 0.136 ms - 145[0m
[0mGET /query?name=1.odns.m.dnsmeasure.top&type=A [33m404[0m 0.100 ms - 144[0m
[0mGET /resolve?dns=IigBAAABAAAAAAAAATEEb2RucwFtCmRuc21lYXN1cmUDdG9wAAABAAE [33m404[0m 0.100 ms - 146[0m
[0mPOST /resolve [33m404[0m 0.129 ms - 147[0m
[0mGET /resolve?name=1.odns.m.dnsmeasure.top&type=A [33m404[0m 0.098 ms - 146[0m
[0mGET /resolve?dns=q9kBAAABAAAAAAAAATEEb2RucwFtCmRuc21lYXN1cmUDdG9wAAABAAE [33m404[0m 0.099 ms - 146[0m
[0mPOST /resolve [33m404[0m 0.130 ms - 147[0m
[0mGET /resolve?name=1.odns.m.dnsmeasure.top&type=A [33m404[0m 0.104 ms - 146[0m
[0mGET /?dns=d58BAAABAAAAAAAAATEEb2RucwFtCmRuc21lYXN1cmUDdG9wAAABAAE [32m200[0m 0.349 ms - 974[0m
[0mPOST / [33m404[0m 0.131 ms - 140[0m
[0mGET /?name=1.odns.m.dnsmeasure.top&type=A [32m200[0m 0.379 ms - 974[0m
[0mGET /?dns=2m8BAAABAAAAAAAAATEEb2RucwFtCmRuc21lYXN1cmUDdG9wAAABAAE [32m200[0m 0.329 ms - 974[0m
[0mPOST / [33m404[0m 0.134 ms - 140[0m
[0mGET /?name=1.odns.m.dnsmeasure.top&type=A [32m200[0m 0.326 ms - 974[0m
[0mGET / [32m200[0m 0.304 ms - 974[0m
[0mGET /Dr0v [33m404[0m 0.085 ms - 143[0m
[0mGET / [32m200[0m 0.307 ms - 974[0m
[0mGET / [32m200[0m 0.332 ms - 974[0m
[0mGET / [32m200[0m 0.382 ms - 974[0m
[0mGET / [32m200[0m 0.333 ms - 974[0m
[0mGET / [32m200[0m 0.341 ms - 974[0m
[0mGET / [32m200[0m 0.512 ms - 974[0m
[0mGET / [32m200[0m 0.345 ms - 974[0m
[0mGET / [32m200[0m 8.099 ms - 974[0m
[0mGET / [32m200[0m 0.379 ms - 974[0m
[0mGET /ecp/Current/exporttool/microsoft.exchange.ediscovery.exporttool.application [33m404[0m 0.086 ms - 214[0m
[0mGET / [32m200[0m 0.347 ms - 974[0m
[0mPOST /hello.world?%ADd+allow_url_include%3d1+%ADd+auto_prepend_file%3dphp://input [33m404[0m 0.105 ms - 151[0m
[0mPOST /?%ADd+allow_url_include%3d1+%ADd+auto_prepend_file%3dphp://input [33m404[0m 0.133 ms - 140[0m
[0mGET /containers/json [33m404[0m 0.085 ms - 154[0m
[0mGET / [32m200[0m 0.526 ms - 974[0m
[0mGET /nmaplowercheck1773843870 [33m404[0m 0.168 ms - 163[0m
[0mPOST /sdk [33m404[0m 0.064 ms - 143[0m
[0mGET /HNAP1 [33m404[0m 0.168 ms - 144[0m
[0mGET /evox/about [33m404[0m 0.143 ms - 149[0m
[0mGET / [32m200[0m 0.600 ms - 974[0m
[0mGET / [32m200[0m 0.303 ms - 974[0m
[0mGET / [32m200[0m 0.333 ms - 974[0m
[0mGET /developmentserver/metadatauploader [33m404[0m 0.135 ms - 173[0m
[0mGET / [32m200[0m 0.474 ms - 974[0m
[0mGET / [32m200[0m 0.327 ms - 974[0m
[0mGET / [32m200[0m 0.329 ms - 974[0m
[0mGET / [32m200[0m 0.336 ms - 974[0m
[0mGET /favicon.ico [33m404[0m 0.109 ms - 150[0m
[0mGET /wiki [33m404[0m 0.087 ms - 143[0m
[0mGET / [32m200[0m 0.334 ms - 974[0m
[0mGET / [32m200[0m 0.335 ms - 974[0m
[0mGET / [32m200[0m 0.361 ms - 974[0m
[0mGET /login/login [33m404[0m 0.086 ms - 150[0m
[0mGET / [32m200[0m 0.327 ms - 974[0m
[0mGET / [32m200[0m 10.148 ms - 974[0m
[0mGET / [32m200[0m 0.333 ms - 974[0m
[0mGET / [32m200[0m 0.319 ms - 974[0m
[0mGET / [32m200[0m 0.350 ms - 974[0m
[0mGET / [32m200[0m 0.323 ms - 974[0m
[0mGET /favicon.ico [33m404[0m 0.087 ms - 150[0m
[0mGET /robots.txt [33m404[0m 0.081 ms - 149[0m
[0mGET /sitemap.xml [33m404[0m 0.095 ms - 150[0m
[0mGET /config.json [33m404[0m 0.110 ms - 150[0m
[0mGET / [32m200[0m 0.342 ms - 974[0m
[0mGET / [32m200[0m 0.322 ms - 974[0m
[0mGET / [32m200[0m 0.365 ms - 974[0m
[0mGET /owa/auth/logon.aspx?replaceCurrent=1&url=https://134.226.52.44/ecp [33m404[0m 0.084 ms - 158[0m
[0mGET /EWS/Exchange.asmx [33m404[0m 0.086 ms - 156[0m
[0mGET /owa/service.svc [33m404[0m 0.108 ms - 154[0m
[0mGET / [32m200[0m 0.341 ms - 974[0m
[0mGET / [32m200[0m 0.352 ms - 974[0m
[0mGET /robots.txt [33m404[0m 0.093 ms - 149[0m
[0mGET / [32m200[0m 0.305 ms - 974[0m
[0mGET /favicon.ico [33m404[0m 0.126 ms - 150[0m
[0mGET /api/v1/version [33m404[0m 0.086 ms - 153[0m
[0mGET /api/v1/auto_login [33m404[0m 0.085 ms - 156[0m
[0mGET / [32m200[0m 0.335 ms - 974[0m
[0mGET / [32m200[0m 0.332 ms - 974[0m
[0mGET / [32m200[0m 0.312 ms - 974[0m
[0mGET / [32m200[0m 0.314 ms - 974[0m
[0mGET /favicon.ico [33m404[0m 0.085 ms - 150[0m
[0mGET / [32m200[0m 7.908 ms - 974[0m
[0mGET /favicon.ico [33m404[0m 0.147 ms - 150[0m
[0mGET /robots.txt [33m404[0m 0.084 ms - 149[0m
[0mGET / [32m200[0m 0.313 ms - 974[0m
[0mGET / [32m200[0m 0.356 ms - 974[0m
[0mGET /SDK/webLanguage [33m404[0m 0.085 ms - 154[0m
[0mGET / [32m200[0m 0.311 ms - 974[0m
[0mGET / [32m200[0m 0.594 ms - 974[0m
[0mGET / [32m200[0m 0.330 ms - 974[0m
[0mGET / [32m200[0m 0.367 ms - 974[0m
[0mGET / [32m200[0m 0.327 ms - 974[0m
[0mGET / [32m200[0m 0.341 ms - 974[0m
[0mGET / [32m200[0m 0.332 ms - 974[0m
[0mGET /server-status [33m404[0m 0.107 ms - 152[0m
[0mGET /config.json [33m404[0m 0.107 ms - 150[0m
[0mGET /telescope/requests [33m404[0m 0.107 ms - 157[0m
[0mGET /global/health [33m404[0m 0.087 ms - 152[0m
[0mPOST / [33m404[0m 0.057 ms - 140[0m
[0mGET / [32m200[0m 0.304 ms - 974[0m
[0mGET /favicon.ico [33m404[0m 0.105 ms - 150[0m
[0mGET / [32m200[0m 0.354 ms - 974[0m
[0mGET / [32m200[0m 0.302 ms - 974[0m
[0mGET / [32m200[0m 0.368 ms - 974[0m
[0mGET / [32m200[0m 13.042 ms - 974[0m
[0mGET /favicon.ico [33m404[0m 0.105 ms - 150[0m
[0mGET /robots.txt [33m404[0m 0.109 ms - 149[0m
[0mGET /sitemap.xml [33m404[0m 0.106 ms - 150[0m
[0mGET / [32m200[0m 0.331 ms - 974[0m
[0mGET / [32m200[0m 0.311 ms - 974[0m
[0mGET / [32m200[0m 0.330 ms - 974[0m
[0mGET / [32m200[0m 0.304 ms - 974[0m
[0mGET / [32m200[0m 0.315 ms - 974[0m
[0mGET /favicon.ico [33m404[0m 0.076 ms - 150[0m
[0mGET /favicon.ico [33m404[0m 0.088 ms - 150[0m
[0mGET /SDK/webLanguage [33m404[0m 0.083 ms - 154[0m
[0mGET / [32m200[0m 0.371 ms - 974[0m
[0mGET /favicon.ico [33m404[0m 0.086 ms - 150[0m
[0mGET / [32m200[0m 0.651 ms - 974[0m
[0mGET /favicon.ico [33m404[0m 0.098 ms - 150[0m
[0mGET /Dr0v [33m404[0m 0.134 ms - 143[0m
[0mGET / [32m200[0m 0.352 ms - 974[0m
[0mPOST /hello.world?%ADd+allow_url_include%3d1+%ADd+auto_prepend_file%3dphp://input [33m404[0m 0.131 ms - 151[0m
[0mPOST /?%ADd+allow_url_include%3d1+%ADd+auto_prepend_file%3dphp://input [33m404[0m 0.139 ms - 140[0m
[0mGET /containers/json [33m404[0m 0.107 ms - 154[0m
[32m[nodemon] restarting due to changes...[39m
[32m[nodemon] starting `node ./index.js localhost 3000`[39m
node:internal/modules/cjs/loader:1458
  throw err;
  ^

Error: Cannot find module 'node-querybuilder'
Require stack:
- /app/index.js
    at Module._resolveFilename (node:internal/modules/cjs/loader:1455:15)
    at defaultResolveImpl (node:internal/modules/cjs/loader:1065:19)
    at resolveForCJSWithHooks (node:internal/modules/cjs/loader:1070:22)
    at Module._load (node:internal/modules/cjs/loader:1241:25)
    at wrapModuleLoad (node:internal/modules/cjs/loader:255:19)
    at Module.require (node:internal/modules/cjs/loader:1555:12)
    at require (node:internal/modules/helpers:152:16)
    at Object.<anonymous> (/app/index.js:14:22)
    at Module._compile (node:internal/modules/cjs/loader:1811:14)
    at Object..js (node:internal/modules/cjs/loader:1942:10) {
  code: 'MODULE_NOT_FOUND',
  requireStack: [ '/app/index.js' ]
}

Node.js v25.6.1
[31m[nodemon] app crashed - waiting for file changes before starting...[39m
[32m[nodemon] restarting due to changes...[39m
[32m[nodemon] starting `node ./index.js localhost 3000`[39m
node:internal/modules/cjs/loader:1458
  throw err;
  ^

Error: Cannot find module 'node-querybuilder'
Require stack:
- /app/index.js
    at Module._resolveFilename (node:internal/modules/cjs/loader:1455:15)
    at defaultResolveImpl (node:internal/modules/cjs/loader:1065:19)
    at resolveForCJSWithHooks (node:internal/modules/cjs/loader:1070:22)
    at Module._load (node:internal/modules/cjs/loader:1241:25)
    at wrapModuleLoad (node:internal/modules/cjs/loader:255:19)
    at Module.require (node:internal/modules/cjs/loader:1555:12)
    at require (node:internal/modules/helpers:152:16)
    at Object.<anonymous> (/app/index.js:14:22)
    at Module._compile (node:internal/modules/cjs/loader:1811:14)
    at Object..js (node:internal/modules/cjs/loader:1942:10) {
  code: 'MODULE_NOT_FOUND',
  requireStack: [ '/app/index.js' ]
}

Node.js v25.6.1
[31m[nodemon] app crashed - waiting for file changes before starting...[39m
[32m[nodemon] restarting due to changes...[39m
[32m[nodemon] starting `node ./index.js localhost 3000`[39m
node:internal/modules/cjs/loader:1458
  throw err;
  ^

Error: Cannot find module 'node-querybuilder'
Require stack:
- /app/index.js
    at Module._resolveFilename (node:internal/modules/cjs/loader:1455:15)
    at defaultResolveImpl (node:internal/modules/cjs/loader:1065:19)
    at resolveForCJSWithHooks (node:internal/modules/cjs/loader:1070:22)
    at Module._load (node:internal/modules/cjs/loader:1241:25)
    at wrapModuleLoad (node:internal/modules/cjs/loader:255:19)
    at Module.require (node:internal/modules/cjs/loader:1555:12)
    at require (node:internal/modules/helpers:152:16)
    at Object.<anonymous> (/app/index.js:14:22)
    at Module._compile (node:internal/modules/cjs/loader:1811:14)
    at Object..js (node:internal/modules/cjs/loader:1942:10) {
  code: 'MODULE_NOT_FOUND',
  requireStack: [ '/app/index.js' ]
}

Node.js v25.6.1
[31m[nodemon] app crashed - waiting for file changes before starting...[39m
[32m[nodemon] restarting due to changes...[39m
[32m[nodemon] starting `node ./index.js localhost 3000`[39m
node:internal/modules/cjs/loader:1458
  throw err;
  ^

Error: Cannot find module 'node-querybuilder'
Require stack:
- /app/index.js
    at Module._resolveFilename (node:internal/modules/cjs/loader:1455:15)
    at defaultResolveImpl (node:internal/modules/cjs/loader:1065:19)
    at resolveForCJSWithHooks (node:internal/modules/cjs/loader:1070:22)
    at Module._load (node:internal/modules/cjs/loader:1241:25)
    at wrapModuleLoad (node:internal/modules/cjs/loader:255:19)
    at Module.require (node:internal/modules/cjs/loader:1555:12)
    at require (node:internal/modules/helpers:152:16)
    at Object.<anonymous> (/app/index.js:14:22)
    at Module._compile (node:internal/modules/cjs/loader:1811:14)
    at Object..js (node:internal/modules/cjs/loader:1942:10) {
  code: 'MODULE_NOT_FOUND',
  requireStack: [ '/app/index.js' ]
}

Node.js v25.6.1
[31m[nodemon] app crashed - waiting for file changes before starting...[39m
[32m[nodemon] restarting due to changes...[39m
[32m[nodemon] starting `node ./index.js localhost 3000`[39m
node:internal/modules/cjs/loader:1458
  throw err;
  ^

Error: Cannot find module 'node-querybuilder'
Require stack:
- /app/index.js
    at Module._resolveFilename (node:internal/modules/cjs/loader:1455:15)
    at defaultResolveImpl (node:internal/modules/cjs/loader:1065:19)
    at resolveForCJSWithHooks (node:internal/modules/cjs/loader:1070:22)
    at Module._load (node:internal/modules/cjs/loader:1241:25)
    at wrapModuleLoad (node:internal/modules/cjs/loader:255:19)
    at Module.require (node:internal/modules/cjs/loader:1555:12)
    at require (node:internal/modules/helpers:152:16)
    at Object.<anonymous> (/app/index.js:14:22)
    at Module._compile (node:internal/modules/cjs/loader:1811:14)
    at Object..js (node:internal/modules/cjs/loader:1942:10) {
  code: 'MODULE_NOT_FOUND',
  requireStack: [ '/app/index.js' ]
}

Node.js v25.6.1
[31m[nodemon] app crashed - waiting for file changes before starting...[39m
[32m[nodemon] restarting due to changes...[39m
[32m[nodemon] starting `node ./index.js localhost 3000`[39m
node:internal/modules/cjs/loader:1458
  throw err;
  ^

Error: Cannot find module 'node-querybuilder'
Require stack:
- /app/index.js
    at Module._resolveFilename (node:internal/modules/cjs/loader:1455:15)
    at defaultResolveImpl (node:internal/modules/cjs/loader:1065:19)
    at resolveForCJSWithHooks (node:internal/modules/cjs/loader:1070:22)
    at Module._load (node:internal/modules/cjs/loader:1241:25)
    at wrapModuleLoad (node:internal/modules/cjs/loader:255:19)
    at Module.require (node:internal/modules/cjs/loader:1555:12)
    at require (node:internal/modules/helpers:152:16)
    at Object.<anonymous> (/app/index.js:14:22)
    at Module._compile (node:internal/modules/cjs/loader:1811:14)
    at Object..js (node:internal/modules/cjs/loader:1942:10) {
  code: 'MODULE_NOT_FOUND',
  requireStack: [ '/app/index.js' ]
}

Node.js v25.6.1
[31m[nodemon] app crashed - waiting for file changes before starting...[39m
[32m[nodemon] restarting due to changes...[39m
[32m[nodemon] starting `node ./index.js localhost 3000`[39m
node:internal/modules/cjs/loader:1458
  throw err;
  ^

Error: Cannot find module 'node-querybuilder'
Require stack:
- /app/index.js
    at Module._resolveFilename (node:internal/modules/cjs/loader:1455:15)
    at defaultResolveImpl (node:internal/modules/cjs/loader:1065:19)
    at resolveForCJSWithHooks (node:internal/modules/cjs/loader:1070:22)
    at Module._load (node:internal/modules/cjs/loader:1241:25)
    at wrapModuleLoad (node:internal/modules/cjs/loader:255:19)
    at Module.require (node:internal/modules/cjs/loader:1555:12)
    at require (node:internal/modules/helpers:152:16)
    at Object.<anonymous> (/app/index.js:14:22)
    at Module._compile (node:internal/modules/cjs/loader:1811:14)
    at Object..js (node:internal/modules/cjs/loader:1942:10) {
  code: 'MODULE_NOT_FOUND',
  requireStack: [ '/app/index.js' ]
}

Node.js v25.6.1
[31m[nodemon] app crashed - waiting for file changes before starting...[39m
[33m[nodemon] 3.1.11[39m
[33m[nodemon] to restart at any time, enter `rs`[39m
[33m[nodemon] watching path(s): *.*[39m
[33m[nodemon] watching extensions: js,mjs,cjs,json[39m
[32m[nodemon] starting `node ./index.js localhost 3000`[39m
node:internal/modules/cjs/loader:1458
  throw err;
  ^

Error: Cannot find module 'node-querybuilder'
Require stack:
- /app/index.js
    at Module._resolveFilename (node:internal/modules/cjs/loader:1455:15)
    at defaultResolveImpl (node:internal/modules/cjs/loader:1065:19)
    at resolveForCJSWithHooks (node:internal/modules/cjs/loader:1070:22)
    at Module._load (node:internal/modules/cjs/loader:1241:25)
    at wrapModuleLoad (node:internal/modules/cjs/loader:255:19)
    at Module.require (node:internal/modules/cjs/loader:1555:12)
    at require (node:internal/modules/helpers:152:16)
    at Object.<anonymous> (/app/index.js:14:22)
    at Module._compile (node:internal/modules/cjs/loader:1811:14)
    at Object..js (node:internal/modules/cjs/loader:1942:10) {
  code: 'MODULE_NOT_FOUND',
  requireStack: [ '/app/index.js' ]
}

Node.js v25.6.1
[31m[nodemon] app crashed - waiting for file changes before starting...[39m
[32m[nodemon] restarting due to changes...[39m
[32m[nodemon] starting `node ./index.js localhost 3000`[39m
Server running at http://nodejs_2526-cs7025-group1:3000/
Table 'test_table' is ready.
Calling conn.end() to release a pooled connection is deprecated. In next version calling conn.end() will be restored to default conn.end() behavior. Use conn.release() instead.
Query Ran: SELECT * FROM `test_table`
Results: [
  RowDataPacket {
    id: 1,
    name: 'John Doe',
    created_at: 2026-03-12T09:51:29.000Z
  },
  RowDataPacket {
    id: 2,
    name: 'John Doe',
    created_at: 2026-03-12T09:53:03.000Z
  }
]
Inserted row with id: 3n
Table contents:
┌─────────┬────┬────────────┬──────────────────────────┐
│ (index) │ id │ name       │ created_at               │
├─────────┼────┼────────────┼──────────────────────────┤
│ 0       │ 1  │ 'John Doe' │ 2026-03-12T09:51:29.000Z │
│ 1       │ 2  │ 'John Doe' │ 2026-03-12T09:53:03.000Z │
│ 2       │ 3  │ 'John Doe' │ 2026-03-21T13:39:09.000Z │
└─────────┴────┴────────────┴──────────────────────────┘
172.26.0.4 - - [24/Mar/2026:15:16:09 +0000] GET / 200 28.562 ms - 974
172.26.0.4 - - [24/Mar/2026:15:16:09 +0000] GET /favicon.ico 404 1.202 ms - 150
172.26.0.4 - - [26/Mar/2026:09:24:58 +0000] GET / 200 1.036 ms - 974
172.26.0.4 - - [26/Mar/2026:09:24:58 +0000] GET /favicon.ico 404 0.226 ms - 150
[32m[nodemon] restarting due to changes...[39m
[32m[nodemon] restarting due to changes...[39m
[32m[nodemon] starting `node ./index.js localhost 3000`[39m
Server running at http://nodejs_2526-cs7025-group1:3000/
Table 'test_table' is ready.
Inserted row with id: 4n
Table contents:
┌─────────┬────┬────────────┬──────────────────────────┐
│ (index) │ id │ name       │ created_at               │
├─────────┼────┼────────────┼──────────────────────────┤
│ 0       │ 1  │ 'John Doe' │ 2026-03-12T09:51:29.000Z │
│ 1       │ 2  │ 'John Doe' │ 2026-03-12T09:53:03.000Z │
│ 2       │ 3  │ 'John Doe' │ 2026-03-21T13:39:09.000Z │
│ 3       │ 4  │ 'John Doe' │ 2026-03-26T09:26:31.000Z │
└─────────┴────┴────────────┴──────────────────────────┘
[32m[nodemon] restarting due to changes...[39m
[32m[nodemon] starting `node ./index.js localhost 3000`[39m
Server running at http://nodejs_2526-cs7025-group1:3000/
Table 'test_table' is ready.
Inserted row with id: 5n
Table contents:
┌─────────┬────┬────────────┬──────────────────────────┐
│ (index) │ id │ name       │ created_at               │
├─────────┼────┼────────────┼──────────────────────────┤
│ 0       │ 1  │ 'John Doe' │ 2026-03-12T09:51:29.000Z │
│ 1       │ 2  │ 'John Doe' │ 2026-03-12T09:53:03.000Z │
│ 2       │ 3  │ 'John Doe' │ 2026-03-21T13:39:09.000Z │
│ 3       │ 4  │ 'John Doe' │ 2026-03-26T09:26:31.000Z │
│ 4       │ 5  │ 'John Doe' │ 2026-03-26T09:26:40.000Z │
└─────────┴────┴────────────┴──────────────────────────┘
[32m[nodemon] restarting due to changes...[39m
[32m[nodemon] starting `node ./index.js localhost 3000`[39m
Server running at http://nodejs_2526-cs7025-group1:3000/
Table 'test_table' is ready.
Inserted row with id: 6n
Table contents:
┌─────────┬────┬────────────┬──────────────────────────┐
│ (index) │ id │ name       │ created_at               │
├─────────┼────┼────────────┼──────────────────────────┤
│ 0       │ 1  │ 'John Doe' │ 2026-03-12T09:51:29.000Z │
│ 1       │ 2  │ 'John Doe' │ 2026-03-12T09:53:03.000Z │
│ 2       │ 3  │ 'John Doe' │ 2026-03-21T13:39:09.000Z │
│ 3       │ 4  │ 'John Doe' │ 2026-03-26T09:26:31.000Z │
│ 4       │ 5  │ 'John Doe' │ 2026-03-26T09:26:40.000Z │
│ 5       │ 6  │ 'John Doe' │ 2026-03-26T09:26:41.000Z │
└─────────┴────┴────────────┴──────────────────────────┘
172.26.0.4 - - [26/Mar/2026:09:27:08 +0000] GET / 304 23.521 ms - -
Calling conn.end() to release a pooled connection is deprecated. In next version calling conn.end() will be restored to default conn.end() behavior. Use conn.release() instead.
Query Ran: SELECT * FROM `test_table`
Results: [
  RowDataPacket {
    id: 1,
    name: 'John Doe',
    created_at: 2026-03-12T09:51:29.000Z
  },
  RowDataPacket {
    id: 2,
    name: 'John Doe',
    created_at: 2026-03-12T09:53:03.000Z
  },
  RowDataPacket {
    id: 3,
    name: 'John Doe',
    created_at: 2026-03-21T13:39:09.000Z
  },
  RowDataPacket {
    id: 4,
    name: 'John Doe',
    created_at: 2026-03-26T09:26:31.000Z
  },
  RowDataPacket {
    id: 5,
    name: 'John Doe',
    created_at: 2026-03-26T09:26:40.000Z
  },
  RowDataPacket {
    id: 6,
    name: 'John Doe',
    created_at: 2026-03-26T09:26:41.000Z
  }
]
172.26.0.4 - - [26/Mar/2026:09:51:12 +0000] GET / 304 1.959 ms - -
Calling conn.end() to release a pooled connection is deprecated. In next version calling conn.end() will be restored to default conn.end() behavior. Use conn.release() instead.
Query Ran: SELECT * FROM `test_table`
Results: [
  RowDataPacket {
    id: 1,
    name: 'John Doe',
    created_at: 2026-03-12T09:51:29.000Z
  },
  RowDataPacket {
    id: 2,
    name: 'John Doe',
    created_at: 2026-03-12T09:53:03.000Z
  },
  RowDataPacket {
    id: 3,
    name: 'John Doe',
    created_at: 2026-03-21T13:39:09.000Z
  },
  RowDataPacket {
    id: 4,
    name: 'John Doe',
    created_at: 2026-03-26T09:26:31.000Z
  },
  RowDataPacket {
    id: 5,
    name: 'John Doe',
    created_at: 2026-03-26T09:26:40.000Z
  },
  RowDataPacket {
    id: 6,
    name: 'John Doe',
    created_at: 2026-03-26T09:26:41.000Z
  }
]
[32m[nodemon] restarting due to changes...[39m
[32m[nodemon] starting `node ./index.js localhost 3000`[39m
Server running at http://nodejs_2526-cs7025-group1:3000/
Table 'test_table' is ready.
Inserted row with id: 7n
Table contents:
┌─────────┬────┬────────────┬──────────────────────────┐
│ (index) │ id │ name       │ created_at               │
├─────────┼────┼────────────┼──────────────────────────┤
│ 0       │ 1  │ 'John Doe' │ 2026-03-12T09:51:29.000Z │
│ 1       │ 2  │ 'John Doe' │ 2026-03-12T09:53:03.000Z │
│ 2       │ 3  │ 'John Doe' │ 2026-03-21T13:39:09.000Z │
│ 3       │ 4  │ 'John Doe' │ 2026-03-26T09:26:31.000Z │
│ 4       │ 5  │ 'John Doe' │ 2026-03-26T09:26:40.000Z │
│ 5       │ 6  │ 'John Doe' │ 2026-03-26T09:26:41.000Z │
│ 6       │ 7  │ 'John Doe' │ 2026-03-26T09:51:56.000Z │
└─────────┴────┴────────────┴──────────────────────────┘
/app/index.js:106
    pool.release(); // close the pool when done
         ^

TypeError: pool.release is not a function
    at main (/app/index.js:106:10)
    at process.processTicksAndRejections (node:internal/process/task_queues:104:5)

Node.js v25.6.1
[31m[nodemon] app crashed - waiting for file changes before starting...[39m
[32m[nodemon] restarting due to changes...[39m
[32m[nodemon] starting `node ./index.js localhost 3000`[39m
Server running at http://nodejs_2526-cs7025-group1:3000/
Table 'test_table' is ready.
Inserted row with id: 8n
Table contents:
┌─────────┬────┬────────────┬──────────────────────────┐
│ (index) │ id │ name       │ created_at               │
├─────────┼────┼────────────┼──────────────────────────┤
│ 0       │ 1  │ 'John Doe' │ 2026-03-12T09:51:29.000Z │
│ 1       │ 2  │ 'John Doe' │ 2026-03-12T09:53:03.000Z │
│ 2       │ 3  │ 'John Doe' │ 2026-03-21T13:39:09.000Z │
│ 3       │ 4  │ 'John Doe' │ 2026-03-26T09:26:31.000Z │
│ 4       │ 5  │ 'John Doe' │ 2026-03-26T09:26:40.000Z │
│ 5       │ 6  │ 'John Doe' │ 2026-03-26T09:26:41.000Z │
│ 6       │ 7  │ 'John Doe' │ 2026-03-26T09:51:56.000Z │
│ 7       │ 8  │ 'John Doe' │ 2026-03-26T09:52:17.000Z │
└─────────┴────┴────────────┴──────────────────────────┘
/app/index.js:106
    pool.release(); // close the pool when done
         ^

TypeError: pool.release is not a function
    at main (/app/index.js:106:10)
    at process.processTicksAndRejections (node:internal/process/task_queues:104:5)

Node.js v25.6.1
[31m[nodemon] app crashed - waiting for file changes before starting...[39m
[32m[nodemon] restarting due to changes...[39m
[32m[nodemon] starting `node ./index.js localhost 3000`[39m
Server running at http://nodejs_2526-cs7025-group1:3000/
Table 'test_table' is ready.
Inserted row with id: 9n
Table contents:
┌─────────┬────┬────────────┬──────────────────────────┐
│ (index) │ id │ name       │ created_at               │
├─────────┼────┼────────────┼──────────────────────────┤
│ 0       │ 1  │ 'John Doe' │ 2026-03-12T09:51:29.000Z │
│ 1       │ 2  │ 'John Doe' │ 2026-03-12T09:53:03.000Z │
│ 2       │ 3  │ 'John Doe' │ 2026-03-21T13:39:09.000Z │
│ 3       │ 4  │ 'John Doe' │ 2026-03-26T09:26:31.000Z │
│ 4       │ 5  │ 'John Doe' │ 2026-03-26T09:26:40.000Z │
│ 5       │ 6  │ 'John Doe' │ 2026-03-26T09:26:41.000Z │
│ 6       │ 7  │ 'John Doe' │ 2026-03-26T09:51:56.000Z │
│ 7       │ 8  │ 'John Doe' │ 2026-03-26T09:52:17.000Z │
│ 8       │ 9  │ 'John Doe' │ 2026-03-26T09:52:39.000Z │
└─────────┴────┴────────────┴──────────────────────────┘
/app/index.js:106
    pool.release(); // close the pool when done
         ^

TypeError: pool.release is not a function
    at main (/app/index.js:106:10)
    at process.processTicksAndRejections (node:internal/process/task_queues:104:5)

Node.js v25.6.1
[31m[nodemon] app crashed - waiting for file changes before starting...[39m
[32m[nodemon] restarting due to changes...[39m
[32m[nodemon] starting `node ./index.js localhost 3000`[39m
Server running at http://nodejs_2526-cs7025-group1:3000/
Table 'test_table' is ready.
Inserted row with id: 10n
Table contents:
┌─────────┬────┬────────────┬──────────────────────────┐
│ (index) │ id │ name       │ created_at               │
├─────────┼────┼────────────┼──────────────────────────┤
│ 0       │ 1  │ 'John Doe' │ 2026-03-12T09:51:29.000Z │
│ 1       │ 2  │ 'John Doe' │ 2026-03-12T09:53:03.000Z │
│ 2       │ 3  │ 'John Doe' │ 2026-03-21T13:39:09.000Z │
│ 3       │ 4  │ 'John Doe' │ 2026-03-26T09:26:31.000Z │
│ 4       │ 5  │ 'John Doe' │ 2026-03-26T09:26:40.000Z │
│ 5       │ 6  │ 'John Doe' │ 2026-03-26T09:26:41.000Z │
│ 6       │ 7  │ 'John Doe' │ 2026-03-26T09:51:56.000Z │
│ 7       │ 8  │ 'John Doe' │ 2026-03-26T09:52:17.000Z │
│ 8       │ 9  │ 'John Doe' │ 2026-03-26T09:52:39.000Z │
│ 9       │ 10 │ 'John Doe' │ 2026-03-26T09:53:49.000Z │
└─────────┴────┴────────────┴──────────────────────────┘
/app/index.js:123
    pool.release(); // close the pool when done
         ^

TypeError: pool.release is not a function
    at main (/app/index.js:123:10)
    at process.processTicksAndRejections (node:internal/process/task_queues:104:5)

Node.js v25.6.1
[31m[nodemon] app crashed - waiting for file changes before starting...[39m
[32m[nodemon] restarting due to changes...[39m
[32m[nodemon] starting `node ./index.js localhost 3000`[39m
Server running at http://nodejs_2526-cs7025-group1:3000/
Table 'test_table' is ready.
Inserted row with id: 11n
Table contents:
┌─────────┬────┬────────────┬──────────────────────────┐
│ (index) │ id │ name       │ created_at               │
├─────────┼────┼────────────┼──────────────────────────┤
│ 0       │ 1  │ 'John Doe' │ 2026-03-12T09:51:29.000Z │
│ 1       │ 2  │ 'John Doe' │ 2026-03-12T09:53:03.000Z │
│ 2       │ 3  │ 'John Doe' │ 2026-03-21T13:39:09.000Z │
│ 3       │ 4  │ 'John Doe' │ 2026-03-26T09:26:31.000Z │
│ 4       │ 5  │ 'John Doe' │ 2026-03-26T09:26:40.000Z │
│ 5       │ 6  │ 'John Doe' │ 2026-03-26T09:26:41.000Z │
│ 6       │ 7  │ 'John Doe' │ 2026-03-26T09:51:56.000Z │
│ 7       │ 8  │ 'John Doe' │ 2026-03-26T09:52:17.000Z │
│ 8       │ 9  │ 'John Doe' │ 2026-03-26T09:52:39.000Z │
│ 9       │ 10 │ 'John Doe' │ 2026-03-26T09:53:49.000Z │
│ 10      │ 11 │ 'John Doe' │ 2026-03-26T09:54:59.000Z │
└─────────┴────┴────────────┴──────────────────────────┘
172.26.0.4 - - [26/Mar/2026:09:55:08 +0000] GET / 200 6.660 ms - 974
Calling conn.end() to release a pooled connection is deprecated. In next version calling conn.end() will be restored to default conn.end() behavior. Use conn.release() instead.
Query Ran: SELECT * FROM `test_table`
172.26.0.4 - - [26/Mar/2026:09:55:32 +0000] GET / 304 1.288 ms - -
Calling conn.end() to release a pooled connection is deprecated. In next version calling conn.end() will be restored to default conn.end() behavior. Use conn.release() instead.
Query Ran: SELECT * FROM `test_table`
172.26.0.4 - - [26/Mar/2026:09:55:34 +0000] GET / 304 1.059 ms - -
Calling conn.end() to release a pooled connection is deprecated. In next version calling conn.end() will be restored to default conn.end() behavior. Use conn.release() instead.
Query Ran: SELECT * FROM `test_table`
[32m[nodemon] restarting due to changes...[39m
[32m[nodemon] starting `node ./index.js localhost 3000`[39m
Server running at http://nodejs_2526-cs7025-group1:3000/
Table 'test_table' is ready.
Inserted row with id: 12n
Table contents:
┌─────────┬────┬────────────┬──────────────────────────┐
│ (index) │ id │ name       │ created_at               │
├─────────┼────┼────────────┼──────────────────────────┤
│ 0       │ 1  │ 'John Doe' │ 2026-03-12T09:51:29.000Z │
│ 1       │ 2  │ 'John Doe' │ 2026-03-12T09:53:03.000Z │
│ 2       │ 3  │ 'John Doe' │ 2026-03-21T13:39:09.000Z │
│ 3       │ 4  │ 'John Doe' │ 2026-03-26T09:26:31.000Z │
│ 4       │ 5  │ 'John Doe' │ 2026-03-26T09:26:40.000Z │
│ 5       │ 6  │ 'John Doe' │ 2026-03-26T09:26:41.000Z │
│ 6       │ 7  │ 'John Doe' │ 2026-03-26T09:51:56.000Z │
│ 7       │ 8  │ 'John Doe' │ 2026-03-26T09:52:17.000Z │
│ 8       │ 9  │ 'John Doe' │ 2026-03-26T09:52:39.000Z │
│ 9       │ 10 │ 'John Doe' │ 2026-03-26T09:53:49.000Z │
│ 10      │ 11 │ 'John Doe' │ 2026-03-26T09:54:59.000Z │
│ 11      │ 12 │ 'John Doe' │ 2026-03-26T09:57:58.000Z │
└─────────┴────┴────────────┴──────────────────────────┘
172.26.0.4 - - [26/Mar/2026:17:42:37 +0000] GET / 200 73.360 ms - 974
Calling conn.end() to release a pooled connection is deprecated. In next version calling conn.end() will be restored to default conn.end() behavior. Use conn.release() instead.
Query Ran: SELECT * FROM `test_table`
172.26.0.4 - - [26/Mar/2026:17:42:37 +0000] GET /favicon.ico 404 1.252 ms - 150
172.26.0.4 - - [08/Apr/2026:13:48:53 +0000] GET / 200 27.884 ms - 974
Calling conn.end() to release a pooled connection is deprecated. In next version calling conn.end() will be restored to default conn.end() behavior. Use conn.release() instead.
Query Ran: SELECT * FROM `test_table`
172.26.0.4 - - [08/Apr/2026:13:48:53 +0000] GET /favicon.ico 404 0.222 ms - 150
172.26.0.4 - - [08/Apr/2026:14:05:38 +0000] GET / 304 1.577 ms - -
Calling conn.end() to release a pooled connection is deprecated. In next version calling conn.end() will be restored to default conn.end() behavior. Use conn.release() instead.
Query Ran: SELECT * FROM `test_table`
172.26.0.4 - - [09/Apr/2026:10:21:55 +0000] GET / 200 8.937 ms - 974
Calling conn.end() to release a pooled connection is deprecated. In next version calling conn.end() will be restored to default conn.end() behavior. Use conn.release() instead.
Query Ran: SELECT * FROM `test_table`
172.26.0.4 - - [09/Apr/2026:10:21:55 +0000] GET /favicon.ico 404 0.141 ms - 150
172.26.0.4 - - [09/Apr/2026:10:29:56 +0000] GET / 304 0.746 ms - -
Calling conn.end() to release a pooled connection is deprecated. In next version calling conn.end() will be restored to default conn.end() behavior. Use conn.release() instead.
Query Ran: SELECT * FROM `test_table`
172.26.0.4 - - [09/Apr/2026:10:38:38 +0000] GET / 304 0.591 ms - -
Calling conn.end() to release a pooled connection is deprecated. In next version calling conn.end() will be restored to default conn.end() behavior. Use conn.release() instead.
Query Ran: SELECT * FROM `test_table`
172.26.0.4 - - [09/Apr/2026:10:38:38 +0000] GET /favicon.ico 404 0.160 ms - 150
172.26.0.4 - - [09/Apr/2026:11:25:12 +0000] GET / 200 0.720 ms - 974
Calling conn.end() to release a pooled connection is deprecated. In next version calling conn.end() will be restored to default conn.end() behavior. Use conn.release() instead.
Query Ran: SELECT * FROM `test_table`
172.26.0.4 - - [09/Apr/2026:11:25:12 +0000] GET /favicon.ico 404 0.242 ms - 150
172.26.0.4 - - [09/Apr/2026:12:51:01 +0000] GET / 304 8.532 ms - -
Calling conn.end() to release a pooled connection is deprecated. In next version calling conn.end() will be restored to default conn.end() behavior. Use conn.release() instead.
Query Ran: SELECT * FROM `test_table`
172.26.0.4 - - [09/Apr/2026:12:51:01 +0000] GET /favicon.ico 404 0.158 ms - 150
[32m[nodemon] restarting due to changes...[39m
[32m[nodemon] restarting due to changes...[39m
[32m[nodemon] starting `node ./index.js localhost 3000`[39m
[32m[nodemon] restarting due to changes...[39m
[32m[nodemon] starting `node ./index.js localhost 3000`[39m
[32m[nodemon] restarting due to changes...[39m
[32m[nodemon] restarting due to changes...[39m
[32m[nodemon] starting `node ./index.js localhost 3000`[39m
Server running at http://nodejs_2526-cs7025-group1:3000/
Table 'test_table' is ready.
Inserted row with id: 13n
Table contents:
┌─────────┬────┬────────────┬──────────────────────────┐
│ (index) │ id │ name       │ created_at               │
├─────────┼────┼────────────┼──────────────────────────┤
│ 0       │ 1  │ 'John Doe' │ 2026-03-12T08:51:29.000Z │
│ 1       │ 2  │ 'John Doe' │ 2026-03-12T08:53:03.000Z │
│ 2       │ 3  │ 'John Doe' │ 2026-03-21T12:39:09.000Z │
│ 3       │ 4  │ 'John Doe' │ 2026-03-26T08:26:31.000Z │
│ 4       │ 5  │ 'John Doe' │ 2026-03-26T08:26:40.000Z │
│ 5       │ 6  │ 'John Doe' │ 2026-03-26T08:26:41.000Z │
│ 6       │ 7  │ 'John Doe' │ 2026-03-26T08:51:56.000Z │
│ 7       │ 8  │ 'John Doe' │ 2026-03-26T08:52:17.000Z │
│ 8       │ 9  │ 'John Doe' │ 2026-03-26T08:52:39.000Z │
│ 9       │ 10 │ 'John Doe' │ 2026-03-26T08:53:49.000Z │
│ 10      │ 11 │ 'John Doe' │ 2026-03-26T08:54:59.000Z │
│ 11      │ 12 │ 'John Doe' │ 2026-03-26T08:57:58.000Z │
│ 12      │ 13 │ 'John Doe' │ 2026-04-09T12:10:23.000Z │
└─────────┴────┴────────────┴──────────────────────────┘
[32m[nodemon] restarting due to changes...[39m
[32m[nodemon] restarting due to changes...[39m
[32m[nodemon] starting `node ./index.js localhost 3000`[39m
[32m[nodemon] restarting due to changes...[39m
[32m[nodemon] restarting due to changes...[39m
[32m[nodemon] starting `node ./index.js localhost 3000`[39m
Server running at http://nodejs_2526-cs7025-group1:3000/
Table 'test_table' is ready.
Inserted row with id: 14n
Table contents:
┌─────────┬────┬────────────┬──────────────────────────┐
│ (index) │ id │ name       │ created_at               │
├─────────┼────┼────────────┼──────────────────────────┤
│ 0       │ 1  │ 'John Doe' │ 2026-03-12T08:51:29.000Z │
│ 1       │ 2  │ 'John Doe' │ 2026-03-12T08:53:03.000Z │
│ 2       │ 3  │ 'John Doe' │ 2026-03-21T12:39:09.000Z │
│ 3       │ 4  │ 'John Doe' │ 2026-03-26T08:26:31.000Z │
│ 4       │ 5  │ 'John Doe' │ 2026-03-26T08:26:40.000Z │
│ 5       │ 6  │ 'John Doe' │ 2026-03-26T08:26:41.000Z │
│ 6       │ 7  │ 'John Doe' │ 2026-03-26T08:51:56.000Z │
│ 7       │ 8  │ 'John Doe' │ 2026-03-26T08:52:17.000Z │
│ 8       │ 9  │ 'John Doe' │ 2026-03-26T08:52:39.000Z │
│ 9       │ 10 │ 'John Doe' │ 2026-03-26T08:53:49.000Z │
│ 10      │ 11 │ 'John Doe' │ 2026-03-26T08:54:59.000Z │
│ 11      │ 12 │ 'John Doe' │ 2026-03-26T08:57:58.000Z │
│ 12      │ 13 │ 'John Doe' │ 2026-04-09T12:10:23.000Z │
│ 13      │ 14 │ 'John Doe' │ 2026-04-09T12:10:34.000Z │
└─────────┴────┴────────────┴──────────────────────────┘
[32m[nodemon] restarting due to changes...[39m
[32m[nodemon] restarting due to changes...[39m
[32m[nodemon] starting `node ./index.js localhost 3000`[39m
[32m[nodemon] restarting due to changes...[39m
[32m[nodemon] restarting due to changes...[39m
[32m[nodemon] starting `node ./index.js localhost 3000`[39m
[32m[nodemon] restarting due to changes...[39m
[32m[nodemon] restarting due to changes...[39m
[32m[nodemon] starting `node ./index.js localhost 3000`[39m
[32m[nodemon] restarting due to changes...[39m
[32m[nodemon] restarting due to changes...[39m
[32m[nodemon] starting `node ./index.js localhost 3000`[39m
[32m[nodemon] restarting due to changes...[39m
[32m[nodemon] restarting due to changes...[39m
[32m[nodemon] starting `node ./index.js localhost 3000`[39m
[32m[nodemon] restarting due to changes...[39m
[32m[nodemon] restarting due to changes...[39m
[32m[nodemon] starting `node ./index.js localhost 3000`[39m
[32m[nodemon] restarting due to changes...[39m
[32m[nodemon] restarting due to changes...[39m
[32m[nodemon] starting `node ./index.js localhost 3000`[39m
[32m[nodemon] restarting due to changes...[39m
[32m[nodemon] restarting due to changes...[39m
[32m[nodemon] starting `node ./index.js localhost 3000`[39m
[32m[nodemon] restarting due to changes...[39m
[32m[nodemon] restarting due to changes...[39m
[32m[nodemon] starting `node ./index.js localhost 3000`[39m
[32m[nodemon] restarting due to changes...[39m
[32m[nodemon] restarting due to changes...[39m
[32m[nodemon] starting `node ./index.js localhost 3000`[39m
[32m[nodemon] restarting due to changes...[39m
[32m[nodemon] restarting due to changes...[39m
[32m[nodemon] starting `node ./index.js localhost 3000`[39m
[32m[nodemon] restarting due to changes...[39m
[32m[nodemon] restarting due to changes...[39m
[32m[nodemon] starting `node ./index.js localhost 3000`[39m
[32m[nodemon] restarting due to changes...[39m
[32m[nodemon] restarting due to changes...[39m
[32m[nodemon] starting `node ./index.js localhost 3000`[39m
[32m[nodemon] restarting due to changes...[39m
[32m[nodemon] restarting due to changes...[39m
[32m[nodemon] starting `node ./index.js localhost 3000`[39m
[32m[nodemon] restarting due to changes...[39m
[32m[nodemon] restarting due to changes...[39m
[32m[nodemon] starting `node ./index.js localhost 3000`[39m
[32m[nodemon] restarting due to changes...[39m
[32m[nodemon] restarting due to changes...[39m
[32m[nodemon] starting `node ./index.js localhost 3000`[39m
[32m[nodemon] restarting due to changes...[39m
[32m[nodemon] restarting due to changes...[39m
[32m[nodemon] starting `node ./index.js localhost 3000`[39m
[32m[nodemon] restarting due to changes...[39m
[32m[nodemon] restarting due to changes...[39m
[32m[nodemon] starting `node ./index.js localhost 3000`[39m
[32m[nodemon] restarting due to changes...[39m
[32m[nodemon] restarting due to changes...[39m
[32m[nodemon] starting `node ./index.js localhost 3000`[39m
Server running at http://nodejs_2526-cs7025-group1:3000/
Table 'test_table' is ready.
Inserted row with id: 15n
Table contents:
┌─────────┬────┬────────────┬──────────────────────────┐
│ (index) │ id │ name       │ created_at               │
├─────────┼────┼────────────┼──────────────────────────┤
│ 0       │ 1  │ 'John Doe' │ 2026-03-12T08:51:29.000Z │
│ 1       │ 2  │ 'John Doe' │ 2026-03-12T08:53:03.000Z │
│ 2       │ 3  │ 'John Doe' │ 2026-03-21T12:39:09.000Z │
│ 3       │ 4  │ 'John Doe' │ 2026-03-26T08:26:31.000Z │
│ 4       │ 5  │ 'John Doe' │ 2026-03-26T08:26:40.000Z │
│ 5       │ 6  │ 'John Doe' │ 2026-03-26T08:26:41.000Z │
│ 6       │ 7  │ 'John Doe' │ 2026-03-26T08:51:56.000Z │
│ 7       │ 8  │ 'John Doe' │ 2026-03-26T08:52:17.000Z │
│ 8       │ 9  │ 'John Doe' │ 2026-03-26T08:52:39.000Z │
│ 9       │ 10 │ 'John Doe' │ 2026-03-26T08:53:49.000Z │
│ 10      │ 11 │ 'John Doe' │ 2026-03-26T08:54:59.000Z │
│ 11      │ 12 │ 'John Doe' │ 2026-03-26T08:57:58.000Z │
│ 12      │ 13 │ 'John Doe' │ 2026-04-09T12:10:23.000Z │
│ 13      │ 14 │ 'John Doe' │ 2026-04-09T12:10:34.000Z │
│ 14      │ 15 │ 'John Doe' │ 2026-04-09T12:20:38.000Z │
└─────────┴────┴────────────┴──────────────────────────┘
[32m[nodemon] restarting due to changes...[39m
[32m[nodemon] starting `node ./index.js localhost 3000`[39m
[32m[nodemon] restarting due to changes...[39m
[32m[nodemon] restarting due to changes...[39m
[32m[nodemon] restarting due to changes...[39m
[32m[nodemon] restarting due to changes...[39m
[32m[nodemon] restarting due to changes...[39m
[32m[nodemon] restarting due to changes...[39m
[32m[nodemon] starting `node ./index.js localhost 3000`[39m
[32m[nodemon] restarting due to changes...[39m
[32m[nodemon] restarting due to changes...[39m
[32m[nodemon] restarting due to changes...[39m
[32m[nodemon] restarting due to changes...[39m
[32m[nodemon] restarting due to changes...[39m
[32m[nodemon] starting `node ./index.js localhost 3000`[39m
[32m[nodemon] restarting due to changes...[39m
[32m[nodemon] restarting due to changes...[39m
[32m[nodemon] restarting due to changes...[39m
[32m[nodemon] restarting due to changes...[39m
[32m[nodemon] restarting due to changes...[39m
[32m[nodemon] restarting due to changes...[39m
[32m[nodemon] restarting due to changes...[39m
[32m[nodemon] restarting due to changes...[39m
[32m[nodemon] restarting due to changes...[39m
[32m[nodemon] restarting due to changes...[39m
[32m[nodemon] restarting due to changes...[39m
[32m[nodemon] restarting due to changes...[39m
[32m[nodemon] starting `node ./index.js localhost 3000`[39m
Server running at http://nodejs_2526-cs7025-group1:3000/
Table 'test_table' is ready.
Inserted row with id: 16n
Table contents:
┌─────────┬────┬────────────┬──────────────────────────┐
│ (index) │ id │ name       │ created_at               │
├─────────┼────┼────────────┼──────────────────────────┤
│ 0       │ 1  │ 'John Doe' │ 2026-03-12T08:51:29.000Z │
│ 1       │ 2  │ 'John Doe' │ 2026-03-12T08:53:03.000Z │
│ 2       │ 3  │ 'John Doe' │ 2026-03-21T12:39:09.000Z │
│ 3       │ 4  │ 'John Doe' │ 2026-03-26T08:26:31.000Z │
│ 4       │ 5  │ 'John Doe' │ 2026-03-26T08:26:40.000Z │
│ 5       │ 6  │ 'John Doe' │ 2026-03-26T08:26:41.000Z │
│ 6       │ 7  │ 'John Doe' │ 2026-03-26T08:51:56.000Z │
│ 7       │ 8  │ 'John Doe' │ 2026-03-26T08:52:17.000Z │
│ 8       │ 9  │ 'John Doe' │ 2026-03-26T08:52:39.000Z │
│ 9       │ 10 │ 'John Doe' │ 2026-03-26T08:53:49.000Z │
│ 10      │ 11 │ 'John Doe' │ 2026-03-26T08:54:59.000Z │
│ 11      │ 12 │ 'John Doe' │ 2026-03-26T08:57:58.000Z │
│ 12      │ 13 │ 'John Doe' │ 2026-04-09T12:10:23.000Z │
│ 13      │ 14 │ 'John Doe' │ 2026-04-09T12:10:34.000Z │
│ 14      │ 15 │ 'John Doe' │ 2026-04-09T12:20:38.000Z │
│ 15      │ 16 │ 'John Doe' │ 2026-04-09T12:21:07.000Z │
└─────────┴────┴────────────┴──────────────────────────┘
[32m[nodemon] restarting due to changes...[39m
[32m[nodemon] starting `node ./index.js localhost 3000`[39m
[32m[nodemon] restarting due to changes...[39m
[32m[nodemon] restarting due to changes...[39m
[32m[nodemon] restarting due to changes...[39m
[32m[nodemon] starting `node ./index.js localhost 3000`[39m
[32m[nodemon] restarting due to changes...[39m
[32m[nodemon] restarting due to changes...[39m
[32m[nodemon] restarting due to changes...[39m
[32m[nodemon] restarting due to changes...[39m
[32m[nodemon] starting `node ./index.js localhost 3000`[39m
Server running at http://nodejs_2526-cs7025-group1:3000/
Table 'test_table' is ready.
Inserted row with id: 17n
Table contents:
[32m[nodemon] restarting due to changes...[39m
┌─────────┬────┬────────────┬──────────────────────────┐
│ (index) │ id │ name       │ created_at               │
├─────────┼────┼────────────┼──────────────────────────┤
│ 0       │ 1  │ 'John Doe' │ 2026-03-12T08:51:29.000Z │
│ 1       │ 2  │ 'John Doe' │ 2026-03-12T08:53:03.000Z │
│ 2       │ 3  │ 'John Doe' │ 2026-03-21T12:39:09.000Z │
│ 3       │ 4  │ 'John Doe' │ 2026-03-26T08:26:31.000Z │
│ 4       │ 5  │ 'John Doe' │ 2026-03-26T08:26:40.000Z │
│ 5       │ 6  │ 'John Doe' │ 2026-03-26T08:26:41.000Z │
│ 6       │ 7  │ 'John Doe' │ 2026-03-26T08:51:56.000Z │
│ 7       │ 8  │ 'John Doe' │ 2026-03-26T08:52:17.000Z │
│ 8       │ 9  │ 'John Doe' │ 2026-03-26T08:52:39.000Z │
│ 9       │ 10 │ 'John Doe' │ 2026-03-26T08:53:49.000Z │
│ 10      │ 11 │ 'John Doe' │ 2026-03-26T08:54:59.000Z │
│ 11      │ 12 │ 'John Doe' │ 2026-03-26T08:57:58.000Z │
│ 12      │ 13 │ 'John Doe' │ 2026-04-09T12:10:23.000Z │
│ 13      │ 14 │ 'John Doe' │ 2026-04-09T12:10:34.000Z │
│ 14      │ 15 │ 'John Doe' │ 2026-04-09T12:20:38.000Z │
│ 15      │ 16 │ 'John Doe' │ 2026-04-09T12:21:07.000Z │
│ 16      │ 17 │ 'John Doe' │ 2026-04-09T12:21:08.000Z │
└─────────┴────┴────────────┴──────────────────────────┘
[32m[nodemon] starting `node ./index.js localhost 3000`[39m
[32m[nodemon] restarting due to changes...[39m
[32m[nodemon] starting `node ./index.js localhost 3000`[39m
Server running at http://nodejs_2526-cs7025-group1:3000/
Table 'test_table' is ready.
Inserted row with id: 18n
Table contents:
┌─────────┬────┬────────────┬──────────────────────────┐
│ (index) │ id │ name       │ created_at               │
├─────────┼────┼────────────┼──────────────────────────┤
│ 0       │ 1  │ 'John Doe' │ 2026-03-12T08:51:29.000Z │
│ 1       │ 2  │ 'John Doe' │ 2026-03-12T08:53:03.000Z │
│ 2       │ 3  │ 'John Doe' │ 2026-03-21T12:39:09.000Z │
│ 3       │ 4  │ 'John Doe' │ 2026-03-26T08:26:31.000Z │
│ 4       │ 5  │ 'John Doe' │ 2026-03-26T08:26:40.000Z │
│ 5       │ 6  │ 'John Doe' │ 2026-03-26T08:26:41.000Z │
│ 6       │ 7  │ 'John Doe' │ 2026-03-26T08:51:56.000Z │
│ 7       │ 8  │ 'John Doe' │ 2026-03-26T08:52:17.000Z │
│ 8       │ 9  │ 'John Doe' │ 2026-03-26T08:52:39.000Z │
│ 9       │ 10 │ 'John Doe' │ 2026-03-26T08:53:49.000Z │
│ 10      │ 11 │ 'John Doe' │ 2026-03-26T08:54:59.000Z │
│ 11      │ 12 │ 'John Doe' │ 2026-03-26T08:57:58.000Z │
│ 12      │ 13 │ 'John Doe' │ 2026-04-09T12:10:23.000Z │
│ 13      │ 14 │ 'John Doe' │ 2026-04-09T12:10:34.000Z │
│ 14      │ 15 │ 'John Doe' │ 2026-04-09T12:20:38.000Z │
│ 15      │ 16 │ 'John Doe' │ 2026-04-09T12:21:07.000Z │
│ 16      │ 17 │ 'John Doe' │ 2026-04-09T12:21:08.000Z │
│ 17      │ 18 │ 'John Doe' │ 2026-04-09T12:21:08.000Z │
└─────────┴────┴────────────┴──────────────────────────┘
[32m[nodemon] restarting due to changes...[39m
[32m[nodemon] starting `node ./index.js localhost 3000`[39m
node:internal/modules/cjs/loader:1458
  throw err;
  ^

Error: Cannot find module '/app/index.js'
    at Module._resolveFilename (node:internal/modules/cjs/loader:1455:15)
    at defaultResolveImpl (node:internal/modules/cjs/loader:1065:19)
    at resolveForCJSWithHooks (node:internal/modules/cjs/loader:1070:22)
    at Module._load (node:internal/modules/cjs/loader:1241:25)
    at wrapModuleLoad (node:internal/modules/cjs/loader:255:19)
    at Module.executeUserEntryPoint [as runMain] (node:internal/modules/run_main:154:5)
    at node:internal/main/run_main_module:33:47 {
  code: 'MODULE_NOT_FOUND',
  requireStack: []
}

Node.js v25.6.1
[31m[nodemon] app crashed - waiting for file changes before starting...[39m
[32m[nodemon] restarting due to changes...[39m
[32m[nodemon] starting `node ./index.js localhost 3000`[39m
node:internal/modules/cjs/loader:1458
  throw err;
  ^

Error: Cannot find module '/app/index.js'
    at Module._resolveFilename (node:internal/modules/cjs/loader:1455:15)
    at defaultResolveImpl (node:internal/modules/cjs/loader:1065:19)
    at resolveForCJSWithHooks (node:internal/modules/cjs/loader:1070:22)
    at Module._load (node:internal/modules/cjs/loader:1241:25)
    at wrapModuleLoad (node:internal/modules/cjs/loader:255:19)
    at Module.executeUserEntryPoint [as runMain] (node:internal/modules/run_main:154:5)
    at node:internal/main/run_main_module:33:47 {
  code: 'MODULE_NOT_FOUND',
  requireStack: []
}

Node.js v25.6.1
[31m[nodemon] app crashed - waiting for file changes before starting...[39m
[32m[nodemon] restarting due to changes...[39m
[32m[nodemon] starting `node ./index.js localhost 3000`[39m
[32m[nodemon] restarting due to changes...[39m
[32m[nodemon] starting `node ./index.js localhost 3000`[39m
[32m[nodemon] restarting due to changes...[39m
[32m[nodemon] starting `node ./index.js localhost 3000`[39m
node:internal/modules/cjs/loader:1458
  throw err;
  ^

Error: Cannot find module 'express-fileupload'
Require stack:
- /app/index.js
    at Module._resolveFilename (node:internal/modules/cjs/loader:1455:15)
    at defaultResolveImpl (node:internal/modules/cjs/loader:1065:19)
    at resolveForCJSWithHooks (node:internal/modules/cjs/loader:1070:22)
    at Module._load (node:internal/modules/cjs/loader:1241:25)
    at wrapModuleLoad (node:internal/modules/cjs/loader:255:19)
    at Module.require (node:internal/modules/cjs/loader:1555:12)
    at require (node:internal/modules/helpers:152:16)
    at Object.<anonymous> (/app/index.js:6:20)
    at Module._compile (node:internal/modules/cjs/loader:1811:14)
    at Object..js (node:internal/modules/cjs/loader:1942:10) {
  code: 'MODULE_NOT_FOUND',
  requireStack: [ '/app/index.js' ]
}

Node.js v25.6.1
[31m[nodemon] app crashed - waiting for file changes before starting...[39m
[32m[nodemon] restarting due to changes...[39m
[32m[nodemon] starting `node ./index.js localhost 3000`[39m
node:internal/modules/cjs/loader:1458
  throw err;
  ^

Error: Cannot find module 'express-fileupload'
Require stack:
- /app/index.js
    at Module._resolveFilename (node:internal/modules/cjs/loader:1455:15)
    at defaultResolveImpl (node:internal/modules/cjs/loader:1065:19)
    at resolveForCJSWithHooks (node:internal/modules/cjs/loader:1070:22)
    at Module._load (node:internal/modules/cjs/loader:1241:25)
    at wrapModuleLoad (node:internal/modules/cjs/loader:255:19)
    at Module.require (node:internal/modules/cjs/loader:1555:12)
    at require (node:internal/modules/helpers:152:16)
    at Object.<anonymous> (/app/index.js:6:20)
    at Module._compile (node:internal/modules/cjs/loader:1811:14)
    at Object..js (node:internal/modules/cjs/loader:1942:10) {
  code: 'MODULE_NOT_FOUND',
  requireStack: [ '/app/index.js' ]
}

Node.js v25.6.1
[31m[nodemon] app crashed - waiting for file changes before starting...[39m
[32m[nodemon] restarting due to changes...[39m
[32m[nodemon] starting `node ./index.js localhost 3000`[39m
◇ injected env (0) from .env // tip: ⌘ custom filepath { path: '/custom/path/.env' }
◇ injected env (0) from .env // tip: ◈ secrets for agents [www.dotenvx.com]
Server running on http://localhost:3000
DBCONFIG {
  host: undefined,
  database: undefined,
  user: undefined,
  password: undefined
}
Error
    at Object.createConnectionPromise [as createConnection] (/app/node_modules/mysql2/promise.js:19:31)
    at PostModel.getPosts (/app/models/postmodel.js:13:37)
    at getHomepage (/app/controllers/postcontroller.js:27:38)
    at Layer.handleRequest (/app/node_modules/router/lib/layer.js:152:17)
    at next (/app/node_modules/router/lib/route.js:157:13)
    at Route.dispatch (/app/node_modules/router/lib/route.js:117:3)
    at handle (/app/node_modules/router/index.js:435:11)
    at Layer.handleRequest (/app/node_modules/router/lib/layer.js:152:17)
    at /app/node_modules/router/index.js:295:15
    at processParams (/app/node_modules/router/index.js:582:12)
DBCONFIG {
  host: undefined,
  database: undefined,
  user: undefined,
  password: undefined
}
Error
    at Object.createConnectionPromise [as createConnection] (/app/node_modules/mysql2/promise.js:19:31)
    at PostModel.getPosts (/app/models/postmodel.js:13:37)
    at getHomepage (/app/controllers/postcontroller.js:27:38)
    at Layer.handleRequest (/app/node_modules/router/lib/layer.js:152:17)
    at next (/app/node_modules/router/lib/route.js:157:13)
    at Route.dispatch (/app/node_modules/router/lib/route.js:117:3)
    at handle (/app/node_modules/router/index.js:435:11)
    at Layer.handleRequest (/app/node_modules/router/lib/layer.js:152:17)
    at /app/node_modules/router/index.js:295:15
    at processParams (/app/node_modules/router/index.js:582:12)
DBCONFIG {
  host: undefined,
  database: undefined,
  user: undefined,
  password: undefined
}
Error
    at Object.createConnectionPromise [as createConnection] (/app/node_modules/mysql2/promise.js:19:31)
    at PostModel.getPosts (/app/models/postmodel.js:13:37)
    at getHomepage (/app/controllers/postcontroller.js:27:38)
    at Layer.handleRequest (/app/node_modules/router/lib/layer.js:152:17)
    at next (/app/node_modules/router/lib/route.js:157:13)
    at Route.dispatch (/app/node_modules/router/lib/route.js:117:3)
    at handle (/app/node_modules/router/index.js:435:11)
    at Layer.handleRequest (/app/node_modules/router/lib/layer.js:152:17)
    at /app/node_modules/router/index.js:295:15
    at processParams (/app/node_modules/router/index.js:582:12)
[32m[nodemon] restarting due to changes...[39m
[32m[nodemon] starting `node ./index.js localhost 3000`[39m
◇ injected env (5) from .env // tip: ⌘ custom filepath { path: '/custom/path/.env' }
◇ injected env (0) from .env // tip: ⌘ override existing { override: true }
Server running on http://localhost:3000
DBCONFIG {
  host: 'mariadb_2526-cs7025-group1',
  database: '2526-cs7025-group1_db',
  user: 'mariadb_2526-cs7025-group1',
  password: 'yUDpZFKQlGaSqDyC'
}
Error: Access denied for user 'mariadb_2526-cs7025-group1'@'172.26.0.2' (using password: YES)
    at Object.createConnectionPromise [as createConnection] (/app/node_modules/mysql2/promise.js:19:31)
    at PostModel.getPosts (/app/models/postmodel.js:13:37)
    at getHomepage (/app/controllers/postcontroller.js:27:38)
    at Layer.handleRequest (/app/node_modules/router/lib/layer.js:152:17)
    at next (/app/node_modules/router/lib/route.js:157:13)
    at Route.dispatch (/app/node_modules/router/lib/route.js:117:3)
    at handle (/app/node_modules/router/index.js:435:11)
    at Layer.handleRequest (/app/node_modules/router/lib/layer.js:152:17)
    at /app/node_modules/router/index.js:295:15
    at processParams (/app/node_modules/router/index.js:582:12)
DBCONFIG {
  host: 'mariadb_2526-cs7025-group1',
  database: '2526-cs7025-group1_db',
  user: 'mariadb_2526-cs7025-group1',
  password: 'yUDpZFKQlGaSqDyC'
}
Error: Access denied for user 'mariadb_2526-cs7025-group1'@'172.26.0.2' (using password: YES)
    at Object.createConnectionPromise [as createConnection] (/app/node_modules/mysql2/promise.js:19:31)
    at PostModel.getPosts (/app/models/postmodel.js:13:37)
    at getHomepage (/app/controllers/postcontroller.js:27:38)
    at Layer.handleRequest (/app/node_modules/router/lib/layer.js:152:17)
    at next (/app/node_modules/router/lib/route.js:157:13)
    at Route.dispatch (/app/node_modules/router/lib/route.js:117:3)
    at handle (/app/node_modules/router/index.js:435:11)
    at Layer.handleRequest (/app/node_modules/router/lib/layer.js:152:17)
    at /app/node_modules/router/index.js:295:15
    at processParams (/app/node_modules/router/index.js:582:12)
DBCONFIG {
  host: 'mariadb_2526-cs7025-group1',
  database: '2526-cs7025-group1_db',
  user: 'mariadb_2526-cs7025-group1',
  password: 'yUDpZFKQlGaSqDyC'
}
Error: Access denied for user 'mariadb_2526-cs7025-group1'@'172.26.0.2' (using password: YES)
    at Object.createConnectionPromise [as createConnection] (/app/node_modules/mysql2/promise.js:19:31)
    at PostModel.getPosts (/app/models/postmodel.js:13:37)
    at getHomepage (/app/controllers/postcontroller.js:27:38)
    at Layer.handleRequest (/app/node_modules/router/lib/layer.js:152:17)
    at next (/app/node_modules/router/lib/route.js:157:13)
    at Route.dispatch (/app/node_modules/router/lib/route.js:117:3)
    at handle (/app/node_modules/router/index.js:435:11)
    at Layer.handleRequest (/app/node_modules/router/lib/layer.js:152:17)
    at /app/node_modules/router/index.js:295:15
    at processParams (/app/node_modules/router/index.js:582:12)
DBCONFIG {
  host: 'mariadb_2526-cs7025-group1',
  database: '2526-cs7025-group1_db',
  user: 'mariadb_2526-cs7025-group1',
  password: 'yUDpZFKQlGaSqDyC'
}
Error: Access denied for user 'mariadb_2526-cs7025-group1'@'172.26.0.2' (using password: YES)
    at Object.createConnectionPromise [as createConnection] (/app/node_modules/mysql2/promise.js:19:31)
    at PostModel.getPosts (/app/models/postmodel.js:13:37)
    at getHomepage (/app/controllers/postcontroller.js:27:38)
    at Layer.handleRequest (/app/node_modules/router/lib/layer.js:152:17)
    at next (/app/node_modules/router/lib/route.js:157:13)
    at Route.dispatch (/app/node_modules/router/lib/route.js:117:3)
    at handle (/app/node_modules/router/index.js:435:11)
    at Layer.handleRequest (/app/node_modules/router/lib/layer.js:152:17)
    at /app/node_modules/router/index.js:295:15
    at processParams (/app/node_modules/router/index.js:582:12)
DBCONFIG {
  host: 'mariadb_2526-cs7025-group1',
  database: '2526-cs7025-group1_db',
  user: 'mariadb_2526-cs7025-group1',
  password: 'yUDpZFKQlGaSqDyC'
}
Error: Access denied for user 'mariadb_2526-cs7025-group1'@'172.26.0.2' (using password: YES)
    at Object.createConnectionPromise [as createConnection] (/app/node_modules/mysql2/promise.js:19:31)
    at PostModel.getPosts (/app/models/postmodel.js:13:37)
    at getHomepage (/app/controllers/postcontroller.js:27:38)
    at Layer.handleRequest (/app/node_modules/router/lib/layer.js:152:17)
    at next (/app/node_modules/router/lib/route.js:157:13)
    at Route.dispatch (/app/node_modules/router/lib/route.js:117:3)
    at handle (/app/node_modules/router/index.js:435:11)
    at Layer.handleRequest (/app/node_modules/router/lib/layer.js:152:17)
    at /app/node_modules/router/index.js:295:15
    at processParams (/app/node_modules/router/index.js:582:12)
DBCONFIG {
  host: 'mariadb_2526-cs7025-group1',
  database: '2526-cs7025-group1_db',
  user: 'mariadb_2526-cs7025-group1',
  password: 'yUDpZFKQlGaSqDyC'
}
Error: Access denied for user 'mariadb_2526-cs7025-group1'@'172.26.0.2' (using password: YES)
    at Object.createConnectionPromise [as createConnection] (/app/node_modules/mysql2/promise.js:19:31)
    at PostModel.getPosts (/app/models/postmodel.js:13:37)
    at getHomepage (/app/controllers/postcontroller.js:27:38)
    at Layer.handleRequest (/app/node_modules/router/lib/layer.js:152:17)
    at next (/app/node_modules/router/lib/route.js:157:13)
    at Route.dispatch (/app/node_modules/router/lib/route.js:117:3)
    at handle (/app/node_modules/router/index.js:435:11)
    at Layer.handleRequest (/app/node_modules/router/lib/layer.js:152:17)
    at /app/node_modules/router/index.js:295:15
    at processParams (/app/node_modules/router/index.js:582:12)
DBCONFIG {
  host: 'mariadb_2526-cs7025-group1',
  database: '2526-cs7025-group1_db',
  user: 'mariadb_2526-cs7025-group1',
  password: 'yUDpZFKQlGaSqDyC'
}
Error: Access denied for user 'mariadb_2526-cs7025-group1'@'172.26.0.2' (using password: YES)
    at Object.createConnectionPromise [as createConnection] (/app/node_modules/mysql2/promise.js:19:31)
    at PostModel.getPosts (/app/models/postmodel.js:13:37)
    at getHomepage (/app/controllers/postcontroller.js:27:38)
    at Layer.handleRequest (/app/node_modules/router/lib/layer.js:152:17)
    at next (/app/node_modules/router/lib/route.js:157:13)
    at Route.dispatch (/app/node_modules/router/lib/route.js:117:3)
    at handle (/app/node_modules/router/index.js:435:11)
    at Layer.handleRequest (/app/node_modules/router/lib/layer.js:152:17)
    at /app/node_modules/router/index.js:295:15
    at processParams (/app/node_modules/router/index.js:582:12)
DBCONFIG {
  host: 'mariadb_2526-cs7025-group1',
  database: '2526-cs7025-group1_db',
  user: 'mariadb_2526-cs7025-group1',
  password: 'yUDpZFKQlGaSqDyC'
}
Error: Access denied for user 'mariadb_2526-cs7025-group1'@'172.26.0.2' (using password: YES)
    at Object.createConnectionPromise [as createConnection] (/app/node_modules/mysql2/promise.js:19:31)
    at PostModel.getPosts (/app/models/postmodel.js:13:37)
    at getHomepage (/app/controllers/postcontroller.js:27:38)
    at Layer.handleRequest (/app/node_modules/router/lib/layer.js:152:17)
    at next (/app/node_modules/router/lib/route.js:157:13)
    at Route.dispatch (/app/node_modules/router/lib/route.js:117:3)
    at handle (/app/node_modules/router/index.js:435:11)
    at Layer.handleRequest (/app/node_modules/router/lib/layer.js:152:17)
    at /app/node_modules/router/index.js:295:15
    at processParams (/app/node_modules/router/index.js:582:12)
DBCONFIG {
  host: 'mariadb_2526-cs7025-group1',
  database: '2526-cs7025-group1_db',
  user: 'mariadb_2526-cs7025-group1',
  password: 'yUDpZFKQlGaSqDyC'
}
Error: Access denied for user 'mariadb_2526-cs7025-group1'@'172.26.0.2' (using password: YES)
    at Object.createConnectionPromise [as createConnection] (/app/node_modules/mysql2/promise.js:19:31)
    at PostModel.getPosts (/app/models/postmodel.js:13:37)
    at getHomepage (/app/controllers/postcontroller.js:27:38)
    at Layer.handleRequest (/app/node_modules/router/lib/layer.js:152:17)
    at next (/app/node_modules/router/lib/route.js:157:13)
    at Route.dispatch (/app/node_modules/router/lib/route.js:117:3)
    at handle (/app/node_modules/router/index.js:435:11)
    at Layer.handleRequest (/app/node_modules/router/lib/layer.js:152:17)
    at /app/node_modules/router/index.js:295:15
    at processParams (/app/node_modules/router/index.js:582:12)
DBCONFIG {
  host: 'mariadb_2526-cs7025-group1',
  database: '2526-cs7025-group1_db',
  user: 'mariadb_2526-cs7025-group1',
  password: 'yUDpZFKQlGaSqDyC'
}
Error: Access denied for user 'mariadb_2526-cs7025-group1'@'172.26.0.2' (using password: YES)
    at Object.createConnectionPromise [as createConnection] (/app/node_modules/mysql2/promise.js:19:31)
    at PostModel.getPosts (/app/models/postmodel.js:13:37)
    at getHomepage (/app/controllers/postcontroller.js:27:38)
    at Layer.handleRequest (/app/node_modules/router/lib/layer.js:152:17)
    at next (/app/node_modules/router/lib/route.js:157:13)
    at Route.dispatch (/app/node_modules/router/lib/route.js:117:3)
    at handle (/app/node_modules/router/index.js:435:11)
    at Layer.handleRequest (/app/node_modules/router/lib/layer.js:152:17)
    at /app/node_modules/router/index.js:295:15
    at processParams (/app/node_modules/router/index.js:582:12)
DBCONFIG {
  host: 'mariadb_2526-cs7025-group1',
  database: '2526-cs7025-group1_db',
  user: 'mariadb_2526-cs7025-group1',
  password: 'yUDpZFKQlGaSqDyC'
}
Error: Access denied for user 'mariadb_2526-cs7025-group1'@'172.26.0.2' (using password: YES)
    at Object.createConnectionPromise [as createConnection] (/app/node_modules/mysql2/promise.js:19:31)
    at PostModel.getPosts (/app/models/postmodel.js:13:37)
    at getHomepage (/app/controllers/postcontroller.js:27:38)
    at Layer.handleRequest (/app/node_modules/router/lib/layer.js:152:17)
    at next (/app/node_modules/router/lib/route.js:157:13)
    at Route.dispatch (/app/node_modules/router/lib/route.js:117:3)
    at handle (/app/node_modules/router/index.js:435:11)
    at Layer.handleRequest (/app/node_modules/router/lib/layer.js:152:17)
    at /app/node_modules/router/index.js:295:15
    at processParams (/app/node_modules/router/index.js:582:12)
DBCONFIG {
  host: 'mariadb_2526-cs7025-group1',
  database: '2526-cs7025-group1_db',
  user: 'mariadb_2526-cs7025-group1',
  password: 'yUDpZFKQlGaSqDyC'
}
Error: Access denied for user 'mariadb_2526-cs7025-group1'@'172.26.0.2' (using password: YES)
    at Object.createConnectionPromise [as createConnection] (/app/node_modules/mysql2/promise.js:19:31)
    at PostModel.getPosts (/app/models/postmodel.js:13:37)
    at getHomepage (/app/controllers/postcontroller.js:27:38)
    at Layer.handleRequest (/app/node_modules/router/lib/layer.js:152:17)
    at next (/app/node_modules/router/lib/route.js:157:13)
    at Route.dispatch (/app/node_modules/router/lib/route.js:117:3)
    at handle (/app/node_modules/router/index.js:435:11)
    at Layer.handleRequest (/app/node_modules/router/lib/layer.js:152:17)
    at /app/node_modules/router/index.js:295:15
    at processParams (/app/node_modules/router/index.js:582:12)
DBCONFIG {
  host: 'mariadb_2526-cs7025-group1',
  database: '2526-cs7025-group1_db',
  user: 'mariadb_2526-cs7025-group1',
  password: 'yUDpZFKQlGaSqDyC'
}
Error: Access denied for user 'mariadb_2526-cs7025-group1'@'172.26.0.2' (using password: YES)
    at Object.createConnectionPromise [as createConnection] (/app/node_modules/mysql2/promise.js:19:31)
    at PostModel.getPosts (/app/models/postmodel.js:13:37)
    at getHomepage (/app/controllers/postcontroller.js:27:38)
    at Layer.handleRequest (/app/node_modules/router/lib/layer.js:152:17)
    at next (/app/node_modules/router/lib/route.js:157:13)
    at Route.dispatch (/app/node_modules/router/lib/route.js:117:3)
    at handle (/app/node_modules/router/index.js:435:11)
    at Layer.handleRequest (/app/node_modules/router/lib/layer.js:152:17)
    at /app/node_modules/router/index.js:295:15
    at processParams (/app/node_modules/router/index.js:582:12)
[32m[nodemon] restarting due to changes...[39m
[32m[nodemon] starting `node ./index.js localhost 3000`[39m
◇ injected env (5) from .env // tip: ◈ secrets for agents [www.dotenvx.com]
◇ injected env (0) from .env // tip: ◈ encrypted .env [www.dotenvx.com]
Server running on http://localhost:3000
DBCONFIG {
  host: 'mariadb_2526-cs7025-group1',
  database: '2526-cs7025-group1_db',
  user: '2526-cs7025-group1',
  password: 'yUDpZFKQlGaSqDyC'
}
Pool Query Error: Error: Table '2526-cs7025-group1_db.posts' doesn't exist
null
DBCONFIG {
  host: 'mariadb_2526-cs7025-group1',
  database: '2526-cs7025-group1_db',
  user: '2526-cs7025-group1',
  password: 'yUDpZFKQlGaSqDyC'
}
Pool Query Error: Error: Table '2526-cs7025-group1_db.posts' doesn't exist
null
DBCONFIG {
  host: 'mariadb_2526-cs7025-group1',
  database: '2526-cs7025-group1_db',
  user: '2526-cs7025-group1',
  password: 'yUDpZFKQlGaSqDyC'
}
Pool Query Error: Error: ER_NO_SUCH_TABLE: Table '2526-cs7025-group1_db.games' doesn't exist
games undefined
DBCONFIG {
  host: 'mariadb_2526-cs7025-group1',
  database: '2526-cs7025-group1_db',
  user: '2526-cs7025-group1',
  password: 'yUDpZFKQlGaSqDyC'
}
Pool Query Error: Error: Table '2526-cs7025-group1_db.posts' doesn't exist
null
DBCONFIG {
  host: 'mariadb_2526-cs7025-group1',
  database: '2526-cs7025-group1_db',
  user: '2526-cs7025-group1',
  password: 'yUDpZFKQlGaSqDyC'
}
Pool Query Error: Error: Table '2526-cs7025-group1_db.posts' doesn't exist
null
DBCONFIG {
  host: 'mariadb_2526-cs7025-group1',
  database: '2526-cs7025-group1_db',
  user: '2526-cs7025-group1',
  password: 'yUDpZFKQlGaSqDyC'
}
Pool Query Error: Error: Table '2526-cs7025-group1_db.posts' doesn't exist
null
DBCONFIG {
  host: 'mariadb_2526-cs7025-group1',
  database: '2526-cs7025-group1_db',
  user: '2526-cs7025-group1',
  password: 'yUDpZFKQlGaSqDyC'
}
Pool Query Error: Error: Table '2526-cs7025-group1_db.posts' doesn't exist
null
DBCONFIG {
  host: 'mariadb_2526-cs7025-group1',
  database: '2526-cs7025-group1_db',
  user: '2526-cs7025-group1',
  password: 'yUDpZFKQlGaSqDyC'
}
Pool Query Error: Error: Table '2526-cs7025-group1_db.posts' doesn't exist
null
DBCONFIG {
  host: 'mariadb_2526-cs7025-group1',
  database: '2526-cs7025-group1_db',
  user: '2526-cs7025-group1',
  password: 'yUDpZFKQlGaSqDyC'
}
Pool Query Error: Error: ER_NO_SUCH_TABLE: Table '2526-cs7025-group1_db.games' doesn't exist
games undefined
DBCONFIG {
  host: 'mariadb_2526-cs7025-group1',
  database: '2526-cs7025-group1_db',
  user: '2526-cs7025-group1',
  password: 'yUDpZFKQlGaSqDyC'
}
Pool Query Error: Error: ER_NO_SUCH_TABLE: Table '2526-cs7025-group1_db.games' doesn't exist
games undefined
DBCONFIG {
  host: 'mariadb_2526-cs7025-group1',
  database: '2526-cs7025-group1_db',
  user: '2526-cs7025-group1',
  password: 'yUDpZFKQlGaSqDyC'
}
Pool Query Error: Error: ER_NO_SUCH_TABLE: Table '2526-cs7025-group1_db.games' doesn't exist
games undefined
DBCONFIG {
  host: 'mariadb_2526-cs7025-group1',
  database: '2526-cs7025-group1_db',
  user: '2526-cs7025-group1',
  password: 'yUDpZFKQlGaSqDyC'
}
Pool Query Error: Error: ER_NO_SUCH_TABLE: Table '2526-cs7025-group1_db.games' doesn't exist
games undefined
DBCONFIG {
  host: 'mariadb_2526-cs7025-group1',
  database: '2526-cs7025-group1_db',
  user: '2526-cs7025-group1',
  password: 'yUDpZFKQlGaSqDyC'
}
Pool Query Error: Error: ER_NO_SUCH_TABLE: Table '2526-cs7025-group1_db.games' doesn't exist
games undefined
DBCONFIG {
  host: 'mariadb_2526-cs7025-group1',
  database: '2526-cs7025-group1_db',
  user: '2526-cs7025-group1',
  password: 'yUDpZFKQlGaSqDyC'
}
Pool Query Error: Error: ER_NO_SUCH_TABLE: Table '2526-cs7025-group1_db.games' doesn't exist
games undefined
DBCONFIG {
  host: 'mariadb_2526-cs7025-group1',
  database: '2526-cs7025-group1_db',
  user: '2526-cs7025-group1',
  password: 'yUDpZFKQlGaSqDyC'
}
Pool Query Error: Error: ER_NO_SUCH_TABLE: Table '2526-cs7025-group1_db.games' doesn't exist
games undefined
DBCONFIG {
  host: 'mariadb_2526-cs7025-group1',
  database: '2526-cs7025-group1_db',
  user: '2526-cs7025-group1',
  password: 'yUDpZFKQlGaSqDyC'
}
Pool Query Error: Error: ER_NO_SUCH_TABLE: Table '2526-cs7025-group1_db.games' doesn't exist
games undefined
DBCONFIG {
  host: 'mariadb_2526-cs7025-group1',
  database: '2526-cs7025-group1_db',
  user: '2526-cs7025-group1',
  password: 'yUDpZFKQlGaSqDyC'
}
Pool Query Error: Error: ER_NO_SUCH_TABLE: Table '2526-cs7025-group1_db.games' doesn't exist
games undefined
DBCONFIG {
  host: 'mariadb_2526-cs7025-group1',
  database: '2526-cs7025-group1_db',
  user: '2526-cs7025-group1',
  password: 'yUDpZFKQlGaSqDyC'
}
Pool Query Error: Error: ER_NO_SUCH_TABLE: Table '2526-cs7025-group1_db.games' doesn't exist
games undefined
DBCONFIG {
  host: 'mariadb_2526-cs7025-group1',
  database: '2526-cs7025-group1_db',
  user: '2526-cs7025-group1',
  password: 'yUDpZFKQlGaSqDyC'
}
Pool Query Error: Error: ER_NO_SUCH_TABLE: Table '2526-cs7025-group1_db.games' doesn't exist
games undefined
DBCONFIG {
  host: 'mariadb_2526-cs7025-group1',
  database: '2526-cs7025-group1_db',
  user: '2526-cs7025-group1',
  password: 'yUDpZFKQlGaSqDyC'
}
Pool Query Error: Error: ER_NO_SUCH_TABLE: Table '2526-cs7025-group1_db.games' doesn't exist
games undefined
DBCONFIG {
  host: 'mariadb_2526-cs7025-group1',
  database: '2526-cs7025-group1_db',
  user: '2526-cs7025-group1',
  password: 'yUDpZFKQlGaSqDyC'
}
Pool Query Error: Error: ER_NO_SUCH_TABLE: Table '2526-cs7025-group1_db.games' doesn't exist
games undefined
DBCONFIG {
  host: 'mariadb_2526-cs7025-group1',
  database: '2526-cs7025-group1_db',
  user: '2526-cs7025-group1',
  password: 'yUDpZFKQlGaSqDyC'
}
Pool Query Error: Error: ER_NO_SUCH_TABLE: Table '2526-cs7025-group1_db.games' doesn't exist
games undefined
DBCONFIG {
  host: 'mariadb_2526-cs7025-group1',
  database: '2526-cs7025-group1_db',
  user: '2526-cs7025-group1',
  password: 'yUDpZFKQlGaSqDyC'
}
Pool Query Error: Error: ER_NO_SUCH_TABLE: Table '2526-cs7025-group1_db.games' doesn't exist
games undefined
DBCONFIG {
  host: 'mariadb_2526-cs7025-group1',
  database: '2526-cs7025-group1_db',
  user: '2526-cs7025-group1',
  password: 'yUDpZFKQlGaSqDyC'
}
Pool Query Error: Error: ER_NO_SUCH_TABLE: Table '2526-cs7025-group1_db.games' doesn't exist
games undefined
DBCONFIG {
  host: 'mariadb_2526-cs7025-group1',
  database: '2526-cs7025-group1_db',
  user: '2526-cs7025-group1',
  password: 'yUDpZFKQlGaSqDyC'
}
Pool Query Error: Error: ER_NO_SUCH_TABLE: Table '2526-cs7025-group1_db.games' doesn't exist
games undefined
DBCONFIG {
  host: 'mariadb_2526-cs7025-group1',
  database: '2526-cs7025-group1_db',
  user: '2526-cs7025-group1',
  password: 'yUDpZFKQlGaSqDyC'
}
Pool Query Error: Error: ER_NO_SUCH_TABLE: Table '2526-cs7025-group1_db.games' doesn't exist
games undefined
DBCONFIG {
  host: 'mariadb_2526-cs7025-group1',
  database: '2526-cs7025-group1_db',
  user: '2526-cs7025-group1',
  password: 'yUDpZFKQlGaSqDyC'
}
Pool Query Error: Error: ER_NO_SUCH_TABLE: Table '2526-cs7025-group1_db.games' doesn't exist
games undefined
DBCONFIG {
  host: 'mariadb_2526-cs7025-group1',
  database: '2526-cs7025-group1_db',
  user: '2526-cs7025-group1',
  password: 'yUDpZFKQlGaSqDyC'
}
Pool Query Error: Error: ER_NO_SUCH_TABLE: Table '2526-cs7025-group1_db.games' doesn't exist
games undefined
DBCONFIG {
  host: 'mariadb_2526-cs7025-group1',
  database: '2526-cs7025-group1_db',
  user: '2526-cs7025-group1',
  password: 'yUDpZFKQlGaSqDyC'
}
Pool Query Error: Error: ER_NO_SUCH_TABLE: Table '2526-cs7025-group1_db.games' doesn't exist
games undefined
DBCONFIG {
  host: 'mariadb_2526-cs7025-group1',
  database: '2526-cs7025-group1_db',
  user: '2526-cs7025-group1',
  password: 'yUDpZFKQlGaSqDyC'
}
Pool Query Error: Error: ER_NO_SUCH_TABLE: Table '2526-cs7025-group1_db.games' doesn't exist
games undefined
DBCONFIG {
  host: 'mariadb_2526-cs7025-group1',
  database: '2526-cs7025-group1_db',
  user: '2526-cs7025-group1',
  password: 'yUDpZFKQlGaSqDyC'
}
Pool Query Error: Error: ER_NO_SUCH_TABLE: Table '2526-cs7025-group1_db.games' doesn't exist
games undefined
DBCONFIG {
  host: 'mariadb_2526-cs7025-group1',
  database: '2526-cs7025-group1_db',
  user: '2526-cs7025-group1',
  password: 'yUDpZFKQlGaSqDyC'
}
Pool Query Error: Error: ER_NO_SUCH_TABLE: Table '2526-cs7025-group1_db.games' doesn't exist
games undefined
DBCONFIG {
  host: 'mariadb_2526-cs7025-group1',
  database: '2526-cs7025-group1_db',
  user: '2526-cs7025-group1',
  password: 'yUDpZFKQlGaSqDyC'
}
Pool Query Error: Error: ER_NO_SUCH_TABLE: Table '2526-cs7025-group1_db.games' doesn't exist
games undefined
DBCONFIG {
  host: 'mariadb_2526-cs7025-group1',
  database: '2526-cs7025-group1_db',
  user: '2526-cs7025-group1',
  password: 'yUDpZFKQlGaSqDyC'
}
Pool Query Error: Error: ER_NO_SUCH_TABLE: Table '2526-cs7025-group1_db.games' doesn't exist
games undefined
DBCONFIG {
  host: 'mariadb_2526-cs7025-group1',
  database: '2526-cs7025-group1_db',
  user: '2526-cs7025-group1',
  password: 'yUDpZFKQlGaSqDyC'
}
Pool Query Error: Error: ER_NO_SUCH_TABLE: Table '2526-cs7025-group1_db.games' doesn't exist
games undefined
DBCONFIG {
  host: 'mariadb_2526-cs7025-group1',
  database: '2526-cs7025-group1_db',
  user: '2526-cs7025-group1',
  password: 'yUDpZFKQlGaSqDyC'
}
Pool Query Error: Error: ER_NO_SUCH_TABLE: Table '2526-cs7025-group1_db.games' doesn't exist
games undefined
DBCONFIG {
  host: 'mariadb_2526-cs7025-group1',
  database: '2526-cs7025-group1_db',
  user: '2526-cs7025-group1',
  password: 'yUDpZFKQlGaSqDyC'
}
Pool Query Error: Error: ER_NO_SUCH_TABLE: Table '2526-cs7025-group1_db.games' doesn't exist
games undefined
DBCONFIG {
  host: 'mariadb_2526-cs7025-group1',
  database: '2526-cs7025-group1_db',
  user: '2526-cs7025-group1',
  password: 'yUDpZFKQlGaSqDyC'
}
Pool Query Error: Error: ER_NO_SUCH_TABLE: Table '2526-cs7025-group1_db.games' doesn't exist
games undefined
DBCONFIG {
  host: 'mariadb_2526-cs7025-group1',
  database: '2526-cs7025-group1_db',
  user: '2526-cs7025-group1',
  password: 'yUDpZFKQlGaSqDyC'
}
Pool Query Error: Error: ER_NO_SUCH_TABLE: Table '2526-cs7025-group1_db.games' doesn't exist
games undefined
DBCONFIG {
  host: 'mariadb_2526-cs7025-group1',
  database: '2526-cs7025-group1_db',
  user: '2526-cs7025-group1',
  password: 'yUDpZFKQlGaSqDyC'
}
Pool Query Error: Error: ER_NO_SUCH_TABLE: Table '2526-cs7025-group1_db.games' doesn't exist
games undefined
DBCONFIG {
  host: 'mariadb_2526-cs7025-group1',
  database: '2526-cs7025-group1_db',
  user: '2526-cs7025-group1',
  password: 'yUDpZFKQlGaSqDyC'
}
Pool Query Error: Error: ER_NO_SUCH_TABLE: Table '2526-cs7025-group1_db.games' doesn't exist
games undefined
DBCONFIG {
  host: 'mariadb_2526-cs7025-group1',
  database: '2526-cs7025-group1_db',
  user: '2526-cs7025-group1',
  password: 'yUDpZFKQlGaSqDyC'
}
Pool Query Error: Error: ER_NO_SUCH_TABLE: Table '2526-cs7025-group1_db.games' doesn't exist
games undefined
DBCONFIG {
  host: 'mariadb_2526-cs7025-group1',
  database: '2526-cs7025-group1_db',
  user: '2526-cs7025-group1',
  password: 'yUDpZFKQlGaSqDyC'
}
Pool Query Error: Error: ER_NO_SUCH_TABLE: Table '2526-cs7025-group1_db.games' doesn't exist
games undefined
DBCONFIG {
  host: 'mariadb_2526-cs7025-group1',
  database: '2526-cs7025-group1_db',
  user: '2526-cs7025-group1',
  password: 'yUDpZFKQlGaSqDyC'
}
Pool Query Error: Error: ER_NO_SUCH_TABLE: Table '2526-cs7025-group1_db.games' doesn't exist
games undefined
DBCONFIG {
  host: 'mariadb_2526-cs7025-group1',
  database: '2526-cs7025-group1_db',
  user: '2526-cs7025-group1',
  password: 'yUDpZFKQlGaSqDyC'
}
Pool Query Error: Error: ER_NO_SUCH_TABLE: Table '2526-cs7025-group1_db.games' doesn't exist
games undefined
DBCONFIG {
  host: 'mariadb_2526-cs7025-group1',
  database: '2526-cs7025-group1_db',
  user: '2526-cs7025-group1',
  password: 'yUDpZFKQlGaSqDyC'
}
Pool Query Error: Error: ER_NO_SUCH_TABLE: Table '2526-cs7025-group1_db.games' doesn't exist
games undefined
DBCONFIG {
  host: 'mariadb_2526-cs7025-group1',
  database: '2526-cs7025-group1_db',
  user: '2526-cs7025-group1',
  password: 'yUDpZFKQlGaSqDyC'
}
Pool Query Error: Error: ER_NO_SUCH_TABLE: Table '2526-cs7025-group1_db.games' doesn't exist
games undefined
DBCONFIG {
  host: 'mariadb_2526-cs7025-group1',
  database: '2526-cs7025-group1_db',
  user: '2526-cs7025-group1',
  password: 'yUDpZFKQlGaSqDyC'
}
Pool Query Error: Error: ER_NO_SUCH_TABLE: Table '2526-cs7025-group1_db.games' doesn't exist
games undefined
DBCONFIG {
  host: 'mariadb_2526-cs7025-group1',
  database: '2526-cs7025-group1_db',
  user: '2526-cs7025-group1',
  password: 'yUDpZFKQlGaSqDyC'
}
Pool Query Error: Error: ER_NO_SUCH_TABLE: Table '2526-cs7025-group1_db.games' doesn't exist
games undefined
DBCONFIG {
  host: 'mariadb_2526-cs7025-group1',
  database: '2526-cs7025-group1_db',
  user: '2526-cs7025-group1',
  password: 'yUDpZFKQlGaSqDyC'
}
Pool Query Error: Error: ER_NO_SUCH_TABLE: Table '2526-cs7025-group1_db.games' doesn't exist
games undefined
DBCONFIG {
  host: 'mariadb_2526-cs7025-group1',
  database: '2526-cs7025-group1_db',
  user: '2526-cs7025-group1',
  password: 'yUDpZFKQlGaSqDyC'
}
Pool Query Error: Error: ER_NO_SUCH_TABLE: Table '2526-cs7025-group1_db.games' doesn't exist
games undefined
DBCONFIG {
  host: 'mariadb_2526-cs7025-group1',
  database: '2526-cs7025-group1_db',
  user: '2526-cs7025-group1',
  password: 'yUDpZFKQlGaSqDyC'
}
Pool Query Error: Error: ER_NO_SUCH_TABLE: Table '2526-cs7025-group1_db.games' doesn't exist
games undefined
DBCONFIG {
  host: 'mariadb_2526-cs7025-group1',
  database: '2526-cs7025-group1_db',
  user: '2526-cs7025-group1',
  password: 'yUDpZFKQlGaSqDyC'
}
Pool Query Error: Error: ER_NO_SUCH_TABLE: Table '2526-cs7025-group1_db.games' doesn't exist
games undefined
DBCONFIG {
  host: 'mariadb_2526-cs7025-group1',
  database: '2526-cs7025-group1_db',
  user: '2526-cs7025-group1',
  password: 'yUDpZFKQlGaSqDyC'
}
Pool Query Error: Error: ER_NO_SUCH_TABLE: Table '2526-cs7025-group1_db.games' doesn't exist
games undefined
DBCONFIG {
  host: 'mariadb_2526-cs7025-group1',
  database: '2526-cs7025-group1_db',
  user: '2526-cs7025-group1',
  password: 'yUDpZFKQlGaSqDyC'
}
Pool Query Error: Error: ER_NO_SUCH_TABLE: Table '2526-cs7025-group1_db.games' doesn't exist
games undefined
DBCONFIG {
  host: 'mariadb_2526-cs7025-group1',
  database: '2526-cs7025-group1_db',
  user: '2526-cs7025-group1',
  password: 'yUDpZFKQlGaSqDyC'
}
Pool Query Error: Error: ER_NO_SUCH_TABLE: Table '2526-cs7025-group1_db.games' doesn't exist
games undefined
DBCONFIG {
  host: 'mariadb_2526-cs7025-group1',
  database: '2526-cs7025-group1_db',
  user: '2526-cs7025-group1',
  password: 'yUDpZFKQlGaSqDyC'
}
Pool Query Error: Error: ER_NO_SUCH_TABLE: Table '2526-cs7025-group1_db.games' doesn't exist
games undefined
DBCONFIG {
  host: 'mariadb_2526-cs7025-group1',
  database: '2526-cs7025-group1_db',
  user: '2526-cs7025-group1',
  password: 'yUDpZFKQlGaSqDyC'
}
Pool Query Error: Error: ER_NO_SUCH_TABLE: Table '2526-cs7025-group1_db.games' doesn't exist
games undefined
DBCONFIG {
  host: 'mariadb_2526-cs7025-group1',
  database: '2526-cs7025-group1_db',
  user: '2526-cs7025-group1',
  password: 'yUDpZFKQlGaSqDyC'
}
Pool Query Error: Error: ER_NO_SUCH_TABLE: Table '2526-cs7025-group1_db.games' doesn't exist
games undefined
DBCONFIG {
  host: 'mariadb_2526-cs7025-group1',
  database: '2526-cs7025-group1_db',
  user: '2526-cs7025-group1',
  password: 'yUDpZFKQlGaSqDyC'
}
Pool Query Error: Error: ER_NO_SUCH_TABLE: Table '2526-cs7025-group1_db.games' doesn't exist
games undefined
DBCONFIG {
  host: 'mariadb_2526-cs7025-group1',
  database: '2526-cs7025-group1_db',
  user: '2526-cs7025-group1',
  password: 'yUDpZFKQlGaSqDyC'
}
Pool Query Error: Error: ER_NO_SUCH_TABLE: Table '2526-cs7025-group1_db.games' doesn't exist
games undefined
DBCONFIG {
  host: 'mariadb_2526-cs7025-group1',
  database: '2526-cs7025-group1_db',
  user: '2526-cs7025-group1',
  password: 'yUDpZFKQlGaSqDyC'
}
Pool Query Error: Error: ER_NO_SUCH_TABLE: Table '2526-cs7025-group1_db.games' doesn't exist
games undefined
DBCONFIG {
  host: 'mariadb_2526-cs7025-group1',
  database: '2526-cs7025-group1_db',
  user: '2526-cs7025-group1',
  password: 'yUDpZFKQlGaSqDyC'
}
Pool Query Error: Error: ER_NO_SUCH_TABLE: Table '2526-cs7025-group1_db.games' doesn't exist
games undefined
DBCONFIG {
  host: 'mariadb_2526-cs7025-group1',
  database: '2526-cs7025-group1_db',
  user: '2526-cs7025-group1',
  password: 'yUDpZFKQlGaSqDyC'
}
Pool Query Error: Error: ER_NO_SUCH_TABLE: Table '2526-cs7025-group1_db.games' doesn't exist
games undefined
DBCONFIG {
  host: 'mariadb_2526-cs7025-group1',
  database: '2526-cs7025-group1_db',
  user: '2526-cs7025-group1',
  password: 'yUDpZFKQlGaSqDyC'
}
Pool Query Error: Error: ER_NO_SUCH_TABLE: Table '2526-cs7025-group1_db.games' doesn't exist
games undefined
DBCONFIG {
  host: 'mariadb_2526-cs7025-group1',
  database: '2526-cs7025-group1_db',
  user: '2526-cs7025-group1',
  password: 'yUDpZFKQlGaSqDyC'
}
Pool Query Error: Error: ER_NO_SUCH_TABLE: Table '2526-cs7025-group1_db.games' doesn't exist
games undefined
DBCONFIG {
  host: 'mariadb_2526-cs7025-group1',
  database: '2526-cs7025-group1_db',
  user: '2526-cs7025-group1',
  password: 'yUDpZFKQlGaSqDyC'
}
Pool Query Error: Error: ER_NO_SUCH_TABLE: Table '2526-cs7025-group1_db.games' doesn't exist
games undefined
DBCONFIG {
  host: 'mariadb_2526-cs7025-group1',
  database: '2526-cs7025-group1_db',
  user: '2526-cs7025-group1',
  password: 'yUDpZFKQlGaSqDyC'
}
Pool Query Error: Error: ER_NO_SUCH_TABLE: Table '2526-cs7025-group1_db.games' doesn't exist
games undefined
DBCONFIG {
  host: 'mariadb_2526-cs7025-group1',
  database: '2526-cs7025-group1_db',
  user: '2526-cs7025-group1',
  password: 'yUDpZFKQlGaSqDyC'
}
Pool Query Error: Error: ER_NO_SUCH_TABLE: Table '2526-cs7025-group1_db.games' doesn't exist
games undefined
DBCONFIG {
  host: 'mariadb_2526-cs7025-group1',
  database: '2526-cs7025-group1_db',
  user: '2526-cs7025-group1',
  password: 'yUDpZFKQlGaSqDyC'
}
Pool Query Error: Error: ER_NO_SUCH_TABLE: Table '2526-cs7025-group1_db.games' doesn't exist
games undefined
DBCONFIG {
  host: 'mariadb_2526-cs7025-group1',
  database: '2526-cs7025-group1_db',
  user: '2526-cs7025-group1',
  password: 'yUDpZFKQlGaSqDyC'
}
Pool Query Error: Error: ER_NO_SUCH_TABLE: Table '2526-cs7025-group1_db.games' doesn't exist
games undefined
DBCONFIG {
  host: 'mariadb_2526-cs7025-group1',
  database: '2526-cs7025-group1_db',
  user: '2526-cs7025-group1',
  password: 'yUDpZFKQlGaSqDyC'
}
Pool Query Error: Error: ER_NO_SUCH_TABLE: Table '2526-cs7025-group1_db.games' doesn't exist
games undefined
DBCONFIG {
  host: 'mariadb_2526-cs7025-group1',
  database: '2526-cs7025-group1_db',
  user: '2526-cs7025-group1',
  password: 'yUDpZFKQlGaSqDyC'
}
Pool Query Error: Error: ER_NO_SUCH_TABLE: Table '2526-cs7025-group1_db.games' doesn't exist
games undefined
DBCONFIG {
  host: 'mariadb_2526-cs7025-group1',
  database: '2526-cs7025-group1_db',
  user: '2526-cs7025-group1',
  password: 'yUDpZFKQlGaSqDyC'
}
Pool Query Error: Error: ER_NO_SUCH_TABLE: Table '2526-cs7025-group1_db.games' doesn't exist
games undefined
DBCONFIG {
  host: 'mariadb_2526-cs7025-group1',
  database: '2526-cs7025-group1_db',
  user: '2526-cs7025-group1',
  password: 'yUDpZFKQlGaSqDyC'
}
Pool Query Error: Error: ER_NO_SUCH_TABLE: Table '2526-cs7025-group1_db.games' doesn't exist
games undefined
DBCONFIG {
  host: 'mariadb_2526-cs7025-group1',
  database: '2526-cs7025-group1_db',
  user: '2526-cs7025-group1',
  password: 'yUDpZFKQlGaSqDyC'
}
Pool Query Error: Error: ER_NO_SUCH_TABLE: Table '2526-cs7025-group1_db.games' doesn't exist
games undefined
DBCONFIG {
  host: 'mariadb_2526-cs7025-group1',
  database: '2526-cs7025-group1_db',
  user: '2526-cs7025-group1',
  password: 'yUDpZFKQlGaSqDyC'
}
Pool Query Error: Error: ER_NO_SUCH_TABLE: Table '2526-cs7025-group1_db.games' doesn't exist
games undefined
DBCONFIG {
  host: 'mariadb_2526-cs7025-group1',
  database: '2526-cs7025-group1_db',
  user: '2526-cs7025-group1',
  password: 'yUDpZFKQlGaSqDyC'
}
Pool Query Error: Error: ER_NO_SUCH_TABLE: Table '2526-cs7025-group1_db.games' doesn't exist
games undefined
DBCONFIG {
  host: 'mariadb_2526-cs7025-group1',
  database: '2526-cs7025-group1_db',
  user: '2526-cs7025-group1',
  password: 'yUDpZFKQlGaSqDyC'
}
Pool Query Error: Error: ER_NO_SUCH_TABLE: Table '2526-cs7025-group1_db.games' doesn't exist
games undefined
DBCONFIG {
  host: 'mariadb_2526-cs7025-group1',
  database: '2526-cs7025-group1_db',
  user: '2526-cs7025-group1',
  password: 'yUDpZFKQlGaSqDyC'
}
Pool Query Error: Error: ER_NO_SUCH_TABLE: Table '2526-cs7025-group1_db.games' doesn't exist
games undefined
DBCONFIG {
  host: 'mariadb_2526-cs7025-group1',
  database: '2526-cs7025-group1_db',
  user: '2526-cs7025-group1',
  password: 'yUDpZFKQlGaSqDyC'
}
Pool Query Error: Error: ER_NO_SUCH_TABLE: Table '2526-cs7025-group1_db.games' doesn't exist
games undefined
DBCONFIG {
  host: 'mariadb_2526-cs7025-group1',
  database: '2526-cs7025-group1_db',
  user: '2526-cs7025-group1',
  password: 'yUDpZFKQlGaSqDyC'
}
Pool Query Error: Error: ER_NO_SUCH_TABLE: Table '2526-cs7025-group1_db.games' doesn't exist
games undefined
DBCONFIG {
  host: 'mariadb_2526-cs7025-group1',
  database: '2526-cs7025-group1_db',
  user: '2526-cs7025-group1',
  password: 'yUDpZFKQlGaSqDyC'
}
Pool Query Error: Error: ER_NO_SUCH_TABLE: Table '2526-cs7025-group1_db.games' doesn't exist
games undefined
DBCONFIG {
  host: 'mariadb_2526-cs7025-group1',
  database: '2526-cs7025-group1_db',
  user: '2526-cs7025-group1',
  password: 'yUDpZFKQlGaSqDyC'
}
Pool Query Error: Error: ER_NO_SUCH_TABLE: Table '2526-cs7025-group1_db.games' doesn't exist
games undefined
DBCONFIG {
  host: 'mariadb_2526-cs7025-group1',
  database: '2526-cs7025-group1_db',
  user: '2526-cs7025-group1',
  password: 'yUDpZFKQlGaSqDyC'
}
Pool Query Error: Error: ER_NO_SUCH_TABLE: Table '2526-cs7025-group1_db.games' doesn't exist
games undefined
DBCONFIG {
  host: 'mariadb_2526-cs7025-group1',
  database: '2526-cs7025-group1_db',
  user: '2526-cs7025-group1',
  password: 'yUDpZFKQlGaSqDyC'
}
Pool Query Error: Error: ER_NO_SUCH_TABLE: Table '2526-cs7025-group1_db.games' doesn't exist
games undefined
DBCONFIG {
  host: 'mariadb_2526-cs7025-group1',
  database: '2526-cs7025-group1_db',
  user: '2526-cs7025-group1',
  password: 'yUDpZFKQlGaSqDyC'
}
Pool Query Error: Error: ER_NO_SUCH_TABLE: Table '2526-cs7025-group1_db.games' doesn't exist
games undefined
DBCONFIG {
  host: 'mariadb_2526-cs7025-group1',
  database: '2526-cs7025-group1_db',
  user: '2526-cs7025-group1',
  password: 'yUDpZFKQlGaSqDyC'
}
Pool Query Error: Error: ER_NO_SUCH_TABLE: Table '2526-cs7025-group1_db.games' doesn't exist
games undefined
DBCONFIG {
  host: 'mariadb_2526-cs7025-group1',
  database: '2526-cs7025-group1_db',
  user: '2526-cs7025-group1',
  password: 'yUDpZFKQlGaSqDyC'
}
Pool Query Error: Error: ER_NO_SUCH_TABLE: Table '2526-cs7025-group1_db.games' doesn't exist
games undefined
DBCONFIG {
  host: 'mariadb_2526-cs7025-group1',
  database: '2526-cs7025-group1_db',
  user: '2526-cs7025-group1',
  password: 'yUDpZFKQlGaSqDyC'
}
Pool Query Error: Error: ER_NO_SUCH_TABLE: Table '2526-cs7025-group1_db.games' doesn't exist
games undefined
DBCONFIG {
  host: 'mariadb_2526-cs7025-group1',
  database: '2526-cs7025-group1_db',
  user: '2526-cs7025-group1',
  password: 'yUDpZFKQlGaSqDyC'
}
Pool Query Error: Error: ER_NO_SUCH_TABLE: Table '2526-cs7025-group1_db.games' doesn't exist
games undefined
DBCONFIG {
  host: 'mariadb_2526-cs7025-group1',
  database: '2526-cs7025-group1_db',
  user: '2526-cs7025-group1',
  password: 'yUDpZFKQlGaSqDyC'
}
Pool Query Error: Error: ER_NO_SUCH_TABLE: Table '2526-cs7025-group1_db.games' doesn't exist
games undefined
DBCONFIG {
  host: 'mariadb_2526-cs7025-group1',
  database: '2526-cs7025-group1_db',
  user: '2526-cs7025-group1',
  password: 'yUDpZFKQlGaSqDyC'
}
Pool Query Error: Error: ER_NO_SUCH_TABLE: Table '2526-cs7025-group1_db.games' doesn't exist
games undefined
DBCONFIG {
  host: 'mariadb_2526-cs7025-group1',
  database: '2526-cs7025-group1_db',
  user: '2526-cs7025-group1',
  password: 'yUDpZFKQlGaSqDyC'
}
Pool Query Error: Error: ER_NO_SUCH_TABLE: Table '2526-cs7025-group1_db.games' doesn't exist
games undefined
DBCONFIG {
  host: 'mariadb_2526-cs7025-group1',
  database: '2526-cs7025-group1_db',
  user: '2526-cs7025-group1',
  password: 'yUDpZFKQlGaSqDyC'
}
Pool Query Error: Error: ER_NO_SUCH_TABLE: Table '2526-cs7025-group1_db.games' doesn't exist
games undefined
DBCONFIG {
  host: 'mariadb_2526-cs7025-group1',
  database: '2526-cs7025-group1_db',
  user: '2526-cs7025-group1',
  password: 'yUDpZFKQlGaSqDyC'
}
Pool Query Error: Error: ER_NO_SUCH_TABLE: Table '2526-cs7025-group1_db.games' doesn't exist
games undefined
DBCONFIG {
  host: 'mariadb_2526-cs7025-group1',
  database: '2526-cs7025-group1_db',
  user: '2526-cs7025-group1',
  password: 'yUDpZFKQlGaSqDyC'
}
Pool Query Error: Error: ER_NO_SUCH_TABLE: Table '2526-cs7025-group1_db.games' doesn't exist
games undefined
DBCONFIG {
  host: 'mariadb_2526-cs7025-group1',
  database: '2526-cs7025-group1_db',
  user: '2526-cs7025-group1',
  password: 'yUDpZFKQlGaSqDyC'
}
Pool Query Error: Error: ER_NO_SUCH_TABLE: Table '2526-cs7025-group1_db.games' doesn't exist
games undefined
DBCONFIG {
  host: 'mariadb_2526-cs7025-group1',
  database: '2526-cs7025-group1_db',
  user: '2526-cs7025-group1',
  password: 'yUDpZFKQlGaSqDyC'
}
Pool Query Error: Error: ER_NO_SUCH_TABLE: Table '2526-cs7025-group1_db.games' doesn't exist
games undefined
DBCONFIG {
  host: 'mariadb_2526-cs7025-group1',
  database: '2526-cs7025-group1_db',
  user: '2526-cs7025-group1',
  password: 'yUDpZFKQlGaSqDyC'
}
Pool Query Error: Error: ER_NO_SUCH_TABLE: Table '2526-cs7025-group1_db.games' doesn't exist
games undefined
DBCONFIG {
  host: 'mariadb_2526-cs7025-group1',
  database: '2526-cs7025-group1_db',
  user: '2526-cs7025-group1',
  password: 'yUDpZFKQlGaSqDyC'
}
Pool Query Error: Error: ER_NO_SUCH_TABLE: Table '2526-cs7025-group1_db.games' doesn't exist
games undefined
DBCONFIG {
  host: 'mariadb_2526-cs7025-group1',
  database: '2526-cs7025-group1_db',
  user: '2526-cs7025-group1',
  password: 'yUDpZFKQlGaSqDyC'
}
Pool Query Error: Error: ER_NO_SUCH_TABLE: Table '2526-cs7025-group1_db.games' doesn't exist
games undefined
DBCONFIG {
  host: 'mariadb_2526-cs7025-group1',
  database: '2526-cs7025-group1_db',
  user: '2526-cs7025-group1',
  password: 'yUDpZFKQlGaSqDyC'
}
Pool Query Error: Error: ER_NO_SUCH_TABLE: Table '2526-cs7025-group1_db.games' doesn't exist
games undefined
DBCONFIG {
  host: 'mariadb_2526-cs7025-group1',
  database: '2526-cs7025-group1_db',
  user: '2526-cs7025-group1',
  password: 'yUDpZFKQlGaSqDyC'
}
Pool Query Error: Error: Table '2526-cs7025-group1_db.posts' doesn't exist
null
DBCONFIG {
  host: 'mariadb_2526-cs7025-group1',
  database: '2526-cs7025-group1_db',
  user: '2526-cs7025-group1',
  password: 'yUDpZFKQlGaSqDyC'
}
Pool Query Error: Error: ER_NO_SUCH_TABLE: Table '2526-cs7025-group1_db.games' doesn't exist
games undefined
DBCONFIG {
  host: 'mariadb_2526-cs7025-group1',
  database: '2526-cs7025-group1_db',
  user: '2526-cs7025-group1',
  password: 'yUDpZFKQlGaSqDyC'
}
Pool Query Error: Error: ER_NO_SUCH_TABLE: Table '2526-cs7025-group1_db.games' doesn't exist
games undefined
DBCONFIG {
  host: 'mariadb_2526-cs7025-group1',
  database: '2526-cs7025-group1_db',
  user: '2526-cs7025-group1',
  password: 'yUDpZFKQlGaSqDyC'
}
Pool Query Error: Error: ER_NO_SUCH_TABLE: Table '2526-cs7025-group1_db.games' doesn't exist
games undefined
DBCONFIG {
  host: 'mariadb_2526-cs7025-group1',
  database: '2526-cs7025-group1_db',
  user: '2526-cs7025-group1',
  password: 'yUDpZFKQlGaSqDyC'
}
Pool Query Error: Error: ER_NO_SUCH_TABLE: Table '2526-cs7025-group1_db.games' doesn't exist
games undefined
DBCONFIG {
  host: 'mariadb_2526-cs7025-group1',
  database: '2526-cs7025-group1_db',
  user: '2526-cs7025-group1',
  password: 'yUDpZFKQlGaSqDyC'
}
Pool Query Error: Error: ER_NO_SUCH_TABLE: Table '2526-cs7025-group1_db.games' doesn't exist
games undefined
DBCONFIG {
  host: 'mariadb_2526-cs7025-group1',
  database: '2526-cs7025-group1_db',
  user: '2526-cs7025-group1',
  password: 'yUDpZFKQlGaSqDyC'
}
Pool Query Error: Error: ER_NO_SUCH_TABLE: Table '2526-cs7025-group1_db.games' doesn't exist
games undefined
DBCONFIG {
  host: 'mariadb_2526-cs7025-group1',
  database: '2526-cs7025-group1_db',
  user: '2526-cs7025-group1',
  password: 'yUDpZFKQlGaSqDyC'
}
Pool Query Error: Error: ER_NO_SUCH_TABLE: Table '2526-cs7025-group1_db.games' doesn't exist
games undefined
DBCONFIG {
  host: 'mariadb_2526-cs7025-group1',
  database: '2526-cs7025-group1_db',
  user: '2526-cs7025-group1',
  password: 'yUDpZFKQlGaSqDyC'
}
Pool Query Error: Error: ER_NO_SUCH_TABLE: Table '2526-cs7025-group1_db.games' doesn't exist
games undefined
DBCONFIG {
  host: 'mariadb_2526-cs7025-group1',
  database: '2526-cs7025-group1_db',
  user: '2526-cs7025-group1',
  password: 'yUDpZFKQlGaSqDyC'
}
Pool Query Error: Error: ER_NO_SUCH_TABLE: Table '2526-cs7025-group1_db.games' doesn't exist
games undefined
DBCONFIG {
  host: 'mariadb_2526-cs7025-group1',
  database: '2526-cs7025-group1_db',
  user: '2526-cs7025-group1',
  password: 'yUDpZFKQlGaSqDyC'
}
Pool Query Error: Error: ER_NO_SUCH_TABLE: Table '2526-cs7025-group1_db.games' doesn't exist
games undefined
DBCONFIG {
  host: 'mariadb_2526-cs7025-group1',
  database: '2526-cs7025-group1_db',
  user: '2526-cs7025-group1',
  password: 'yUDpZFKQlGaSqDyC'
}
Pool Query Error: Error: ER_NO_SUCH_TABLE: Table '2526-cs7025-group1_db.games' doesn't exist
games undefined
DBCONFIG {
  host: 'mariadb_2526-cs7025-group1',
  database: '2526-cs7025-group1_db',
  user: '2526-cs7025-group1',
  password: 'yUDpZFKQlGaSqDyC'
}
Pool Query Error: Error: ER_NO_SUCH_TABLE: Table '2526-cs7025-group1_db.games' doesn't exist
games undefined
DBCONFIG {
  host: 'mariadb_2526-cs7025-group1',
  database: '2526-cs7025-group1_db',
  user: '2526-cs7025-group1',
  password: 'yUDpZFKQlGaSqDyC'
}
Pool Query Error: Error: ER_NO_SUCH_TABLE: Table '2526-cs7025-group1_db.games' doesn't exist
games undefined
DBCONFIG {
  host: 'mariadb_2526-cs7025-group1',
  database: '2526-cs7025-group1_db',
  user: '2526-cs7025-group1',
  password: 'yUDpZFKQlGaSqDyC'
}
Pool Query Error: Error: ER_NO_SUCH_TABLE: Table '2526-cs7025-group1_db.games' doesn't exist
games undefined
[32m[nodemon] restarting due to changes...[39m
[32m[nodemon] starting `node ./index.js localhost 3000`[39m
◇ injected env (5) from .env // tip: ⌘ suppress logs { quiet: true }
◇ injected env (0) from .env // tip: ⌘ suppress logs { quiet: true }
hhoyly shit im so fucking full oughhhh
Server running on http://localhost:3000
[32m[nodemon] restarting due to changes...[39m
[32m[nodemon] starting `node ./index.js localhost 3000`[39m
◇ injected env (5) from .env // tip: ⌘ custom filepath { path: '/custom/path/.env' }
◇ injected env (0) from .env // tip: ◈ encrypted .env [www.dotenvx.com]
Server running on http://localhost:3000
[32m[nodemon] restarting due to changes...[39m
[32m[nodemon] starting `node ./index.js localhost 3000`[39m
◇ injected env (5) from .env // tip: ⌘ suppress logs { quiet: true }
◇ injected env (0) from .env // tip: ⌁ auth for agents [www.vestauth.com]
Server running on http://localhost:3000
DBCONFIG {
  host: 'mariadb_2526-cs7025-group1',
  database: '2526-cs7025-group1_db',
  user: '2526-cs7025-group1',
  password: 'yUDpZFKQlGaSqDyC'
}
Pool Query Error: Error: Table '2526-cs7025-group1_db.posts' doesn't exist
null
DBCONFIG {
  host: 'mariadb_2526-cs7025-group1',
  database: '2526-cs7025-group1_db',
  user: '2526-cs7025-group1',
  password: 'yUDpZFKQlGaSqDyC'
}
Pool Query Error: Error: Table '2526-cs7025-group1_db.posts' doesn't exist
null
DBCONFIG {
  host: 'mariadb_2526-cs7025-group1',
  database: '2526-cs7025-group1_db',
  user: '2526-cs7025-group1',
  password: 'yUDpZFKQlGaSqDyC'
}
Pool Query Error: Error: Table '2526-cs7025-group1_db.posts' doesn't exist
null
DBCONFIG {
  host: 'mariadb_2526-cs7025-group1',
  database: '2526-cs7025-group1_db',
  user: '2526-cs7025-group1',
  password: 'yUDpZFKQlGaSqDyC'
}
Pool Query Error: Error: ER_NO_SUCH_TABLE: Table '2526-cs7025-group1_db.games' doesn't exist
games undefined
DBCONFIG {
  host: 'mariadb_2526-cs7025-group1',
  database: '2526-cs7025-group1_db',
  user: '2526-cs7025-group1',
  password: 'yUDpZFKQlGaSqDyC'
}
Pool Query Error: Error: Table '2526-cs7025-group1_db.posts' doesn't exist
null
DBCONFIG {
  host: 'mariadb_2526-cs7025-group1',
  database: '2526-cs7025-group1_db',
  user: '2526-cs7025-group1',
  password: 'yUDpZFKQlGaSqDyC'
}
Pool Query Error: Error: Table '2526-cs7025-group1_db.posts' doesn't exist
null
DBCONFIG {
  host: 'mariadb_2526-cs7025-group1',
  database: '2526-cs7025-group1_db',
  user: '2526-cs7025-group1',
  password: 'yUDpZFKQlGaSqDyC'
}
Pool Query Error: Error: Table '2526-cs7025-group1_db.posts' doesn't exist
null
DBCONFIG {
  host: 'mariadb_2526-cs7025-group1',
  database: '2526-cs7025-group1_db',
  user: '2526-cs7025-group1',
  password: 'yUDpZFKQlGaSqDyC'
}
Pool Query Error: Error: Table '2526-cs7025-group1_db.posts' doesn't exist
null
DBCONFIG {
  host: 'mariadb_2526-cs7025-group1',
  database: '2526-cs7025-group1_db',
  user: '2526-cs7025-group1',
  password: 'yUDpZFKQlGaSqDyC'
}
Pool Query Error: Error: Table '2526-cs7025-group1_db.posts' doesn't exist
null
DBCONFIG {
  host: 'mariadb_2526-cs7025-group1',
  database: '2526-cs7025-group1_db',
  user: '2526-cs7025-group1',
  password: 'yUDpZFKQlGaSqDyC'
}
Pool Query Error: Error: ER_NO_SUCH_TABLE: Table '2526-cs7025-group1_db.games' doesn't exist
games undefined
DBCONFIG {
  host: 'mariadb_2526-cs7025-group1',
  database: '2526-cs7025-group1_db',
  user: '2526-cs7025-group1',
  password: 'yUDpZFKQlGaSqDyC'
}
Pool Query Error: Error: Table '2526-cs7025-group1_db.posts' doesn't exist
null
DBCONFIG {
  host: 'mariadb_2526-cs7025-group1',
  database: '2526-cs7025-group1_db',
  user: '2526-cs7025-group1',
  password: 'yUDpZFKQlGaSqDyC'
}
Pool Query Error: Error: Table '2526-cs7025-group1_db.posts' doesn't exist
null
DBCONFIG {
  host: 'mariadb_2526-cs7025-group1',
  database: '2526-cs7025-group1_db',
  user: '2526-cs7025-group1',
  password: 'yUDpZFKQlGaSqDyC'
}
Pool Query Error: Error: Table '2526-cs7025-group1_db.posts' doesn't exist
null
Register Query Error: Error: Table '2526-cs7025-group1_db.users' doesn't exist
findUserByUsername Error:Error: Table '2526-cs7025-group1_db.users' doesn't exist
DBCONFIG {
  host: 'mariadb_2526-cs7025-group1',
  database: '2526-cs7025-group1_db',
  user: '2526-cs7025-group1',
  password: 'yUDpZFKQlGaSqDyC'
}
Pool Query Error: Error: ER_NO_SUCH_TABLE: Table '2526-cs7025-group1_db.games' doesn't exist
games undefined
DBCONFIG {
  host: 'mariadb_2526-cs7025-group1',
  database: '2526-cs7025-group1_db',
  user: '2526-cs7025-group1',
  password: 'yUDpZFKQlGaSqDyC'
}
Pool Query Error: Error: Table '2526-cs7025-group1_db.posts' doesn't exist
null
DBCONFIG {
  host: 'mariadb_2526-cs7025-group1',
  database: '2526-cs7025-group1_db',
  user: '2526-cs7025-group1',
  password: 'yUDpZFKQlGaSqDyC'
}
null
{
  user_id: 23,
  username: 'servertest',
  password: 'test',
  creation_date: 2026-04-20T08:43:07.000Z,
  fav_genres: null
}
DBCONFIG {
  host: 'mariadb_2526-cs7025-group1',
  database: '2526-cs7025-group1_db',
  user: '2526-cs7025-group1',
  password: 'yUDpZFKQlGaSqDyC'
}
DBCONFIG {
  host: 'mariadb_2526-cs7025-group1',
  database: '2526-cs7025-group1_db',
  user: '2526-cs7025-group1',
  password: 'yUDpZFKQlGaSqDyC'
}
[]
Comment Controller Called to Retrieve comments on a post
32
Comment Controller Called to Retrieve comments on a post
31
Session {
  cookie: {
    path: '/',
    _expires: null,
    originalMaxAge: null,
    httpOnly: true,
    secure: false
  },
  user: {
    user_id: 23,
    username: 'servertest',
    password: 'test',
    creation_date: '2026-04-20T08:43:07.000Z',
    fav_genres: null
  }
}
Comment Controller Called to Create Comment
31
hello hello hello
{
  user_id: 23,
  username: 'servertest',
  password: 'test',
  creation_date: '2026-04-20T08:43:07.000Z',
  fav_genres: null
}
23
CREATING COMMENT
DBCONFIG {
  host: 'mariadb_2526-cs7025-group1',
  database: '2526-cs7025-group1_db',
  user: '2526-cs7025-group1',
  password: 'yUDpZFKQlGaSqDyC'
}
DBCONFIG {
  host: 'mariadb_2526-cs7025-group1',
  database: '2526-cs7025-group1_db',
  user: '2526-cs7025-group1',
  password: 'yUDpZFKQlGaSqDyC'
}
[]
Comment Controller Called to Retrieve comments on a post
31
DBCONFIG {
  host: 'mariadb_2526-cs7025-group1',
  database: '2526-cs7025-group1_db',
  user: '2526-cs7025-group1',
  password: 'yUDpZFKQlGaSqDyC'
}
DBCONFIG {
  host: 'mariadb_2526-cs7025-group1',
  database: '2526-cs7025-group1_db',
  user: '2526-cs7025-group1',
  password: 'yUDpZFKQlGaSqDyC'
}
[]
Session {
  cookie: {
    path: '/',
    _expires: null,
    originalMaxAge: null,
    httpOnly: true,
    secure: false
  },
  user: {
    user_id: 23,
    username: 'servertest',
    password: 'test',
    creation_date: '2026-04-20T08:43:07.000Z',
    fav_genres: null
  }
}
s
DBCONFIG {
  host: 'mariadb_2526-cs7025-group1',
  database: '2526-cs7025-group1_db',
  user: '2526-cs7025-group1',
  password: 'yUDpZFKQlGaSqDyC'
}
sl
DBCONFIG {
  host: 'mariadb_2526-cs7025-group1',
  database: '2526-cs7025-group1_db',
  user: '2526-cs7025-group1',
  password: 'yUDpZFKQlGaSqDyC'
}
sla
DBCONFIG {
  host: 'mariadb_2526-cs7025-group1',
  database: '2526-cs7025-group1_db',
  user: '2526-cs7025-group1',
  password: 'yUDpZFKQlGaSqDyC'
}
slay
DBCONFIG {
  host: 'mariadb_2526-cs7025-group1',
  database: '2526-cs7025-group1_db',
  user: '2526-cs7025-group1',
  password: 'yUDpZFKQlGaSqDyC'
}
Session {
  cookie: {
    path: '/',
    _expires: null,
    originalMaxAge: null,
    httpOnly: true,
    secure: false
  },
  user: {
    user_id: 23,
    username: 'servertest',
    password: 'test',
    creation_date: '2026-04-20T08:43:07.000Z',
    fav_genres: null
  }
}
Big Beans 10
[Object: null prototype] {
  title: 'Slay the spire cool',
  content: 'i think 1 is better 2',
  game: '323'
}
{
  user_id: 23,
  username: 'servertest',
  password: 'test',
  creation_date: '2026-04-20T08:43:07.000Z',
  fav_genres: null
}
23
CREATING POST WITH IMAGE
<Buffer 89 50 4e 47 0d 0a 1a 0a 00 00 00 0d 49 48 44 52 00 00 04 30 00 00 03 a0 08 06 00 00 00 cb 55 86 db 00 00 00 01 73 52 47 42 00 ae ce 1c e9 00 00 00 04 ... 575482 more bytes>
Error: /app/assets/uploads/6fee2d32-9434-4267-9154-3228af273514.webp: unable to open for write
system error: Permission denied
/app/assets/uploads/6fee2d32-9434-4267-9154-3228af273514.webp: write error
system error: Permission denied
    at Sharp.toFile (/app/node_modules/sharp/lib/output.js:90:19)
    at PostModel.createPostWithImage (/app/models/postmodel.js:78:4)
    at createPost (/app/controllers/postcontroller.js:58:37)
    at Layer.handleRequest (/app/node_modules/router/lib/layer.js:152:17)
    at next (/app/node_modules/router/lib/route.js:157:13)
    at ensureAuthenticated (/app/routes/routes.js:31:16)
    at Layer.handleRequest (/app/node_modules/router/lib/layer.js:152:17)
    at next (/app/node_modules/router/lib/route.js:157:13)
    at Route.dispatch (/app/node_modules/router/lib/route.js:117:3)
    at handle (/app/node_modules/router/index.js:435:11)
DBCONFIG {
  host: 'mariadb_2526-cs7025-group1',
  database: '2526-cs7025-group1_db',
  user: '2526-cs7025-group1',
  password: 'yUDpZFKQlGaSqDyC'
}
DBCONFIG {
  host: 'mariadb_2526-cs7025-group1',
  database: '2526-cs7025-group1_db',
  user: '2526-cs7025-group1',
  password: 'yUDpZFKQlGaSqDyC'
}
[]
DBCONFIG {
  host: 'mariadb_2526-cs7025-group1',
  database: '2526-cs7025-group1_db',
  user: '2526-cs7025-group1',
  password: 'yUDpZFKQlGaSqDyC'
}
DBCONFIG {
  host: 'mariadb_2526-cs7025-group1',
  database: '2526-cs7025-group1_db',
  user: '2526-cs7025-group1',
  password: 'yUDpZFKQlGaSqDyC'
}
[]
Session {
  cookie: {
    path: '/',
    _expires: null,
    originalMaxAge: null,
    httpOnly: true,
    secure: false
  },
  user: {
    user_id: 23,
    username: 'servertest',
    password: 'test',
    creation_date: '2026-04-20T08:43:07.000Z',
    fav_genres: null
  }
}
[32m[nodemon] restarting due to changes...[39m
[32m[nodemon] restarting due to changes...[39m
[32m[nodemon] starting `node ./index.js localhost 3000`[39m
[32m[nodemon] restarting due to changes...[39m
[32m[nodemon] restarting due to changes...[39m
[32m[nodemon] starting `node ./index.js localhost 3000`[39m
[32m[nodemon] restarting due to changes...[39m
[32m[nodemon] restarting due to changes...[39m
[32m[nodemon] starting `node ./index.js localhost 3000`[39m
◇ injected env (5) from .env // tip: ⌘ suppress logs { quiet: true }
◇ injected env (0) from .env // tip: ⌘ suppress logs { quiet: true }
Server running on http://localhost:3000
[32m[nodemon] restarting due to changes...[39m
[32m[nodemon] starting `node ./index.js localhost 3000`[39m
[32m[nodemon] restarting due to changes...[39m
[32m[nodemon] starting `node ./index.js localhost 3000`[39m
[32m[nodemon] restarting due to changes...[39m
[32m[nodemon] starting `node ./index.js localhost 3000`[39m
[32m[nodemon] restarting due to changes...[39m
[32m[nodemon] starting `node ./index.js localhost 3000`[39m
[32m[nodemon] restarting due to changes...[39m
[32m[nodemon] starting `node ./index.js localhost 3000`[39m
[32m[nodemon] restarting due to changes...[39m
[32m[nodemon] starting `node ./index.js localhost 3000`[39m
[32m[nodemon] restarting due to changes...[39m
[32m[nodemon] starting `node ./index.js localhost 3000`[39m
[32m[nodemon] restarting due to changes...[39m
[32m[nodemon] starting `node ./index.js localhost 3000`[39m
[32m[nodemon] restarting due to changes...[39m
[32m[nodemon] starting `node ./index.js localhost 3000`[39m
◇ injected env (5) from .env // tip: ⌁ auth for agents [www.vestauth.com]
◇ injected env (0) from .env // tip: ◈ encrypted .env [www.dotenvx.com]
/app/node_modules/router/lib/route.js:228
        throw new TypeError('argument handler must be a function')
        ^

TypeError: argument handler must be a function
    at Route.<computed> [as get] (/app/node_modules/router/lib/route.js:228:15)
    at Router.<computed> [as get] (/app/node_modules/router/index.js:448:19)
    at Object.<anonymous> (/app/routes/routes.js:43:8)
    at Module._compile (node:internal/modules/cjs/loader:1811:14)
    at Object..js (node:internal/modules/cjs/loader:1942:10)
    at Module.load (node:internal/modules/cjs/loader:1532:32)
    at Module._load (node:internal/modules/cjs/loader:1334:12)
    at wrapModuleLoad (node:internal/modules/cjs/loader:255:19)
    at Module.require (node:internal/modules/cjs/loader:1555:12)
    at require (node:internal/modules/helpers:152:16)

Node.js v25.6.1
[31m[nodemon] app crashed - waiting for file changes before starting...[39m
[32m[nodemon] restarting due to changes...[39m
[32m[nodemon] starting `node ./index.js localhost 3000`[39m
[32m[nodemon] restarting due to changes...[39m
[32m[nodemon] starting `node ./index.js localhost 3000`[39m
◇ injected env (5) from .env // tip: ⌘ custom filepath { path: '/custom/path/.env' }
◇ injected env (0) from .env // tip: ⌘ enable debugging { debug: true }
/app/node_modules/router/lib/route.js:228
        throw new TypeError('argument handler must be a function')
        ^

TypeError: argument handler must be a function
    at Route.<computed> [as get] (/app/node_modules/router/lib/route.js:228:15)
    at Router.<computed> [as get] (/app/node_modules/router/index.js:448:19)
    at Object.<anonymous> (/app/routes/routes.js:43:8)
    at Module._compile (node:internal/modules/cjs/loader:1811:14)
    at Object..js (node:internal/modules/cjs/loader:1942:10)
    at Module.load (node:internal/modules/cjs/loader:1532:32)
    at Module._load (node:internal/modules/cjs/loader:1334:12)
    at wrapModuleLoad (node:internal/modules/cjs/loader:255:19)
    at Module.require (node:internal/modules/cjs/loader:1555:12)
    at require (node:internal/modules/helpers:152:16)

Node.js v25.6.1
[31m[nodemon] app crashed - waiting for file changes before starting...[39m
[32m[nodemon] restarting due to changes...[39m
[32m[nodemon] starting `node ./index.js localhost 3000`[39m
[32m[nodemon] restarting due to changes...[39m
[32m[nodemon] starting `node ./index.js localhost 3000`[39m
[32m[nodemon] restarting due to changes...[39m
[32m[nodemon] starting `node ./index.js localhost 3000`[39m
[32m[nodemon] restarting due to changes...[39m
[32m[nodemon] starting `node ./index.js localhost 3000`[39m
[32m[nodemon] restarting due to changes...[39m
[32m[nodemon] starting `node ./index.js localhost 3000`[39m
[32m[nodemon] restarting due to changes...[39m
[32m[nodemon] starting `node ./index.js localhost 3000`[39m
[32m[nodemon] restarting due to changes...[39m
[32m[nodemon] starting `node ./index.js localhost 3000`[39m
◇ injected env (5) from .env // tip: ⌁ auth for agents [www.vestauth.com]
◇ injected env (0) from .env // tip: ◈ encrypted .env [www.dotenvx.com]
Server running on http://localhost:3000
[32m[nodemon] restarting due to changes...[39m
[32m[nodemon] starting `node ./index.js localhost 3000`[39m
[dotenv@17.3.1] injecting env (5) from .env -- tip: 🛠️  run anywhere with `dotenvx run -- yourcommand`
[dotenv@17.3.1] injecting env (0) from .env -- tip: 🤖 agentic secret storage: https://dotenvx.com/as2
Server running on http://localhost:3000
[32m[nodemon] restarting due to changes...[39m
[32m[nodemon] starting `node ./index.js localhost 3000`[39m
node:internal/modules/cjs/loader:1458
  throw err;
  ^

Error: Cannot find module '/app/index.js'
    at Module._resolveFilename (node:internal/modules/cjs/loader:1455:15)
    at defaultResolveImpl (node:internal/modules/cjs/loader:1065:19)
    at resolveForCJSWithHooks (node:internal/modules/cjs/loader:1070:22)
    at Module._load (node:internal/modules/cjs/loader:1241:25)
    at wrapModuleLoad (node:internal/modules/cjs/loader:255:19)
    at Module.executeUserEntryPoint [as runMain] (node:internal/modules/run_main:154:5)
    at node:internal/main/run_main_module:33:47 {
  code: 'MODULE_NOT_FOUND',
  requireStack: []
}

Node.js v25.6.1
[31m[nodemon] app crashed - waiting for file changes before starting...[39m
[32m[nodemon] restarting due to changes...[39m
[32m[nodemon] starting `node ./index.js localhost 3000`[39m
node:internal/modules/cjs/loader:1458
  throw err;
  ^

Error: Cannot find module '/app/index.js'
    at Module._resolveFilename (node:internal/modules/cjs/loader:1455:15)
    at defaultResolveImpl (node:internal/modules/cjs/loader:1065:19)
    at resolveForCJSWithHooks (node:internal/modules/cjs/loader:1070:22)
    at Module._load (node:internal/modules/cjs/loader:1241:25)
    at wrapModuleLoad (node:internal/modules/cjs/loader:255:19)
    at Module.executeUserEntryPoint [as runMain] (node:internal/modules/run_main:154:5)
    at node:internal/main/run_main_module:33:47 {
  code: 'MODULE_NOT_FOUND',
  requireStack: []
}

Node.js v25.6.1
[31m[nodemon] app crashed - waiting for file changes before starting...[39m
[32m[nodemon] restarting due to changes...[39m
[32m[nodemon] starting `node ./index.js localhost 3000`[39m
[32m[nodemon] restarting due to changes...[39m
[dotenv@17.3.1] injecting env (5) from .env -- tip: ⚡️ secrets for agents: https://dotenvx.com/as2
[32m[nodemon] starting `node ./index.js localhost 3000`[39m
[dotenv@17.3.1] injecting env (5) from .env -- tip: ⚙️  override existing env vars with { override: true }
[dotenv@17.3.1] injecting env (0) from .env -- tip: ⚙️  write to custom object with { processEnv: myObject }
Server running on http://localhost:3000
DBCONFIG {
  host: 'mariadb_2526-cs7025-group1',
  database: '2526-cs7025-group1_db',
  user: '2526-cs7025-group1',
  password: 'yUDpZFKQlGaSqDyC'
}
Recommended Posts: []
Comment Controller Called to Retrieve comments on a post
32
DBCONFIG {
  host: 'mariadb_2526-cs7025-group1',
  database: '2526-cs7025-group1_db',
  user: '2526-cs7025-group1',
  password: 'yUDpZFKQlGaSqDyC'
}
Recommended Posts: []
New user, redirecting to selection page...
Session {
  cookie: {
    path: '/',
    _expires: null,
    originalMaxAge: null,
    httpOnly: true,
    secure: false
  },
  user: {
    user_id: 23,
    username: 'servertest',
    password: 'test',
    creation_date: '2026-04-20T08:43:07.000Z',
    fav_genres: null
  }
}
DBCONFIG {
  host: 'mariadb_2526-cs7025-group1',
  database: '2526-cs7025-group1_db',
  user: '2526-cs7025-group1',
  password: 'yUDpZFKQlGaSqDyC'
}
Session {
  cookie: {
    path: '/',
    _expires: null,
    originalMaxAge: null,
    httpOnly: true,
    secure: false
  },
  user: {
    user_id: 23,
    username: 'servertest',
    password: 'test',
    creation_date: '2026-04-20T08:43:07.000Z',
    fav_genres: null
  }
}
User 23 preference updated to genre 25
User 23 selected favorite genre: 25
DBCONFIG {
  host: 'mariadb_2526-cs7025-group1',
  database: '2526-cs7025-group1_db',
  user: '2526-cs7025-group1',
  password: 'yUDpZFKQlGaSqDyC'
}
DBCONFIG {
  host: 'mariadb_2526-cs7025-group1',
  database: '2526-cs7025-group1_db',
  user: '2526-cs7025-group1',
  password: 'yUDpZFKQlGaSqDyC'
}
Recommended Posts: [
  {
    post_id: 20,
    post_title: 'HELP THERES TOO MANY BEANS',
    post_body: 'I WOKE UP THIS MORNING MY WHOLE BODY IS BEANS',
    game_id: 500,
    user_id: 6,
    post_date: 2026-03-22T17:04:42.000Z,
    image_path: '9a7852f2-6644-4468-b698-130343f5ab7b.webp',
    game_name: 'Ryse: Son of Rome',
    username: 'beansallthewaydown',
    like_count: 1
  }
]
Session {
  cookie: {
    path: '/',
    _expires: null,
    originalMaxAge: null,
    httpOnly: true,
    secure: false
  },
  user: {
    user_id: 23,
    username: 'servertest',
    password: 'test',
    creation_date: '2026-04-20T08:43:07.000Z',
    fav_genres: '25'
  }
}
slay
DBCONFIG {
  host: 'mariadb_2526-cs7025-group1',
  database: '2526-cs7025-group1_db',
  user: '2526-cs7025-group1',
  password: 'yUDpZFKQlGaSqDyC'
}
slay
DBCONFIG {
  host: 'mariadb_2526-cs7025-group1',
  database: '2526-cs7025-group1_db',
  user: '2526-cs7025-group1',
  password: 'yUDpZFKQlGaSqDyC'
}
Session {
  cookie: {
    path: '/',
    _expires: null,
    originalMaxAge: null,
    httpOnly: true,
    secure: false
  },
  user: {
    user_id: 23,
    username: 'servertest',
    password: 'test',
    creation_date: '2026-04-20T08:43:07.000Z',
    fav_genres: '25'
  }
}
Big Beans 10
[Object: null prototype] {
  title: 'testing post on server',
  content: 'testtest123123',
  game: '323'
}
{
  user_id: 23,
  username: 'servertest',
  password: 'test',
  creation_date: '2026-04-20T08:43:07.000Z',
  fav_genres: '25'
}
23
CREATING POST
INSERT INTO `posts`(`post_title`, `post_body`, `game_id`, `user_id`) VALUES (?, ?, ?, ?)
DBCONFIG {
  host: 'mariadb_2526-cs7025-group1',
  database: '2526-cs7025-group1_db',
  user: '2526-cs7025-group1',
  password: 'yUDpZFKQlGaSqDyC'
}
DBCONFIG {
  host: 'mariadb_2526-cs7025-group1',
  database: '2526-cs7025-group1_db',
  user: '2526-cs7025-group1',
  password: 'yUDpZFKQlGaSqDyC'
}
Recommended Posts: [
  {
    post_id: 20,
    post_title: 'HELP THERES TOO MANY BEANS',
    post_body: 'I WOKE UP THIS MORNING MY WHOLE BODY IS BEANS',
    game_id: 500,
    user_id: 6,
    post_date: 2026-03-22T17:04:42.000Z,
    image_path: '9a7852f2-6644-4468-b698-130343f5ab7b.webp',
    game_name: 'Ryse: Son of Rome',
    username: 'beansallthewaydown',
    like_count: 1
  }
]
Session {
  cookie: {
    path: '/',
    _expires: null,
    originalMaxAge: null,
    httpOnly: true,
    secure: false
  },
  user: {
    user_id: 23,
    username: 'servertest',
    password: 'test',
    creation_date: '2026-04-20T08:43:07.000Z',
    fav_genres: '25'
  }
}
slay
DBCONFIG {
  host: 'mariadb_2526-cs7025-group1',
  database: '2526-cs7025-group1_db',
  user: '2526-cs7025-group1',
  password: 'yUDpZFKQlGaSqDyC'
}
slay
DBCONFIG {
  host: 'mariadb_2526-cs7025-group1',
  database: '2526-cs7025-group1_db',
  user: '2526-cs7025-group1',
  password: 'yUDpZFKQlGaSqDyC'
}
Session {
  cookie: {
    path: '/',
    _expires: null,
    originalMaxAge: null,
    httpOnly: true,
    secure: false
  },
  user: {
    user_id: 23,
    username: 'servertest',
    password: 'test',
    creation_date: '2026-04-20T08:43:07.000Z',
    fav_genres: '25'
  }
}
Big Beans 10
[Object: null prototype] {
  title: 'testing post with image on server',
  content: 'testest123123123',
  game: '323'
}
{
  user_id: 23,
  username: 'servertest',
  password: 'test',
  creation_date: '2026-04-20T08:43:07.000Z',
  fav_genres: '25'
}
23
CREATING POST WITH IMAGE
<Buffer 89 50 4e 47 0d 0a 1a 0a 00 00 00 0d 49 48 44 52 00 00 04 30 00 00 03 a0 08 06 00 00 00 cb 55 86 db 00 00 00 01 73 52 47 42 00 ae ce 1c e9 00 00 00 04 ... 575482 more bytes>
Error: /app/assets/uploads/0613ca6c-68c0-437e-a519-458d44ea4822.webp: unable to open for write
system error: Permission denied
/app/assets/uploads/0613ca6c-68c0-437e-a519-458d44ea4822.webp: write error
system error: Permission denied
    at Sharp.toFile (/app/node_modules/sharp/lib/output.js:90:19)
    at PostModel.createPostWithImage (/app/models/postmodel.js:77:4)
    at createPost (/app/controllers/postcontroller.js:61:37)
    at Layer.handleRequest (/app/node_modules/router/lib/layer.js:152:17)
    at next (/app/node_modules/router/lib/route.js:157:13)
    at ensureAuthenticated (/app/routes/routes.js:19:20)
    at process.processTicksAndRejections (node:internal/process/task_queues:104:5)
slay
DBCONFIG {
  host: 'mariadb_2526-cs7025-group1',
  database: '2526-cs7025-group1_db',
  user: '2526-cs7025-group1',
  password: 'yUDpZFKQlGaSqDyC'
}
slay t
DBCONFIG {
  host: 'mariadb_2526-cs7025-group1',
  database: '2526-cs7025-group1_db',
  user: '2526-cs7025-group1',
  password: 'yUDpZFKQlGaSqDyC'
}
Session {
  cookie: {
    path: '/',
    _expires: null,
    originalMaxAge: null,
    httpOnly: true,
    secure: false
  },
  user: {
    user_id: 23,
    username: 'servertest',
    password: 'test',
    creation_date: '2026-04-20T08:43:07.000Z',
    fav_genres: '25'
  }
}
Big Beans 10
[Object: null prototype] {
  title: 'testing post with image on server',
  content: 'testest123123123',
  game: '323'
}
{
  user_id: 23,
  username: 'servertest',
  password: 'test',
  creation_date: '2026-04-20T08:43:07.000Z',
  fav_genres: '25'
}
23
CREATING POST WITH IMAGE
<Buffer 89 50 4e 47 0d 0a 1a 0a 00 00 00 0d 49 48 44 52 00 00 04 30 00 00 03 a0 08 06 00 00 00 cb 55 86 db 00 00 00 01 73 52 47 42 00 ae ce 1c e9 00 00 00 04 ... 575482 more bytes>
Error: /app/assets/uploads/b7dcad5b-0dfb-4f05-a3d2-a572440398c9.webp: unable to open for write
system error: Permission denied
/app/assets/uploads/b7dcad5b-0dfb-4f05-a3d2-a572440398c9.webp: write error
system error: Permission denied
    at Sharp.toFile (/app/node_modules/sharp/lib/output.js:90:19)
    at PostModel.createPostWithImage (/app/models/postmodel.js:77:4)
    at createPost (/app/controllers/postcontroller.js:61:37)
    at Layer.handleRequest (/app/node_modules/router/lib/layer.js:152:17)
    at next (/app/node_modules/router/lib/route.js:157:13)
    at ensureAuthenticated (/app/routes/routes.js:19:20)
    at process.processTicksAndRejections (node:internal/process/task_queues:104:5)
[32m[nodemon] restarting due to changes...[39m
[32m[nodemon] starting `node ./index.js localhost 3000`[39m
[dotenv@17.3.1] injecting env (5) from .env -- tip: 🔐 prevent committing .env to code: https://dotenvx.com/precommit
[dotenv@17.3.1] injecting env (0) from .env -- tip: ⚙️  write to custom object with { processEnv: myObject }
Server running on http://localhost:3000
slay th
DBCONFIG {
  host: 'mariadb_2526-cs7025-group1',
  database: '2526-cs7025-group1_db',
  user: '2526-cs7025-group1',
  password: 'yUDpZFKQlGaSqDyC'
}
Session {
  cookie: {
    path: '/',
    _expires: null,
    originalMaxAge: null,
    httpOnly: true,
    secure: false
  }
}
DBCONFIG {
  host: 'mariadb_2526-cs7025-group1',
  database: '2526-cs7025-group1_db',
  user: '2526-cs7025-group1',
  password: 'yUDpZFKQlGaSqDyC'
}
DBCONFIG {
  host: 'mariadb_2526-cs7025-group1',
  database: '2526-cs7025-group1_db',
  user: '2526-cs7025-group1',
  password: 'yUDpZFKQlGaSqDyC'
}
Recommended Posts: [
  {
    post_id: 20,
    post_title: 'HELP THERES TOO MANY BEANS',
    post_body: 'I WOKE UP THIS MORNING MY WHOLE BODY IS BEANS',
    game_id: 500,
    user_id: 6,
    post_date: 2026-03-22T17:04:42.000Z,
    image_path: '9a7852f2-6644-4468-b698-130343f5ab7b.webp',
    game_name: 'Ryse: Son of Rome',
    username: 'beansallthewaydown',
    like_count: 1
  }
]
Session {
  cookie: {
    path: '/',
    _expires: null,
    originalMaxAge: null,
    httpOnly: true,
    secure: false
  },
  user: {
    user_id: 23,
    username: 'servertest',
    password: 'test',
    creation_date: '2026-04-20T08:43:07.000Z',
    fav_genres: '25'
  }
}
te
DBCONFIG {
  host: 'mariadb_2526-cs7025-group1',
  database: '2526-cs7025-group1_db',
  user: '2526-cs7025-group1',
  password: 'yUDpZFKQlGaSqDyC'
}
te
DBCONFIG {
  host: 'mariadb_2526-cs7025-group1',
  database: '2526-cs7025-group1_db',
  user: '2526-cs7025-group1',
  password: 'yUDpZFKQlGaSqDyC'
}
Session {
  cookie: {
    path: '/',
    _expires: null,
    originalMaxAge: null,
    httpOnly: true,
    secure: false
  },
  user: {
    user_id: 23,
    username: 'servertest',
    password: 'test',
    creation_date: '2026-04-20T08:43:07.000Z',
    fav_genres: '25'
  }
}
Big Beans 10
[Object: null prototype] { title: 'test', content: 'test', game: '17' }
{
  user_id: 23,
  username: 'servertest',
  password: 'test',
  creation_date: '2026-04-20T08:43:07.000Z',
  fav_genres: '25'
}
23
CREATING POST WITH IMAGE
/app/assets/uploads/761bcb51-d8bc-42ef-b73e-89198a8802b4.webp
<Buffer 89 50 4e 47 0d 0a 1a 0a 00 00 00 0d 49 48 44 52 00 00 04 30 00 00 03 a0 08 06 00 00 00 cb 55 86 db 00 00 00 01 73 52 47 42 00 ae ce 1c e9 00 00 00 04 ... 575482 more bytes>
Error: /app/assets/uploads/761bcb51-d8bc-42ef-b73e-89198a8802b4.webp: unable to open for write
system error: Permission denied
/app/assets/uploads/761bcb51-d8bc-42ef-b73e-89198a8802b4.webp: write error
system error: Permission denied
    at Sharp.toFile (/app/node_modules/sharp/lib/output.js:90:19)
    at PostModel.createPostWithImage (/app/models/postmodel.js:79:4)
    at createPost (/app/controllers/postcontroller.js:61:37)
    at Layer.handleRequest (/app/node_modules/router/lib/layer.js:152:17)
    at next (/app/node_modules/router/lib/route.js:157:13)
    at ensureAuthenticated (/app/routes/routes.js:19:20)
    at process.processTicksAndRejections (node:internal/process/task_queues:104:5)
[32m[nodemon] restarting due to changes...[39m
[32m[nodemon] starting `node ./index.js localhost 3000`[39m
[dotenv@17.3.1] injecting env (5) from .env -- tip: ⚙️  load multiple .env files with { path: ['.env.local', '.env'] }
[dotenv@17.3.1] injecting env (0) from .env -- tip: 🛡️ auth for agents: https://vestauth.com
Server running on http://localhost:3000
[32m[nodemon] restarting due to changes...[39m
[32m[nodemon] starting `node ./index.js localhost 3000`[39m
[dotenv@17.3.1] injecting env (5) from .env -- tip: 🛠️  run anywhere with `dotenvx run -- yourcommand`
[dotenv@17.3.1] injecting env (0) from .env -- tip: 🛡️ auth for agents: https://vestauth.com
Server running on http://localhost:3000
tes
DBCONFIG {
  host: 'mariadb_2526-cs7025-group1',
  database: '2526-cs7025-group1_db',
  user: '2526-cs7025-group1',
  password: 'yUDpZFKQlGaSqDyC'
}
te
DBCONFIG {
  host: 'mariadb_2526-cs7025-group1',
  database: '2526-cs7025-group1_db',
  user: '2526-cs7025-group1',
  password: 'yUDpZFKQlGaSqDyC'
}
Session {
  cookie: {
    path: '/',
    _expires: null,
    originalMaxAge: null,
    httpOnly: true,
    secure: false
  }
}
DBCONFIG {
  host: 'mariadb_2526-cs7025-group1',
  database: '2526-cs7025-group1_db',
  user: '2526-cs7025-group1',
  password: 'yUDpZFKQlGaSqDyC'
}
DBCONFIG {
  host: 'mariadb_2526-cs7025-group1',
  database: '2526-cs7025-group1_db',
  user: '2526-cs7025-group1',
  password: 'yUDpZFKQlGaSqDyC'
}
Recommended Posts: [
  {
    post_id: 20,
    post_title: 'HELP THERES TOO MANY BEANS',
    post_body: 'I WOKE UP THIS MORNING MY WHOLE BODY IS BEANS',
    game_id: 500,
    user_id: 6,
    post_date: 2026-03-22T17:04:42.000Z,
    image_path: '9a7852f2-6644-4468-b698-130343f5ab7b.webp',
    game_name: 'Ryse: Son of Rome',
    username: 'beansallthewaydown',
    like_count: 1
  }
]
Session {
  cookie: {
    path: '/',
    _expires: null,
    originalMaxAge: null,
    httpOnly: true,
    secure: false
  },
  user: {
    user_id: 23,
    username: 'servertest',
    password: 'test',
    creation_date: '2026-04-20T08:43:07.000Z',
    fav_genres: '25'
  }
}
a
DBCONFIG {
  host: 'mariadb_2526-cs7025-group1',
  database: '2526-cs7025-group1_db',
  user: '2526-cs7025-group1',
  password: 'yUDpZFKQlGaSqDyC'
}
Session {
  cookie: {
    path: '/',
    _expires: null,
    originalMaxAge: null,
    httpOnly: true,
    secure: false
  },
  user: {
    user_id: 23,
    username: 'servertest',
    password: 'test',
    creation_date: '2026-04-20T08:43:07.000Z',
    fav_genres: '25'
  }
}
Big Beans 10
[Object: null prototype] { title: 'gra', content: 'd', game: '1' }
{
  user_id: 23,
  username: 'servertest',
  password: 'test',
  creation_date: '2026-04-20T08:43:07.000Z',
  fav_genres: '25'
}
23
CREATING POST WITH IMAGE
/app/assets/uploads/ebe19c43-8ccd-4e5e-a2b3-b6009dbd2530.webp
<Buffer 89 50 4e 47 0d 0a 1a 0a 00 00 00 0d 49 48 44 52 00 00 04 30 00 00 03 a0 08 06 00 00 00 cb 55 86 db 00 00 00 01 73 52 47 42 00 ae ce 1c e9 00 00 00 04 ... 575482 more bytes>
Error: /app/assets/uploads/ebe19c43-8ccd-4e5e-a2b3-b6009dbd2530.webp: unable to open for write
system error: Permission denied
/app/assets/uploads/ebe19c43-8ccd-4e5e-a2b3-b6009dbd2530.webp: write error
system error: Permission denied
    at Sharp.toFile (/app/node_modules/sharp/lib/output.js:90:19)
    at PostModel.createPostWithImage (/app/models/postmodel.js:79:4)
    at createPost (/app/controllers/postcontroller.js:61:37)
    at Layer.handleRequest (/app/node_modules/router/lib/layer.js:152:17)
    at next (/app/node_modules/router/lib/route.js:157:13)
    at ensureAuthenticated (/app/routes/routes.js:19:20)
    at process.processTicksAndRejections (node:internal/process/task_queues:104:5)
aa
DBCONFIG {
  host: 'mariadb_2526-cs7025-group1',
  database: '2526-cs7025-group1_db',
  user: '2526-cs7025-group1',
  password: 'yUDpZFKQlGaSqDyC'
}
Session {
  cookie: {
    path: '/',
    _expires: null,
    originalMaxAge: null,
    httpOnly: true,
    secure: false
  },
  user: {
    user_id: 23,
    username: 'servertest',
    password: 'test',
    creation_date: '2026-04-20T08:43:07.000Z',
    fav_genres: '25'
  }
}
Big Beans 10
[Object: null prototype] { title: 'gra', content: 'd', game: '389' }
{
  user_id: 23,
  username: 'servertest',
  password: 'test',
  creation_date: '2026-04-20T08:43:07.000Z',
  fav_genres: '25'
}
23
CREATING POST WITH IMAGE
/app/assets/uploads/1489fc7b-3a25-4aa8-ba68-1afaedcecf88.webp
<Buffer 89 50 4e 47 0d 0a 1a 0a 00 00 00 0d 49 48 44 52 00 00 04 30 00 00 03 a0 08 06 00 00 00 cb 55 86 db 00 00 00 01 73 52 47 42 00 ae ce 1c e9 00 00 00 04 ... 575482 more bytes>
Error: /app/assets/uploads/1489fc7b-3a25-4aa8-ba68-1afaedcecf88.webp: unable to open for write
system error: Permission denied
/app/assets/uploads/1489fc7b-3a25-4aa8-ba68-1afaedcecf88.webp: write error
system error: Permission denied
    at Sharp.toFile (/app/node_modules/sharp/lib/output.js:90:19)
    at PostModel.createPostWithImage (/app/models/postmodel.js:79:4)
    at createPost (/app/controllers/postcontroller.js:61:37)
    at Layer.handleRequest (/app/node_modules/router/lib/layer.js:152:17)
    at next (/app/node_modules/router/lib/route.js:157:13)
    at ensureAuthenticated (/app/routes/routes.js:19:20)
    at process.processTicksAndRejections (node:internal/process/task_queues:104:5)
Session {
  cookie: {
    path: '/',
    _expires: null,
    originalMaxAge: null,
    httpOnly: true,
    secure: false
  },
  user: {
    user_id: 23,
    username: 'servertest',
    password: 'test',
    creation_date: '2026-04-20T08:43:07.000Z',
    fav_genres: '25'
  }
}
Big Beans 10
[Object: null prototype] { title: 'gra', content: 'd', game: '389' }
{
  user_id: 23,
  username: 'servertest',
  password: 'test',
  creation_date: '2026-04-20T08:43:07.000Z',
  fav_genres: '25'
}
23
CREATING POST WITH IMAGE
/app/assets/uploads/48b329b0-08a9-4162-964c-253f7b178195.webp
<Buffer 89 50 4e 47 0d 0a 1a 0a 00 00 00 0d 49 48 44 52 00 00 04 30 00 00 03 a0 08 06 00 00 00 cb 55 86 db 00 00 00 01 73 52 47 42 00 ae ce 1c e9 00 00 00 04 ... 575482 more bytes>
Error: /app/assets/uploads/48b329b0-08a9-4162-964c-253f7b178195.webp: unable to open for write
system error: Permission denied
/app/assets/uploads/48b329b0-08a9-4162-964c-253f7b178195.webp: write error
system error: Permission denied
    at Sharp.toFile (/app/node_modules/sharp/lib/output.js:90:19)
    at PostModel.createPostWithImage (/app/models/postmodel.js:79:4)
    at createPost (/app/controllers/postcontroller.js:61:37)
    at Layer.handleRequest (/app/node_modules/router/lib/layer.js:152:17)
    at next (/app/node_modules/router/lib/route.js:157:13)
    at ensureAuthenticated (/app/routes/routes.js:19:20)
    at process.processTicksAndRejections (node:internal/process/task_queues:104:5)
Session {
  cookie: {
    path: '/',
    _expires: null,
    originalMaxAge: null,
    httpOnly: true,
    secure: false
  },
  user: {
    user_id: 23,
    username: 'servertest',
    password: 'test',
    creation_date: '2026-04-20T08:43:07.000Z',
    fav_genres: '25'
  }
}
Big Beans 10
[Object: null prototype] { title: 'gra', content: 'd', game: '389' }
{
  user_id: 23,
  username: 'servertest',
  password: 'test',
  creation_date: '2026-04-20T08:43:07.000Z',
  fav_genres: '25'
}
23
CREATING POST WITH IMAGE
/app/assets/uploads/0349b666-489c-498d-add5-88ba75f847fe.webp
<Buffer 89 50 4e 47 0d 0a 1a 0a 00 00 00 0d 49 48 44 52 00 00 04 30 00 00 03 a0 08 06 00 00 00 cb 55 86 db 00 00 00 01 73 52 47 42 00 ae ce 1c e9 00 00 00 04 ... 575482 more bytes>
Error: /app/assets/uploads/0349b666-489c-498d-add5-88ba75f847fe.webp: unable to open for write
system error: Permission denied
/app/assets/uploads/0349b666-489c-498d-add5-88ba75f847fe.webp: write error
system error: Permission denied
    at Sharp.toFile (/app/node_modules/sharp/lib/output.js:90:19)
    at PostModel.createPostWithImage (/app/models/postmodel.js:79:4)
    at createPost (/app/controllers/postcontroller.js:61:37)
    at Layer.handleRequest (/app/node_modules/router/lib/layer.js:152:17)
    at next (/app/node_modules/router/lib/route.js:157:13)
    at ensureAuthenticated (/app/routes/routes.js:19:20)
    at process.processTicksAndRejections (node:internal/process/task_queues:104:5)
Session {
  cookie: {
    path: '/',
    _expires: null,
    originalMaxAge: null,
    httpOnly: true,
    secure: false
  },
  user: {
    user_id: 23,
    username: 'servertest',
    password: 'test',
    creation_date: '2026-04-20T08:43:07.000Z',
    fav_genres: '25'
  }
}
Big Beans 10
[Object: null prototype] { title: 'gra', content: 'd', game: '389' }
{
  user_id: 23,
  username: 'servertest',
  password: 'test',
  creation_date: '2026-04-20T08:43:07.000Z',
  fav_genres: '25'
}
23
CREATING POST WITH IMAGE
/app/assets/uploads/a01a0c79-a552-4455-ac8f-18a88b932624.webp
<Buffer 89 50 4e 47 0d 0a 1a 0a 00 00 00 0d 49 48 44 52 00 00 04 30 00 00 03 a0 08 06 00 00 00 cb 55 86 db 00 00 00 01 73 52 47 42 00 ae ce 1c e9 00 00 00 04 ... 575482 more bytes>
Error: /app/assets/uploads/a01a0c79-a552-4455-ac8f-18a88b932624.webp: unable to open for write
system error: Permission denied
/app/assets/uploads/a01a0c79-a552-4455-ac8f-18a88b932624.webp: write error
system error: Permission denied
    at Sharp.toFile (/app/node_modules/sharp/lib/output.js:90:19)
    at PostModel.createPostWithImage (/app/models/postmodel.js:79:4)
    at createPost (/app/controllers/postcontroller.js:61:37)
    at Layer.handleRequest (/app/node_modules/router/lib/layer.js:152:17)
    at next (/app/node_modules/router/lib/route.js:157:13)
    at ensureAuthenticated (/app/routes/routes.js:19:20)
    at process.processTicksAndRejections (node:internal/process/task_queues:104:5)
Session {
  cookie: {
    path: '/',
    _expires: null,
    originalMaxAge: null,
    httpOnly: true,
    secure: false
  },
  user: {
    user_id: 23,
    username: 'servertest',
    password: 'test',
    creation_date: '2026-04-20T08:43:07.000Z',
    fav_genres: '25'
  }
}
Big Beans 10
[Object: null prototype] { title: 'gra', content: 'd', game: '389' }
{
  user_id: 23,
  username: 'servertest',
  password: 'test',
  creation_date: '2026-04-20T08:43:07.000Z',
  fav_genres: '25'
}
23
CREATING POST WITH IMAGE
/app/assets/uploads/c8f98df7-4ccc-4371-9c6b-22b9db2a0e6b.webp
<Buffer 89 50 4e 47 0d 0a 1a 0a 00 00 00 0d 49 48 44 52 00 00 04 30 00 00 03 a0 08 06 00 00 00 cb 55 86 db 00 00 00 01 73 52 47 42 00 ae ce 1c e9 00 00 00 04 ... 575482 more bytes>
Error: /app/assets/uploads/c8f98df7-4ccc-4371-9c6b-22b9db2a0e6b.webp: unable to open for write
system error: Permission denied
/app/assets/uploads/c8f98df7-4ccc-4371-9c6b-22b9db2a0e6b.webp: write error
system error: Permission denied
    at Sharp.toFile (/app/node_modules/sharp/lib/output.js:90:19)
    at PostModel.createPostWithImage (/app/models/postmodel.js:79:4)
    at createPost (/app/controllers/postcontroller.js:61:37)
    at Layer.handleRequest (/app/node_modules/router/lib/layer.js:152:17)
    at next (/app/node_modules/router/lib/route.js:157:13)
    at ensureAuthenticated (/app/routes/routes.js:19:20)
    at process.processTicksAndRejections (node:internal/process/task_queues:104:5)
Session {
  cookie: {
    path: '/',
    _expires: null,
    originalMaxAge: null,
    httpOnly: true,
    secure: false
  },
  user: {
    user_id: 23,
    username: 'servertest',
    password: 'test',
    creation_date: '2026-04-20T08:43:07.000Z',
    fav_genres: '25'
  }
}
Big Beans 10
[Object: null prototype] { title: 'gra', content: 'd', game: '389' }
{
  user_id: 23,
  username: 'servertest',
  password: 'test',
  creation_date: '2026-04-20T08:43:07.000Z',
  fav_genres: '25'
}
23
CREATING POST WITH IMAGE
/app/assets/uploads/9b63a04d-9302-4d3e-b73d-06f9502c5c8e.webp
<Buffer 89 50 4e 47 0d 0a 1a 0a 00 00 00 0d 49 48 44 52 00 00 04 30 00 00 03 a0 08 06 00 00 00 cb 55 86 db 00 00 00 01 73 52 47 42 00 ae ce 1c e9 00 00 00 04 ... 575482 more bytes>
Error: /app/assets/uploads/9b63a04d-9302-4d3e-b73d-06f9502c5c8e.webp: unable to open for write
system error: Permission denied
/app/assets/uploads/9b63a04d-9302-4d3e-b73d-06f9502c5c8e.webp: write error
system error: Permission denied
    at Sharp.toFile (/app/node_modules/sharp/lib/output.js:90:19)
    at PostModel.createPostWithImage (/app/models/postmodel.js:79:4)
    at createPost (/app/controllers/postcontroller.js:61:37)
    at Layer.handleRequest (/app/node_modules/router/lib/layer.js:152:17)
    at next (/app/node_modules/router/lib/route.js:157:13)
    at ensureAuthenticated (/app/routes/routes.js:19:20)
    at process.processTicksAndRejections (node:internal/process/task_queues:104:5)
Session {
  cookie: {
    path: '/',
    _expires: null,
    originalMaxAge: null,
    httpOnly: true,
    secure: false
  },
  user: {
    user_id: 23,
    username: 'servertest',
    password: 'test',
    creation_date: '2026-04-20T08:43:07.000Z',
    fav_genres: '25'
  }
}
Big Beans 10
[Object: null prototype] { title: 'gra', content: 'd', game: '389' }
{
  user_id: 23,
  username: 'servertest',
  password: 'test',
  creation_date: '2026-04-20T08:43:07.000Z',
  fav_genres: '25'
}
23
CREATING POST WITH IMAGE
/app/assets/uploads/fae66868-1170-4d54-89c3-3fe5485535d0.webp
<Buffer 89 50 4e 47 0d 0a 1a 0a 00 00 00 0d 49 48 44 52 00 00 04 30 00 00 03 a0 08 06 00 00 00 cb 55 86 db 00 00 00 01 73 52 47 42 00 ae ce 1c e9 00 00 00 04 ... 575482 more bytes>
Error: /app/assets/uploads/fae66868-1170-4d54-89c3-3fe5485535d0.webp: unable to open for write
system error: Permission denied
/app/assets/uploads/fae66868-1170-4d54-89c3-3fe5485535d0.webp: write error
system error: Permission denied
    at Sharp.toFile (/app/node_modules/sharp/lib/output.js:90:19)
    at PostModel.createPostWithImage (/app/models/postmodel.js:79:4)
    at createPost (/app/controllers/postcontroller.js:61:37)
    at Layer.handleRequest (/app/node_modules/router/lib/layer.js:152:17)
    at next (/app/node_modules/router/lib/route.js:157:13)
    at ensureAuthenticated (/app/routes/routes.js:19:20)
    at process.processTicksAndRejections (node:internal/process/task_queues:104:5)
Session {
  cookie: {
    path: '/',
    _expires: null,
    originalMaxAge: null,
    httpOnly: true,
    secure: false
  },
  user: {
    user_id: 23,
    username: 'servertest',
    password: 'test',
    creation_date: '2026-04-20T08:43:07.000Z',
    fav_genres: '25'
  }
}
Big Beans 10
[Object: null prototype] { title: 'gra', content: 'd', game: '389' }
{
  user_id: 23,
  username: 'servertest',
  password: 'test',
  creation_date: '2026-04-20T08:43:07.000Z',
  fav_genres: '25'
}
23
CREATING POST WITH IMAGE
/app/assets/uploads/33a1474f-6825-42f7-b025-e859834fcec2.webp
<Buffer 89 50 4e 47 0d 0a 1a 0a 00 00 00 0d 49 48 44 52 00 00 04 30 00 00 03 a0 08 06 00 00 00 cb 55 86 db 00 00 00 01 73 52 47 42 00 ae ce 1c e9 00 00 00 04 ... 575482 more bytes>
Error: /app/assets/uploads/33a1474f-6825-42f7-b025-e859834fcec2.webp: unable to open for write
system error: Permission denied
/app/assets/uploads/33a1474f-6825-42f7-b025-e859834fcec2.webp: write error
system error: Permission denied
    at Sharp.toFile (/app/node_modules/sharp/lib/output.js:90:19)
    at PostModel.createPostWithImage (/app/models/postmodel.js:79:4)
    at createPost (/app/controllers/postcontroller.js:61:37)
    at Layer.handleRequest (/app/node_modules/router/lib/layer.js:152:17)
    at next (/app/node_modules/router/lib/route.js:157:13)
    at ensureAuthenticated (/app/routes/routes.js:19:20)
    at process.processTicksAndRejections (node:internal/process/task_queues:104:5)
Session {
  cookie: {
    path: '/',
    _expires: null,
    originalMaxAge: null,
    httpOnly: true,
    secure: false
  },
  user: {
    user_id: 23,
    username: 'servertest',
    password: 'test',
    creation_date: '2026-04-20T08:43:07.000Z',
    fav_genres: '25'
  }
}
Big Beans 10
[Object: null prototype] { title: 'gra', content: 'd', game: '389' }
{
  user_id: 23,
  username: 'servertest',
  password: 'test',
  creation_date: '2026-04-20T08:43:07.000Z',
  fav_genres: '25'
}
23
CREATING POST WITH IMAGE
/app/assets/uploads/c763bedc-74d4-4dd3-b23d-b934b61b2841.webp
<Buffer 89 50 4e 47 0d 0a 1a 0a 00 00 00 0d 49 48 44 52 00 00 04 30 00 00 03 a0 08 06 00 00 00 cb 55 86 db 00 00 00 01 73 52 47 42 00 ae ce 1c e9 00 00 00 04 ... 575482 more bytes>
Error: /app/assets/uploads/c763bedc-74d4-4dd3-b23d-b934b61b2841.webp: unable to open for write
system error: Permission denied
/app/assets/uploads/c763bedc-74d4-4dd3-b23d-b934b61b2841.webp: write error
system error: Permission denied
    at Sharp.toFile (/app/node_modules/sharp/lib/output.js:90:19)
    at PostModel.createPostWithImage (/app/models/postmodel.js:79:4)
    at createPost (/app/controllers/postcontroller.js:61:37)
    at Layer.handleRequest (/app/node_modules/router/lib/layer.js:152:17)
    at next (/app/node_modules/router/lib/route.js:157:13)
    at ensureAuthenticated (/app/routes/routes.js:19:20)
    at process.processTicksAndRejections (node:internal/process/task_queues:104:5)
Session {
  cookie: {
    path: '/',
    _expires: null,
    originalMaxAge: null,
    httpOnly: true,
    secure: false
  },
  user: {
    user_id: 23,
    username: 'servertest',
    password: 'test',
    creation_date: '2026-04-20T08:43:07.000Z',
    fav_genres: '25'
  }
}
Big Beans 10
[Object: null prototype] { title: 'gra', content: 'd', game: '389' }
{
  user_id: 23,
  username: 'servertest',
  password: 'test',
  creation_date: '2026-04-20T08:43:07.000Z',
  fav_genres: '25'
}
23
CREATING POST WITH IMAGE
/app/assets/uploads/facbffa8-02fa-4f60-819e-f730e2a67a7e.webp
<Buffer 89 50 4e 47 0d 0a 1a 0a 00 00 00 0d 49 48 44 52 00 00 04 30 00 00 03 a0 08 06 00 00 00 cb 55 86 db 00 00 00 01 73 52 47 42 00 ae ce 1c e9 00 00 00 04 ... 575482 more bytes>
Error: /app/assets/uploads/facbffa8-02fa-4f60-819e-f730e2a67a7e.webp: unable to open for write
system error: Permission denied
/app/assets/uploads/facbffa8-02fa-4f60-819e-f730e2a67a7e.webp: write error
system error: Permission denied
    at Sharp.toFile (/app/node_modules/sharp/lib/output.js:90:19)
    at PostModel.createPostWithImage (/app/models/postmodel.js:79:4)
    at createPost (/app/controllers/postcontroller.js:61:37)
    at Layer.handleRequest (/app/node_modules/router/lib/layer.js:152:17)
    at next (/app/node_modules/router/lib/route.js:157:13)
    at ensureAuthenticated (/app/routes/routes.js:19:20)
    at process.processTicksAndRejections (node:internal/process/task_queues:104:5)
a
DBCONFIG {
  host: 'mariadb_2526-cs7025-group1',
  database: '2526-cs7025-group1_db',
  user: '2526-cs7025-group1',
  password: 'yUDpZFKQlGaSqDyC'
}
Session {
  cookie: {
    path: '/',
    _expires: null,
    originalMaxAge: null,
    httpOnly: true,
    secure: false
  },
  user: {
    user_id: 23,
    username: 'servertest',
    password: 'test',
    creation_date: '2026-04-20T08:43:07.000Z',
    fav_genres: '25'
  }
}
Big Beans 10
[Object: null prototype] { title: 'gra', content: 'd', game: '1' }
{
  user_id: 23,
  username: 'servertest',
  password: 'test',
  creation_date: '2026-04-20T08:43:07.000Z',
  fav_genres: '25'
}
23
CREATING POST WITH IMAGE
/app/assets/uploads/0a98edf4-1e8c-47c9-a69b-d0db6b1156b5.webp
<Buffer 89 50 4e 47 0d 0a 1a 0a 00 00 00 0d 49 48 44 52 00 00 04 30 00 00 03 a0 08 06 00 00 00 cb 55 86 db 00 00 00 01 73 52 47 42 00 ae ce 1c e9 00 00 00 04 ... 575482 more bytes>
Error: /app/assets/uploads/0a98edf4-1e8c-47c9-a69b-d0db6b1156b5.webp: unable to open for write
system error: Permission denied
/app/assets/uploads/0a98edf4-1e8c-47c9-a69b-d0db6b1156b5.webp: write error
system error: Permission denied
    at Sharp.toFile (/app/node_modules/sharp/lib/output.js:90:19)
    at PostModel.createPostWithImage (/app/models/postmodel.js:79:4)
    at createPost (/app/controllers/postcontroller.js:61:37)
    at Layer.handleRequest (/app/node_modules/router/lib/layer.js:152:17)
    at next (/app/node_modules/router/lib/route.js:157:13)
    at ensureAuthenticated (/app/routes/routes.js:19:20)
    at process.processTicksAndRejections (node:internal/process/task_queues:104:5)
Session {
  cookie: {
    path: '/',
    _expires: null,
    originalMaxAge: null,
    httpOnly: true,
    secure: false
  },
  user: {
    user_id: 23,
    username: 'servertest',
    password: 'test',
    creation_date: '2026-04-20T08:43:07.000Z',
    fav_genres: '25'
  }
}
Big Beans 10
[Object: null prototype] { title: 'gra', content: 'd', game: '1' }
{
  user_id: 23,
  username: 'servertest',
  password: 'test',
  creation_date: '2026-04-20T08:43:07.000Z',
  fav_genres: '25'
}
23
CREATING POST WITH IMAGE
/app/assets/uploads/c8deaccb-449e-4a41-af0c-69f4903ce420.webp
<Buffer 89 50 4e 47 0d 0a 1a 0a 00 00 00 0d 49 48 44 52 00 00 04 30 00 00 03 a0 08 06 00 00 00 cb 55 86 db 00 00 00 01 73 52 47 42 00 ae ce 1c e9 00 00 00 04 ... 575482 more bytes>
Error: /app/assets/uploads/c8deaccb-449e-4a41-af0c-69f4903ce420.webp: unable to open for write
system error: Permission denied
/app/assets/uploads/c8deaccb-449e-4a41-af0c-69f4903ce420.webp: write error
system error: Permission denied
    at Sharp.toFile (/app/node_modules/sharp/lib/output.js:90:19)
    at PostModel.createPostWithImage (/app/models/postmodel.js:79:4)
    at createPost (/app/controllers/postcontroller.js:61:37)
    at Layer.handleRequest (/app/node_modules/router/lib/layer.js:152:17)
    at next (/app/node_modules/router/lib/route.js:157:13)
    at ensureAuthenticated (/app/routes/routes.js:19:20)
    at process.processTicksAndRejections (node:internal/process/task_queues:104:5)
Session {
  cookie: {
    path: '/',
    _expires: null,
    originalMaxAge: null,
    httpOnly: true,
    secure: false
  },
  user: {
    user_id: 23,
    username: 'servertest',
    password: 'test',
    creation_date: '2026-04-20T08:43:07.000Z',
    fav_genres: '25'
  }
}
Big Beans 10
[Object: null prototype] { title: 'gra', content: 'd', game: '1' }
{
  user_id: 23,
  username: 'servertest',
  password: 'test',
  creation_date: '2026-04-20T08:43:07.000Z',
  fav_genres: '25'
}
23
CREATING POST WITH IMAGE
/app/assets/uploads/7286f6c6-c3c8-459d-8f56-eea4273cf602.webp
<Buffer 89 50 4e 47 0d 0a 1a 0a 00 00 00 0d 49 48 44 52 00 00 04 30 00 00 03 a0 08 06 00 00 00 cb 55 86 db 00 00 00 01 73 52 47 42 00 ae ce 1c e9 00 00 00 04 ... 575482 more bytes>
Error: /app/assets/uploads/7286f6c6-c3c8-459d-8f56-eea4273cf602.webp: unable to open for write
system error: Permission denied
/app/assets/uploads/7286f6c6-c3c8-459d-8f56-eea4273cf602.webp: write error
system error: Permission denied
    at Sharp.toFile (/app/node_modules/sharp/lib/output.js:90:19)
    at PostModel.createPostWithImage (/app/models/postmodel.js:79:4)
    at createPost (/app/controllers/postcontroller.js:61:37)
    at Layer.handleRequest (/app/node_modules/router/lib/layer.js:152:17)
    at next (/app/node_modules/router/lib/route.js:157:13)
    at ensureAuthenticated (/app/routes/routes.js:19:20)
    at process.processTicksAndRejections (node:internal/process/task_queues:104:5)
Session {
  cookie: {
    path: '/',
    _expires: null,
    originalMaxAge: null,
    httpOnly: true,
    secure: false
  },
  user: {
    user_id: 23,
    username: 'servertest',
    password: 'test',
    creation_date: '2026-04-20T08:43:07.000Z',
    fav_genres: '25'
  }
}
Big Beans 10
[Object: null prototype] { title: 'gra', content: 'd', game: '1' }
{
  user_id: 23,
  username: 'servertest',
  password: 'test',
  creation_date: '2026-04-20T08:43:07.000Z',
  fav_genres: '25'
}
23
CREATING POST WITH IMAGE
/app/assets/uploads/11493046-3f8f-4080-96ca-f95b4a183127.webp
<Buffer 89 50 4e 47 0d 0a 1a 0a 00 00 00 0d 49 48 44 52 00 00 04 30 00 00 03 a0 08 06 00 00 00 cb 55 86 db 00 00 00 01 73 52 47 42 00 ae ce 1c e9 00 00 00 04 ... 575482 more bytes>
Error: /app/assets/uploads/11493046-3f8f-4080-96ca-f95b4a183127.webp: unable to open for write
system error: Permission denied
/app/assets/uploads/11493046-3f8f-4080-96ca-f95b4a183127.webp: write error
system error: Permission denied
    at Sharp.toFile (/app/node_modules/sharp/lib/output.js:90:19)
    at PostModel.createPostWithImage (/app/models/postmodel.js:79:4)
    at createPost (/app/controllers/postcontroller.js:61:37)
    at Layer.handleRequest (/app/node_modules/router/lib/layer.js:152:17)
    at next (/app/node_modules/router/lib/route.js:157:13)
    at ensureAuthenticated (/app/routes/routes.js:19:20)
    at process.processTicksAndRejections (node:internal/process/task_queues:104:5)
Session {
  cookie: {
    path: '/',
    _expires: null,
    originalMaxAge: null,
    httpOnly: true,
    secure: false
  },
  user: {
    user_id: 23,
    username: 'servertest',
    password: 'test',
    creation_date: '2026-04-20T08:43:07.000Z',
    fav_genres: '25'
  }
}
Big Beans 10
[Object: null prototype] { title: 'gra', content: 'd', game: '1' }
{
  user_id: 23,
  username: 'servertest',
  password: 'test',
  creation_date: '2026-04-20T08:43:07.000Z',
  fav_genres: '25'
}
23
CREATING POST WITH IMAGE
/app/assets/uploads/f9a7d49f-be6f-4f5a-bd0d-1bcdca7ea21e.webp
<Buffer 89 50 4e 47 0d 0a 1a 0a 00 00 00 0d 49 48 44 52 00 00 04 30 00 00 03 a0 08 06 00 00 00 cb 55 86 db 00 00 00 01 73 52 47 42 00 ae ce 1c e9 00 00 00 04 ... 575482 more bytes>
Error: /app/assets/uploads/f9a7d49f-be6f-4f5a-bd0d-1bcdca7ea21e.webp: unable to open for write
system error: Permission denied
/app/assets/uploads/f9a7d49f-be6f-4f5a-bd0d-1bcdca7ea21e.webp: write error
system error: Permission denied
    at Sharp.toFile (/app/node_modules/sharp/lib/output.js:90:19)
    at PostModel.createPostWithImage (/app/models/postmodel.js:79:4)
    at createPost (/app/controllers/postcontroller.js:61:37)
    at Layer.handleRequest (/app/node_modules/router/lib/layer.js:152:17)
    at next (/app/node_modules/router/lib/route.js:157:13)
    at ensureAuthenticated (/app/routes/routes.js:19:20)
    at process.processTicksAndRejections (node:internal/process/task_queues:104:5)
Session {
  cookie: {
    path: '/',
    _expires: null,
    originalMaxAge: null,
    httpOnly: true,
    secure: false
  },
  user: {
    user_id: 23,
    username: 'servertest',
    password: 'test',
    creation_date: '2026-04-20T08:43:07.000Z',
    fav_genres: '25'
  }
}
Big Beans 10
[Object: null prototype] { title: 'gra', content: 'd', game: '1' }
{
  user_id: 23,
  username: 'servertest',
  password: 'test',
  creation_date: '2026-04-20T08:43:07.000Z',
  fav_genres: '25'
}
23
CREATING POST WITH IMAGE
/app/assets/uploads/19795336-ef59-472b-bbe6-a75731bf6c81.webp
<Buffer 89 50 4e 47 0d 0a 1a 0a 00 00 00 0d 49 48 44 52 00 00 04 30 00 00 03 a0 08 06 00 00 00 cb 55 86 db 00 00 00 01 73 52 47 42 00 ae ce 1c e9 00 00 00 04 ... 575482 more bytes>
Error: /app/assets/uploads/19795336-ef59-472b-bbe6-a75731bf6c81.webp: unable to open for write
system error: Permission denied
/app/assets/uploads/19795336-ef59-472b-bbe6-a75731bf6c81.webp: write error
system error: Permission denied
    at Sharp.toFile (/app/node_modules/sharp/lib/output.js:90:19)
    at PostModel.createPostWithImage (/app/models/postmodel.js:79:4)
    at createPost (/app/controllers/postcontroller.js:61:37)
    at Layer.handleRequest (/app/node_modules/router/lib/layer.js:152:17)
    at next (/app/node_modules/router/lib/route.js:157:13)
    at ensureAuthenticated (/app/routes/routes.js:19:20)
    at process.processTicksAndRejections (node:internal/process/task_queues:104:5)
Session {
  cookie: {
    path: '/',
    _expires: null,
    originalMaxAge: null,
    httpOnly: true,
    secure: false
  },
  user: {
    user_id: 23,
    username: 'servertest',
    password: 'test',
    creation_date: '2026-04-20T08:43:07.000Z',
    fav_genres: '25'
  }
}
Big Beans 10
[Object: null prototype] { title: 'gra', content: 'd', game: '1' }
{
  user_id: 23,
  username: 'servertest',
  password: 'test',
  creation_date: '2026-04-20T08:43:07.000Z',
  fav_genres: '25'
}
23
CREATING POST WITH IMAGE
/app/assets/uploads/9ff2ef40-9935-47b7-803c-6cc9c01fc17f.webp
<Buffer 89 50 4e 47 0d 0a 1a 0a 00 00 00 0d 49 48 44 52 00 00 04 30 00 00 03 a0 08 06 00 00 00 cb 55 86 db 00 00 00 01 73 52 47 42 00 ae ce 1c e9 00 00 00 04 ... 575482 more bytes>
Error: /app/assets/uploads/9ff2ef40-9935-47b7-803c-6cc9c01fc17f.webp: unable to open for write
system error: Permission denied
/app/assets/uploads/9ff2ef40-9935-47b7-803c-6cc9c01fc17f.webp: write error
system error: Permission denied
    at Sharp.toFile (/app/node_modules/sharp/lib/output.js:90:19)
    at PostModel.createPostWithImage (/app/models/postmodel.js:79:4)
    at createPost (/app/controllers/postcontroller.js:61:37)
    at Layer.handleRequest (/app/node_modules/router/lib/layer.js:152:17)
    at next (/app/node_modules/router/lib/route.js:157:13)
    at ensureAuthenticated (/app/routes/routes.js:19:20)
    at process.processTicksAndRejections (node:internal/process/task_queues:104:5)
DBCONFIG {
  host: 'mariadb_2526-cs7025-group1',
  database: '2526-cs7025-group1_db',
  user: '2526-cs7025-group1',
  password: 'yUDpZFKQlGaSqDyC'
}
DBCONFIG {
  host: 'mariadb_2526-cs7025-group1',
  database: '2526-cs7025-group1_db',
  user: '2526-cs7025-group1',
  password: 'yUDpZFKQlGaSqDyC'
}
Recommended Posts: [
  {
    post_id: 20,
    post_title: 'HELP THERES TOO MANY BEANS',
    post_body: 'I WOKE UP THIS MORNING MY WHOLE BODY IS BEANS',
    game_id: 500,
    user_id: 6,
    post_date: 2026-03-22T17:04:42.000Z,
    image_path: '9a7852f2-6644-4468-b698-130343f5ab7b.webp',
    game_name: 'Ryse: Son of Rome',
    username: 'beansallthewaydown',
    like_count: 1
  }
]
Comment Controller Called to Retrieve comments on a post
30
Comment Controller Called to Retrieve comments on a post
27
Comment Controller Called to Retrieve comments on a post
20
[32m[nodemon] restarting due to changes...[39m
[32m[nodemon] starting `node ./index.js localhost 3000`[39m
[dotenv@17.3.1] injecting env (5) from .env -- tip: ⚙️  write to custom object with { processEnv: myObject }
[dotenv@17.3.1] injecting env (0) from .env -- tip: 🔐 prevent committing .env to code: https://dotenvx.com/precommit
Server running on http://localhost:3000
DBCONFIG {
  host: 'mariadb_2526-cs7025-group1',
  database: '2526-cs7025-group1_db',
  user: '2526-cs7025-group1',
  password: 'yUDpZFKQlGaSqDyC'
}
Recommended Posts: []
Register Query Error: Error: Duplicate entry 'servertest' for key 'username'
DBCONFIG {
  host: 'mariadb_2526-cs7025-group1',
  database: '2526-cs7025-group1_db',
  user: '2526-cs7025-group1',
  password: 'yUDpZFKQlGaSqDyC'
}
DBCONFIG {
  host: 'mariadb_2526-cs7025-group1',
  database: '2526-cs7025-group1_db',
  user: '2526-cs7025-group1',
  password: 'yUDpZFKQlGaSqDyC'
}
Recommended Posts: [
  {
    post_id: 20,
    post_title: 'HELP THERES TOO MANY BEANS',
    post_body: 'I WOKE UP THIS MORNING MY WHOLE BODY IS BEANS',
    game_id: 500,
    user_id: 6,
    post_date: 2026-03-22T17:04:42.000Z,
    image_path: '9a7852f2-6644-4468-b698-130343f5ab7b.webp',
    game_name: 'Ryse: Son of Rome',
    username: 'beansallthewaydown',
    like_count: 1
  }
]
Session {
  cookie: {
    path: '/',
    _expires: null,
    originalMaxAge: null,
    httpOnly: true,
    secure: false
  },
  user: {
    user_id: 23,
    username: 'servertest',
    password: 'test',
    creation_date: '2026-04-20T08:43:07.000Z',
    fav_genres: '25'
  }
}
a
DBCONFIG {
  host: 'mariadb_2526-cs7025-group1',
  database: '2526-cs7025-group1_db',
  user: '2526-cs7025-group1',
  password: 'yUDpZFKQlGaSqDyC'
}
Session {
  cookie: {
    path: '/',
    _expires: null,
    originalMaxAge: null,
    httpOnly: true,
    secure: false
  },
  user: {
    user_id: 23,
    username: 'servertest',
    password: 'test',
    creation_date: '2026-04-20T08:43:07.000Z',
    fav_genres: '25'
  }
}
Big Beans 10
[Object: null prototype] { title: 'afds', content: 'asdf', game: '1' }
{
  user_id: 23,
  username: 'servertest',
  password: 'test',
  creation_date: '2026-04-20T08:43:07.000Z',
  fav_genres: '25'
}
23
CREATING POST WITH IMAGE
/app/assets/uploads/6a812a63-737d-48b3-ba6b-97174dfd9c8d.webp
<Buffer 89 50 4e 47 0d 0a 1a 0a 00 00 00 0d 49 48 44 52 00 00 04 30 00 00 03 a0 08 06 00 00 00 cb 55 86 db 00 00 00 01 73 52 47 42 00 ae ce 1c e9 00 00 00 04 ... 575482 more bytes>
Error [ERR_HTTP_HEADERS_SENT]: Cannot set headers after they are sent to the client
    at ServerResponse.setHeader (node:_http_outgoing:642:11)
    at ServerResponse.header (/app/node_modules/express/lib/response.js:686:10)
    at ServerResponse.location (/app/node_modules/express/lib/response.js:802:15)
    at ServerResponse.redirect (/app/node_modules/express/lib/response.js:843:18)
    at createPost (/app/controllers/postcontroller.js:69:9)
Session {
  cookie: {
    path: '/',
    _expires: null,
    originalMaxAge: null,
    httpOnly: true,
    secure: false
  },
  user: {
    user_id: 23,
    username: 'servertest',
    password: 'test',
    creation_date: '2026-04-20T08:43:07.000Z',
    fav_genres: '25'
  }
}
DBCONFIG {
  host: 'mariadb_2526-cs7025-group1',
  database: '2526-cs7025-group1_db',
  user: '2526-cs7025-group1',
  password: 'yUDpZFKQlGaSqDyC'
}
DBCONFIG {
  host: 'mariadb_2526-cs7025-group1',
  database: '2526-cs7025-group1_db',
  user: '2526-cs7025-group1',
  password: 'yUDpZFKQlGaSqDyC'
}
Recommended Posts: [
  {
    post_id: 20,
    post_title: 'HELP THERES TOO MANY BEANS',
    post_body: 'I WOKE UP THIS MORNING MY WHOLE BODY IS BEANS',
    game_id: 500,
    user_id: 6,
    post_date: 2026-03-22T17:04:42.000Z,
    image_path: '9a7852f2-6644-4468-b698-130343f5ab7b.webp',
    game_name: 'Ryse: Son of Rome',
    username: 'beansallthewaydown',
    like_count: 1
  }
]
[32m[nodemon] restarting due to changes...[39m
[32m[nodemon] starting `node ./index.js localhost 3000`[39m
[dotenv@17.3.1] injecting env (5) from .env -- tip: 🤖 agentic secret storage: https://dotenvx.com/as2
[dotenv@17.3.1] injecting env (0) from .env -- tip: 🤖 agentic secret storage: https://dotenvx.com/as2
Server running on http://localhost:3000
[32m[nodemon] restarting due to changes...[39m
[32m[nodemon] starting `node ./index.js localhost 3000`[39m
[dotenv@17.3.1] injecting env (5) from .env -- tip: 🤖 agentic secret storage: https://dotenvx.com/as2
[dotenv@17.3.1] injecting env (0) from .env -- tip: 🛠️  run anywhere with `dotenvx run -- yourcommand`
Server running on http://localhost:3000
DBCONFIG {
  host: 'mariadb_2526-cs7025-group1',
  database: '2526-cs7025-group1_db',
  user: '2526-cs7025-group1',
  password: 'yUDpZFKQlGaSqDyC'
}
Recommended Posts: []
DBCONFIG {
  host: 'mariadb_2526-cs7025-group1',
  database: '2526-cs7025-group1_db',
  user: '2526-cs7025-group1',
  password: 'yUDpZFKQlGaSqDyC'
}
DBCONFIG {
  host: 'mariadb_2526-cs7025-group1',
  database: '2526-cs7025-group1_db',
  user: '2526-cs7025-group1',
  password: 'yUDpZFKQlGaSqDyC'
}
Recommended Posts: [
  {
    post_id: 20,
    post_title: 'HELP THERES TOO MANY BEANS',
    post_body: 'I WOKE UP THIS MORNING MY WHOLE BODY IS BEANS',
    game_id: 500,
    user_id: 6,
    post_date: 2026-03-22T17:04:42.000Z,
    image_path: '9a7852f2-6644-4468-b698-130343f5ab7b.webp',
    game_name: 'Ryse: Son of Rome',
    username: 'beansallthewaydown',
    like_count: 1
  }
]
Session {
  cookie: {
    path: '/',
    _expires: null,
    originalMaxAge: null,
    httpOnly: true,
    secure: false
  },
  user: {
    user_id: 23,
    username: 'servertest',
    password: 'test',
    creation_date: '2026-04-20T08:43:07.000Z',
    fav_genres: '25'
  }
}
SyntaxError: Unexpected token 'if' in /app/views/createpost/index.ejs while compiling ejs

If the above error is not helpful, you may want to try EJS-Lint:
https://github.com/RyanZim/EJS-Lint
Or, if you meant to create an async function, pass `async: true` as an option.
    at new Function (<anonymous>)
    at Template.compile (/app/node_modules/ejs/lib/cjs/ejs.js:614:18)
    at Object.compile (/app/node_modules/ejs/lib/cjs/ejs.js:362:18)
    at handleCache (/app/node_modules/ejs/lib/cjs/ejs.js:217:16)
    at tryHandleCache (/app/node_modules/ejs/lib/cjs/ejs.js:254:22)
    at ejs.renderFile [as engine] (/app/node_modules/ejs/lib/cjs/ejs.js:447:12)
    at View.render (/app/node_modules/express/lib/view.js:139:8)
    at tryRender (/app/node_modules/express/lib/application.js:627:10)
    at app.render (/app/node_modules/express/lib/application.js:574:3)
    at ServerResponse.render (/app/node_modules/express/lib/response.js:923:7)
Session {
  cookie: {
    path: '/',
    _expires: null,
    originalMaxAge: null,
    httpOnly: true,
    secure: false
  },
  user: {
    user_id: 23,
    username: 'servertest',
    password: 'test',
    creation_date: '2026-04-20T08:43:07.000Z',
    fav_genres: '25'
  }
}
SyntaxError: Unexpected token 'if' in /app/views/createpost/index.ejs while compiling ejs

If the above error is not helpful, you may want to try EJS-Lint:
https://github.com/RyanZim/EJS-Lint
Or, if you meant to create an async function, pass `async: true` as an option.
    at new Function (<anonymous>)
    at Template.compile (/app/node_modules/ejs/lib/cjs/ejs.js:614:18)
    at Object.compile (/app/node_modules/ejs/lib/cjs/ejs.js:362:18)
    at handleCache (/app/node_modules/ejs/lib/cjs/ejs.js:217:16)
    at tryHandleCache (/app/node_modules/ejs/lib/cjs/ejs.js:254:22)
    at ejs.renderFile [as engine] (/app/node_modules/ejs/lib/cjs/ejs.js:447:12)
    at View.render (/app/node_modules/express/lib/view.js:139:8)
    at tryRender (/app/node_modules/express/lib/application.js:627:10)
    at app.render (/app/node_modules/express/lib/application.js:574:3)
    at ServerResponse.render (/app/node_modules/express/lib/response.js:923:7)
Session {
  cookie: {
    path: '/',
    _expires: null,
    originalMaxAge: null,
    httpOnly: true,
    secure: false
  },
  user: {
    user_id: 23,
    username: 'servertest',
    password: 'test',
    creation_date: '2026-04-20T08:43:07.000Z',
    fav_genres: '25'
  }
}
SyntaxError: Unexpected token 'if' in /app/views/createpost/index.ejs while compiling ejs

If the above error is not helpful, you may want to try EJS-Lint:
https://github.com/RyanZim/EJS-Lint
Or, if you meant to create an async function, pass `async: true` as an option.
    at new Function (<anonymous>)
    at Template.compile (/app/node_modules/ejs/lib/cjs/ejs.js:614:18)
    at Object.compile (/app/node_modules/ejs/lib/cjs/ejs.js:362:18)
    at handleCache (/app/node_modules/ejs/lib/cjs/ejs.js:217:16)
    at tryHandleCache (/app/node_modules/ejs/lib/cjs/ejs.js:254:22)
    at ejs.renderFile [as engine] (/app/node_modules/ejs/lib/cjs/ejs.js:447:12)
    at View.render (/app/node_modules/express/lib/view.js:139:8)
    at tryRender (/app/node_modules/express/lib/application.js:627:10)
    at app.render (/app/node_modules/express/lib/application.js:574:3)
    at ServerResponse.render (/app/node_modules/express/lib/response.js:923:7)
Session {
  cookie: {
    path: '/',
    _expires: null,
    originalMaxAge: null,
    httpOnly: true,
    secure: false
  },
  user: {
    user_id: 23,
    username: 'servertest',
    password: 'test',
    creation_date: '2026-04-20T08:43:07.000Z',
    fav_genres: '25'
  }
}
ReferenceError: /app/views/createpost/index.ejs:7
    5|         Create Post
    6|     </h1>
 >> 7|     <% if (errormessage) { %>
    8|         <p>Error: <%=errormessage%></p>
    9|     <% } %>
    10|     <form action="/sendpost" method="post" enctype="multipart/form-data" class="upload-form">

errormessage is not defined
    at eval ("/app/views/createpost/index.ejs":16:8)
    at index (/app/node_modules/ejs/lib/cjs/ejs.js:643:23)
    at tryHandleCache (/app/node_modules/ejs/lib/cjs/ejs.js:254:42)
    at ejs.renderFile [as engine] (/app/node_modules/ejs/lib/cjs/ejs.js:447:12)
    at View.render (/app/node_modules/express/lib/view.js:139:8)
    at tryRender (/app/node_modules/express/lib/application.js:627:10)
    at app.render (/app/node_modules/express/lib/application.js:574:3)
    at ServerResponse.render (/app/node_modules/express/lib/response.js:923:7)
    at createPostPage (/app/controllers/postcontroller.js:46:10)
    at Layer.handleRequest (/app/node_modules/router/lib/layer.js:152:17)
Session {
  cookie: {
    path: '/',
    _expires: null,
    originalMaxAge: null,
    httpOnly: true,
    secure: false
  },
  user: {
    user_id: 23,
    username: 'servertest',
    password: 'test',
    creation_date: '2026-04-20T08:43:07.000Z',
    fav_genres: '25'
  }
}
ReferenceError: /app/views/createpost/index.ejs:7
    5|         Create Post
    6|     </h1>
 >> 7|     <% if (errormessage) { %>
    8|         <p>Error: <%=errormessage%></p>
    9|     <% } %>
    10|     <form action="/sendpost" method="post" enctype="multipart/form-data" class="upload-form">

errormessage is not defined
    at eval ("/app/views/createpost/index.ejs":16:8)
    at index (/app/node_modules/ejs/lib/cjs/ejs.js:643:23)
    at tryHandleCache (/app/node_modules/ejs/lib/cjs/ejs.js:254:42)
    at ejs.renderFile [as engine] (/app/node_modules/ejs/lib/cjs/ejs.js:447:12)
    at View.render (/app/node_modules/express/lib/view.js:139:8)
    at tryRender (/app/node_modules/express/lib/application.js:627:10)
    at app.render (/app/node_modules/express/lib/application.js:574:3)
    at ServerResponse.render (/app/node_modules/express/lib/response.js:923:7)
    at createPostPage (/app/controllers/postcontroller.js:46:10)
    at Layer.handleRequest (/app/node_modules/router/lib/layer.js:152:17)
Session {
  cookie: {
    path: '/',
    _expires: null,
    originalMaxAge: null,
    httpOnly: true,
    secure: false
  },
  user: {
    user_id: 23,
    username: 'servertest',
    password: 'test',
    creation_date: '2026-04-20T08:43:07.000Z',
    fav_genres: '25'
  }
}
ReferenceError: /app/views/createpost/index.ejs:7
    5|         Create Post
    6|     </h1>
 >> 7|     <% if (errormessage) { %>
    8|         <p>Error: <%=errormessage%></p>
    9|     <% } %>
    10|     <form action="/sendpost" method="post" enctype="multipart/form-data" class="upload-form">

errormessage is not defined
    at eval ("/app/views/createpost/index.ejs":16:8)
    at index (/app/node_modules/ejs/lib/cjs/ejs.js:643:23)
    at tryHandleCache (/app/node_modules/ejs/lib/cjs/ejs.js:254:42)
    at ejs.renderFile [as engine] (/app/node_modules/ejs/lib/cjs/ejs.js:447:12)
    at View.render (/app/node_modules/express/lib/view.js:139:8)
    at tryRender (/app/node_modules/express/lib/application.js:627:10)
    at app.render (/app/node_modules/express/lib/application.js:574:3)
    at ServerResponse.render (/app/node_modules/express/lib/response.js:923:7)
    at createPostPage (/app/controllers/postcontroller.js:46:10)
    at Layer.handleRequest (/app/node_modules/router/lib/layer.js:152:17)
[32m[nodemon] restarting due to changes...[39m
[32m[nodemon] starting `node ./index.js localhost 3000`[39m
[dotenv@17.3.1] injecting env (5) from .env -- tip: 🔐 prevent committing .env to code: https://dotenvx.com/precommit
[dotenv@17.3.1] injecting env (0) from .env -- tip: 🔐 encrypt with Dotenvx: https://dotenvx.com
Server running on http://localhost:3000
Session {
  cookie: {
    path: '/',
    _expires: null,
    originalMaxAge: null,
    httpOnly: true,
    secure: false
  }
}
DBCONFIG {
  host: 'mariadb_2526-cs7025-group1',
  database: '2526-cs7025-group1_db',
  user: '2526-cs7025-group1',
  password: 'yUDpZFKQlGaSqDyC'
}
DBCONFIG {
  host: 'mariadb_2526-cs7025-group1',
  database: '2526-cs7025-group1_db',
  user: '2526-cs7025-group1',
  password: 'yUDpZFKQlGaSqDyC'
}
Recommended Posts: [
  {
    post_id: 20,
    post_title: 'HELP THERES TOO MANY BEANS',
    post_body: 'I WOKE UP THIS MORNING MY WHOLE BODY IS BEANS',
    game_id: 500,
    user_id: 6,
    post_date: 2026-03-22T17:04:42.000Z,
    image_path: '9a7852f2-6644-4468-b698-130343f5ab7b.webp',
    game_name: 'Ryse: Son of Rome',
    username: 'beansallthewaydown',
    like_count: 1
  }
]
Session {
  cookie: {
    path: '/',
    _expires: null,
    originalMaxAge: null,
    httpOnly: true,
    secure: false
  },
  user: {
    user_id: 23,
    username: 'servertest',
    password: 'test',
    creation_date: '2026-04-20T08:43:07.000Z',
    fav_genres: '25'
  }
}
a
DBCONFIG {
  host: 'mariadb_2526-cs7025-group1',
  database: '2526-cs7025-group1_db',
  user: '2526-cs7025-group1',
  password: 'yUDpZFKQlGaSqDyC'
}
as
DBCONFIG {
  host: 'mariadb_2526-cs7025-group1',
  database: '2526-cs7025-group1_db',
  user: '2526-cs7025-group1',
  password: 'yUDpZFKQlGaSqDyC'
}
Session {
  cookie: {
    path: '/',
    _expires: null,
    originalMaxAge: null,
    httpOnly: true,
    secure: false
  },
  user: {
    user_id: 23,
    username: 'servertest',
    password: 'test',
    creation_date: '2026-04-20T08:43:07.000Z',
    fav_genres: '25'
  }
}
Big Beans 10
[Object: null prototype] { title: 'asdf', content: 'asdf', game: '5' }
{
  user_id: 23,
  username: 'servertest',
  password: 'test',
  creation_date: '2026-04-20T08:43:07.000Z',
  fav_genres: '25'
}
23
CREATING POST WITH IMAGE
/app/assets/uploads/af2de6de-a29c-45f8-8276-b0b7ee76801d.webp
<Buffer 89 50 4e 47 0d 0a 1a 0a 00 00 00 0d 49 48 44 52 00 00 04 30 00 00 03 a0 08 06 00 00 00 cb 55 86 db 00 00 00 01 73 52 47 42 00 ae ce 1c e9 00 00 00 04 ... 575482 more bytes>
Image Uploading is Disabled on the College Server
Error: Failed to lookup view "/post" in views directory "/app/views"
    at app.render (/app/node_modules/express/lib/application.js:562:17)
    at ServerResponse.render (/app/node_modules/express/lib/response.js:923:7)
    at createPost (/app/controllers/postcontroller.js:66:13)
DBCONFIG {
  host: 'mariadb_2526-cs7025-group1',
  database: '2526-cs7025-group1_db',
  user: '2526-cs7025-group1',
  password: 'yUDpZFKQlGaSqDyC'
}
DBCONFIG {
  host: 'mariadb_2526-cs7025-group1',
  database: '2526-cs7025-group1_db',
  user: '2526-cs7025-group1',
  password: 'yUDpZFKQlGaSqDyC'
}
Recommended Posts: [
  {
    post_id: 20,
    post_title: 'HELP THERES TOO MANY BEANS',
    post_body: 'I WOKE UP THIS MORNING MY WHOLE BODY IS BEANS',
    game_id: 500,
    user_id: 6,
    post_date: 2026-03-22T17:04:42.000Z,
    image_path: '9a7852f2-6644-4468-b698-130343f5ab7b.webp',
    game_name: 'Ryse: Son of Rome',
    username: 'beansallthewaydown',
    like_count: 1
  }
]
DBCONFIG {
  host: 'mariadb_2526-cs7025-group1',
  database: '2526-cs7025-group1_db',
  user: '2526-cs7025-group1',
  password: 'yUDpZFKQlGaSqDyC'
}
DBCONFIG {
  host: 'mariadb_2526-cs7025-group1',
  database: '2526-cs7025-group1_db',
  user: '2526-cs7025-group1',
  password: 'yUDpZFKQlGaSqDyC'
}
Recommended Posts: [
  {
    post_id: 20,
    post_title: 'HELP THERES TOO MANY BEANS',
    post_body: 'I WOKE UP THIS MORNING MY WHOLE BODY IS BEANS',
    game_id: 500,
    user_id: 6,
    post_date: 2026-03-22T17:04:42.000Z,
    image_path: '9a7852f2-6644-4468-b698-130343f5ab7b.webp',
    game_name: 'Ryse: Son of Rome',
    username: 'beansallthewaydown',
    like_count: 1
  }
]
23
DBCONFIG {
  host: 'mariadb_2526-cs7025-group1',
  database: '2526-cs7025-group1_db',
  user: '2526-cs7025-group1',
  password: 'yUDpZFKQlGaSqDyC'
}
DBCONFIG {
  host: 'mariadb_2526-cs7025-group1',
  database: '2526-cs7025-group1_db',
  user: '2526-cs7025-group1',
  password: 'yUDpZFKQlGaSqDyC'
}
[
  {
    user_id: 23,
    username: 'servertest',
    password: 'test',
    creation_date: 2026-04-20T08:43:07.000Z,
    fav_genres: '25'
  }
]
[32m[nodemon] restarting due to changes...[39m
[32m[nodemon] starting `node ./index.js localhost 3000`[39m
[dotenv@17.3.1] injecting env (5) from .env -- tip: ⚙️  suppress all logs with { quiet: true }
[dotenv@17.3.1] injecting env (0) from .env -- tip: 🛠️  run anywhere with `dotenvx run -- yourcommand`
Server running on http://localhost:3000
23
DBCONFIG {
  host: 'mariadb_2526-cs7025-group1',
  database: '2526-cs7025-group1_db',
  user: '2526-cs7025-group1',
  password: 'yUDpZFKQlGaSqDyC'
}
DBCONFIG {
  host: 'mariadb_2526-cs7025-group1',
  database: '2526-cs7025-group1_db',
  user: '2526-cs7025-group1',
  password: 'yUDpZFKQlGaSqDyC'
}
[
  {
    user_id: 23,
    username: 'servertest',
    password: 'test',
    creation_date: 2026-04-20T08:43:07.000Z,
    fav_genres: '25'
  }
]
DBCONFIG {
  host: 'mariadb_2526-cs7025-group1',
  database: '2526-cs7025-group1_db',
  user: '2526-cs7025-group1',
  password: 'yUDpZFKQlGaSqDyC'
}
Recommended Posts: []
DBCONFIG {
  host: 'mariadb_2526-cs7025-group1',
  database: '2526-cs7025-group1_db',
  user: '2526-cs7025-group1',
  password: 'yUDpZFKQlGaSqDyC'
}
DBCONFIG {
  host: 'mariadb_2526-cs7025-group1',
  database: '2526-cs7025-group1_db',
  user: '2526-cs7025-group1',
  password: 'yUDpZFKQlGaSqDyC'
}
Recommended Posts: [
  {
    post_id: 20,
    post_title: 'HELP THERES TOO MANY BEANS',
    post_body: 'I WOKE UP THIS MORNING MY WHOLE BODY IS BEANS',
    game_id: 500,
    user_id: 6,
    post_date: 2026-03-22T17:04:42.000Z,
    image_path: '9a7852f2-6644-4468-b698-130343f5ab7b.webp',
    game_name: 'Ryse: Son of Rome',
    username: 'beansallthewaydown',
    like_count: 1
  }
]
Session {
  cookie: {
    path: '/',
    _expires: null,
    originalMaxAge: null,
    httpOnly: true,
    secure: false
  },
  user: {
    user_id: 23,
    username: 'servertest',
    password: 'test',
    creation_date: '2026-04-20T08:43:07.000Z',
    fav_genres: '25'
  }
}
asd
DBCONFIG {
  host: 'mariadb_2526-cs7025-group1',
  database: '2526-cs7025-group1_db',
  user: '2526-cs7025-group1',
  password: 'yUDpZFKQlGaSqDyC'
}
asd
DBCONFIG {
  host: 'mariadb_2526-cs7025-group1',
  database: '2526-cs7025-group1_db',
  user: '2526-cs7025-group1',
  password: 'yUDpZFKQlGaSqDyC'
}
asd
DBCONFIG {
  host: 'mariadb_2526-cs7025-group1',
  database: '2526-cs7025-group1_db',
  user: '2526-cs7025-group1',
  password: 'yUDpZFKQlGaSqDyC'
}
as
DBCONFIG {
  host: 'mariadb_2526-cs7025-group1',
  database: '2526-cs7025-group1_db',
  user: '2526-cs7025-group1',
  password: 'yUDpZFKQlGaSqDyC'
}
Session {
  cookie: {
    path: '/',
    _expires: null,
    originalMaxAge: null,
    httpOnly: true,
    secure: false
  },
  user: {
    user_id: 23,
    username: 'servertest',
    password: 'test',
    creation_date: '2026-04-20T08:43:07.000Z',
    fav_genres: '25'
  }
}
Big Beans 10
[Object: null prototype] { title: 'asdf', content: 'asd', game: '5' }
{
  user_id: 23,
  username: 'servertest',
  password: 'test',
  creation_date: '2026-04-20T08:43:07.000Z',
  fav_genres: '25'
}
23
CREATING POST WITH IMAGE
/app/assets/uploads/35497b3e-c534-408e-a49e-b8c6ba2ec96b.webp
<Buffer 89 50 4e 47 0d 0a 1a 0a 00 00 00 0d 49 48 44 52 00 00 04 30 00 00 03 a0 08 06 00 00 00 cb 55 86 db 00 00 00 01 73 52 47 42 00 ae ce 1c e9 00 00 00 04 ... 575482 more bytes>
Image Uploading is Disabled on the College Server
Error: Failed to lookup view "/post" in views directory "/app/views"
    at app.render (/app/node_modules/express/lib/application.js:562:17)
    at ServerResponse.render (/app/node_modules/express/lib/response.js:923:7)
    at createPost (/app/controllers/postcontroller.js:67:13)
[32m[nodemon] restarting due to changes...[39m
[32m[nodemon] starting `node ./index.js localhost 3000`[39m
[dotenv@17.3.1] injecting env (5) from .env -- tip: 🛡️ auth for agents: https://vestauth.com
[dotenv@17.3.1] injecting env (0) from .env -- tip: 🔐 encrypt with Dotenvx: https://dotenvx.com
Server running on http://localhost:3000
Session {
  cookie: {
    path: '/',
    _expires: null,
    originalMaxAge: null,
    httpOnly: true,
    secure: false
  }
}
DBCONFIG {
  host: 'mariadb_2526-cs7025-group1',
  database: '2526-cs7025-group1_db',
  user: '2526-cs7025-group1',
  password: 'yUDpZFKQlGaSqDyC'
}
DBCONFIG {
  host: 'mariadb_2526-cs7025-group1',
  database: '2526-cs7025-group1_db',
  user: '2526-cs7025-group1',
  password: 'yUDpZFKQlGaSqDyC'
}
Recommended Posts: [
  {
    post_id: 20,
    post_title: 'HELP THERES TOO MANY BEANS',
    post_body: 'I WOKE UP THIS MORNING MY WHOLE BODY IS BEANS',
    game_id: 500,
    user_id: 6,
    post_date: 2026-03-22T17:04:42.000Z,
    image_path: '9a7852f2-6644-4468-b698-130343f5ab7b.webp',
    game_name: 'Ryse: Son of Rome',
    username: 'beansallthewaydown',
    like_count: 1
  }
]
Session {
  cookie: {
    path: '/',
    _expires: null,
    originalMaxAge: null,
    httpOnly: true,
    secure: false
  },
  user: {
    user_id: 23,
    username: 'servertest',
    password: 'test',
    creation_date: '2026-04-20T08:43:07.000Z',
    fav_genres: '25'
  }
}
asdf
DBCONFIG {
  host: 'mariadb_2526-cs7025-group1',
  database: '2526-cs7025-group1_db',
  user: '2526-cs7025-group1',
  password: 'yUDpZFKQlGaSqDyC'
}
asdf
DBCONFIG {
  host: 'mariadb_2526-cs7025-group1',
  database: '2526-cs7025-group1_db',
  user: '2526-cs7025-group1',
  password: 'yUDpZFKQlGaSqDyC'
}
asdf
DBCONFIG {
  host: 'mariadb_2526-cs7025-group1',
  database: '2526-cs7025-group1_db',
  user: '2526-cs7025-group1',
  password: 'yUDpZFKQlGaSqDyC'
}
asdf
DBCONFIG {
  host: 'mariadb_2526-cs7025-group1',
  database: '2526-cs7025-group1_db',
  user: '2526-cs7025-group1',
  password: 'yUDpZFKQlGaSqDyC'
}
asd
DBCONFIG {
  host: 'mariadb_2526-cs7025-group1',
  database: '2526-cs7025-group1_db',
  user: '2526-cs7025-group1',
  password: 'yUDpZFKQlGaSqDyC'
}
as
DBCONFIG {
  host: 'mariadb_2526-cs7025-group1',
  database: '2526-cs7025-group1_db',
  user: '2526-cs7025-group1',
  password: 'yUDpZFKQlGaSqDyC'
}
a
DBCONFIG {
  host: 'mariadb_2526-cs7025-group1',
  database: '2526-cs7025-group1_db',
  user: '2526-cs7025-group1',
  password: 'yUDpZFKQlGaSqDyC'
}
Session {
  cookie: {
    path: '/',
    _expires: null,
    originalMaxAge: null,
    httpOnly: true,
    secure: false
  },
  user: {
    user_id: 23,
    username: 'servertest',
    password: 'test',
    creation_date: '2026-04-20T08:43:07.000Z',
    fav_genres: '25'
  }
}
Big Beans 10
[Object: null prototype] { title: 'afsd', content: 'asdf', game: '1' }
{
  user_id: 23,
  username: 'servertest',
  password: 'test',
  creation_date: '2026-04-20T08:43:07.000Z',
  fav_genres: '25'
}
23
CREATING POST WITH IMAGE
/app/assets/uploads/258b353a-35b8-4ca2-b177-19aaae91b679.webp
<Buffer 89 50 4e 47 0d 0a 1a 0a 00 00 00 0d 49 48 44 52 00 00 04 30 00 00 03 a0 08 06 00 00 00 cb 55 86 db 00 00 00 01 73 52 47 42 00 ae ce 1c e9 00 00 00 04 ... 575482 more bytes>
Image Uploading is Disabled on the College Server
Error: Failed to lookup view "/createpost" in views directory "/app/views"
    at app.render (/app/node_modules/express/lib/application.js:562:17)
    at ServerResponse.render (/app/node_modules/express/lib/response.js:923:7)
    at createPost (/app/controllers/postcontroller.js:67:13)
Session {
  cookie: {
    path: '/',
    _expires: null,
    originalMaxAge: null,
    httpOnly: true,
    secure: false
  },
  user: {
    user_id: 23,
    username: 'servertest',
    password: 'test',
    creation_date: '2026-04-20T08:43:07.000Z',
    fav_genres: '25'
  }
}
Big Beans 10
[Object: null prototype] { title: 'afsd', content: 'asdf', game: '1' }
{
  user_id: 23,
  username: 'servertest',
  password: 'test',
  creation_date: '2026-04-20T08:43:07.000Z',
  fav_genres: '25'
}
23
CREATING POST WITH IMAGE
/app/assets/uploads/be2ebfeb-75d4-4a45-bd20-911bb2cbea19.webp
<Buffer 89 50 4e 47 0d 0a 1a 0a 00 00 00 0d 49 48 44 52 00 00 04 30 00 00 03 a0 08 06 00 00 00 cb 55 86 db 00 00 00 01 73 52 47 42 00 ae ce 1c e9 00 00 00 04 ... 575482 more bytes>
Image Uploading is Disabled on the College Server
Error: Failed to lookup view "/createpost" in views directory "/app/views"
    at app.render (/app/node_modules/express/lib/application.js:562:17)
    at ServerResponse.render (/app/node_modules/express/lib/response.js:923:7)
    at createPost (/app/controllers/postcontroller.js:67:13)
[32m[nodemon] restarting due to changes...[39m
[32m[nodemon] starting `node ./index.js localhost 3000`[39m
[dotenv@17.3.1] injecting env (5) from .env -- tip: ⚙️  load multiple .env files with { path: ['.env.local', '.env'] }
[dotenv@17.3.1] injecting env (0) from .env -- tip: ⚙️  load multiple .env files with { path: ['.env.local', '.env'] }
Server running on http://localhost:3000
Session {
  cookie: {
    path: '/',
    _expires: null,
    originalMaxAge: null,
    httpOnly: true,
    secure: false
  }
}
DBCONFIG {
  host: 'mariadb_2526-cs7025-group1',
  database: '2526-cs7025-group1_db',
  user: '2526-cs7025-group1',
  password: 'yUDpZFKQlGaSqDyC'
}
DBCONFIG {
  host: 'mariadb_2526-cs7025-group1',
  database: '2526-cs7025-group1_db',
  user: '2526-cs7025-group1',
  password: 'yUDpZFKQlGaSqDyC'
}
Recommended Posts: [
  {
    post_id: 20,
    post_title: 'HELP THERES TOO MANY BEANS',
    post_body: 'I WOKE UP THIS MORNING MY WHOLE BODY IS BEANS',
    game_id: 500,
    user_id: 6,
    post_date: 2026-03-22T17:04:42.000Z,
    image_path: '9a7852f2-6644-4468-b698-130343f5ab7b.webp',
    game_name: 'Ryse: Son of Rome',
    username: 'beansallthewaydown',
    like_count: 1
  }
]
Session {
  cookie: {
    path: '/',
    _expires: null,
    originalMaxAge: null,
    httpOnly: true,
    secure: false
  },
  user: {
    user_id: 23,
    username: 'servertest',
    password: 'test',
    creation_date: '2026-04-20T08:43:07.000Z',
    fav_genres: '25'
  }
}
asdf
DBCONFIG {
  host: 'mariadb_2526-cs7025-group1',
  database: '2526-cs7025-group1_db',
  user: '2526-cs7025-group1',
  password: 'yUDpZFKQlGaSqDyC'
}
asdf
DBCONFIG {
  host: 'mariadb_2526-cs7025-group1',
  database: '2526-cs7025-group1_db',
  user: '2526-cs7025-group1',
  password: 'yUDpZFKQlGaSqDyC'
}
asdf
DBCONFIG {
  host: 'mariadb_2526-cs7025-group1',
  database: '2526-cs7025-group1_db',
  user: '2526-cs7025-group1',
  password: 'yUDpZFKQlGaSqDyC'
}
asdf
DBCONFIG {
  host: 'mariadb_2526-cs7025-group1',
  database: '2526-cs7025-group1_db',
  user: '2526-cs7025-group1',
  password: 'yUDpZFKQlGaSqDyC'
}
asd
DBCONFIG {
  host: 'mariadb_2526-cs7025-group1',
  database: '2526-cs7025-group1_db',
  user: '2526-cs7025-group1',
  password: 'yUDpZFKQlGaSqDyC'
}
as
DBCONFIG {
  host: 'mariadb_2526-cs7025-group1',
  database: '2526-cs7025-group1_db',
  user: '2526-cs7025-group1',
  password: 'yUDpZFKQlGaSqDyC'
}
Session {
  cookie: {
    path: '/',
    _expires: null,
    originalMaxAge: null,
    httpOnly: true,
    secure: false
  },
  user: {
    user_id: 23,
    username: 'servertest',
    password: 'test',
    creation_date: '2026-04-20T08:43:07.000Z',
    fav_genres: '25'
  }
}
Big Beans 10
[Object: null prototype] { title: 'asdf', content: 'asfd', game: '5' }
{
  user_id: 23,
  username: 'servertest',
  password: 'test',
  creation_date: '2026-04-20T08:43:07.000Z',
  fav_genres: '25'
}
23
CREATING POST WITH IMAGE
/app/assets/uploads/1791110f-dcb7-40e1-9704-a2c44b3c6c7d.webp
<Buffer 89 50 4e 47 0d 0a 1a 0a 00 00 00 0d 49 48 44 52 00 00 04 30 00 00 03 a0 08 06 00 00 00 cb 55 86 db 00 00 00 01 73 52 47 42 00 ae ce 1c e9 00 00 00 04 ... 575482 more bytes>
Image Uploading is Disabled on the College Server
Session {
  cookie: {
    path: '/',
    _expires: null,
    originalMaxAge: null,
    httpOnly: true,
    secure: false
  },
  user: {
    user_id: 23,
    username: 'servertest',
    password: 'test',
    creation_date: '2026-04-20T08:43:07.000Z',
    fav_genres: '25'
  }
}
Big Beans 10
[Object: null prototype] { title: 'asdf', content: 'asfd', game: '5' }
{
  user_id: 23,
  username: 'servertest',
  password: 'test',
  creation_date: '2026-04-20T08:43:07.000Z',
  fav_genres: '25'
}
23
CREATING POST WITH IMAGE
/app/assets/uploads/8314e041-7a14-4ab8-b478-169edc83126c.webp
<Buffer 89 50 4e 47 0d 0a 1a 0a 00 00 00 0d 49 48 44 52 00 00 04 30 00 00 03 a0 08 06 00 00 00 cb 55 86 db 00 00 00 01 73 52 47 42 00 ae ce 1c e9 00 00 00 04 ... 575482 more bytes>
Image Uploading is Disabled on the College Server
[32m[nodemon] restarting due to changes...[39m
[32m[nodemon] starting `node ./index.js localhost 3000`[39m
[dotenv@17.3.1] injecting env (5) from .env -- tip: ⚙️  load multiple .env files with { path: ['.env.local', '.env'] }
[dotenv@17.3.1] injecting env (0) from .env -- tip: 🛡️ auth for agents: https://vestauth.com
Server running on http://localhost:3000
[32m[nodemon] restarting due to changes...[39m
[32m[nodemon] starting `node ./index.js localhost 3000`[39m
[dotenv@17.3.1] injecting env (5) from .env -- tip: ⚙️  specify custom .env file path with { path: '/custom/path/.env' }
[dotenv@17.3.1] injecting env (0) from .env -- tip: ⚙️  specify custom .env file path with { path: '/custom/path/.env' }
Server running on http://localhost:3000
[32m[nodemon] restarting due to changes...[39m
[32m[nodemon] starting `node ./index.js localhost 3000`[39m
[dotenv@17.3.1] injecting env (5) from .env -- tip: ⚙️  specify custom .env file path with { path: '/custom/path/.env' }
[dotenv@17.3.1] injecting env (0) from .env -- tip: 🔐 prevent committing .env to code: https://dotenvx.com/precommit
Server running on http://localhost:3000
[32m[nodemon] restarting due to changes...[39m
[32m[nodemon] starting `node ./index.js localhost 3000`[39m
[dotenv@17.3.1] injecting env (5) from .env -- tip: ⚙️  load multiple .env files with { path: ['.env.local', '.env'] }
[dotenv@17.3.1] injecting env (0) from .env -- tip: ⚡️ secrets for agents: https://dotenvx.com/as2
Server running on http://localhost:3000
[32m[nodemon] restarting due to changes...[39m
[32m[nodemon] starting `node ./index.js localhost 3000`[39m
[dotenv@17.3.1] injecting env (5) from .env -- tip: ⚙️  write to custom object with { processEnv: myObject }
[dotenv@17.3.1] injecting env (0) from .env -- tip: ⚙️  specify custom .env file path with { path: '/custom/path/.env' }
Server running on http://localhost:3000
[32m[nodemon] restarting due to changes...[39m
[32m[nodemon] starting `node ./index.js localhost 3000`[39m
[dotenv@17.3.1] injecting env (5) from .env -- tip: 🤖 agentic secret storage: https://dotenvx.com/as2
[dotenv@17.3.1] injecting env (0) from .env -- tip: ⚙️  override existing env vars with { override: true }
Server running on http://localhost:3000
[32m[nodemon] restarting due to changes...[39m
[32m[nodemon] starting `node ./index.js localhost 3000`[39m
[dotenv@17.3.1] injecting env (5) from .env -- tip: 🛡️ auth for agents: https://vestauth.com
[dotenv@17.3.1] injecting env (0) from .env -- tip: 🔐 prevent building .env in docker: https://dotenvx.com/prebuild
Server running on http://localhost:3000
[32m[nodemon] restarting due to changes...[39m
[32m[nodemon] starting `node ./index.js localhost 3000`[39m
[dotenv@17.3.1] injecting env (5) from .env -- tip: 🤖 agentic secret storage: https://dotenvx.com/as2
[dotenv@17.3.1] injecting env (0) from .env -- tip: 🔐 prevent committing .env to code: https://dotenvx.com/precommit
Server running on http://localhost:3000
[32m[nodemon] restarting due to changes...[39m
[32m[nodemon] starting `node ./index.js localhost 3000`[39m
[dotenv@17.3.1] injecting env (5) from .env -- tip: 🛡️ auth for agents: https://vestauth.com
[dotenv@17.3.1] injecting env (0) from .env -- tip: ⚡️ secrets for agents: https://dotenvx.com/as2
Server running on http://localhost:3000
[32m[nodemon] restarting due to changes...[39m
[32m[nodemon] starting `node ./index.js localhost 3000`[39m
[dotenv@17.3.1] injecting env (5) from .env -- tip: 🤖 agentic secret storage: https://dotenvx.com/as2
/app/models/gamesmodel.js:34
    }finally {
     ^^^^^^^

SyntaxError: Unexpected token 'finally'
    at wrapSafe (node:internal/modules/cjs/loader:1742:18)
    at Module._compile (node:internal/modules/cjs/loader:1785:20)
    at Object..js (node:internal/modules/cjs/loader:1942:10)
    at Module.load (node:internal/modules/cjs/loader:1532:32)
    at Module._load (node:internal/modules/cjs/loader:1334:12)
    at wrapModuleLoad (node:internal/modules/cjs/loader:255:19)
    at Module.require (node:internal/modules/cjs/loader:1555:12)
    at require (node:internal/modules/helpers:152:16)
    at Object.<anonymous> (/app/controllers/gamescontroller.js:1:20)
    at Module._compile (node:internal/modules/cjs/loader:1811:14)

Node.js v25.6.1
[31m[nodemon] app crashed - waiting for file changes before starting...[39m
[32m[nodemon] restarting due to changes...[39m
[32m[nodemon] starting `node ./index.js localhost 3000`[39m
[dotenv@17.3.1] injecting env (5) from .env -- tip: ⚡️ secrets for agents: https://dotenvx.com/as2
[dotenv@17.3.1] injecting env (0) from .env -- tip: ⚙️  enable debug logging with { debug: true }
Server running on http://localhost:3000
[32m[nodemon] restarting due to changes...[39m
[32m[nodemon] starting `node ./index.js localhost 3000`[39m
[dotenv@17.3.1] injecting env (5) from .env -- tip: ⚙️  suppress all logs with { quiet: true }
[dotenv@17.3.1] injecting env (0) from .env -- tip: ⚡️ secrets for agents: https://dotenvx.com/as2
Server running on http://localhost:3000
[32m[nodemon] restarting due to changes...[39m
[32m[nodemon] starting `node ./index.js localhost 3000`[39m
[dotenv@17.3.1] injecting env (5) from .env -- tip: ⚙️  write to custom object with { processEnv: myObject }
[dotenv@17.3.1] injecting env (0) from .env -- tip: 🤖 agentic secret storage: https://dotenvx.com/as2
Server running on http://localhost:3000
Session {
  cookie: {
    path: '/',
    _expires: null,
    originalMaxAge: null,
    httpOnly: true,
    secure: false
  }
}
DBCONFIG {
  host: 'mariadb_2526-cs7025-group1',
  database: '2526-cs7025-group1_db',
  user: '2526-cs7025-group1',
  password: 'yUDpZFKQlGaSqDyC'
}
Recommended Posts: []
DBCONFIG {
  host: 'mariadb_2526-cs7025-group1',
  database: '2526-cs7025-group1_db',
  user: '2526-cs7025-group1',
  password: 'yUDpZFKQlGaSqDyC'
}
Recommended Posts: []
DBCONFIG {
  host: 'mariadb_2526-cs7025-group1',
  database: '2526-cs7025-group1_db',
  user: '2526-cs7025-group1',
  password: 'yUDpZFKQlGaSqDyC'
}
DBCONFIG {
  host: 'mariadb_2526-cs7025-group1',
  database: '2526-cs7025-group1_db',
  user: '2526-cs7025-group1',
  password: 'yUDpZFKQlGaSqDyC'
}
Recommended Posts: [
  {
    post_id: 20,
    post_title: 'HELP THERES TOO MANY BEANS',
    post_body: 'I WOKE UP THIS MORNING MY WHOLE BODY IS BEANS',
    game_id: 500,
    user_id: 6,
    post_date: 2026-03-22T17:04:42.000Z,
    image_path: '9a7852f2-6644-4468-b698-130343f5ab7b.webp',
    game_name: 'Ryse: Son of Rome',
    username: 'beansallthewaydown',
    like_count: 1
  }
]
Session {
  cookie: {
    path: '/',
    _expires: null,
    originalMaxAge: null,
    httpOnly: true,
    secure: false
  },
  user: {
    user_id: 23,
    username: 'servertest',
    password: 'test',
    creation_date: '2026-04-20T08:43:07.000Z',
    fav_genres: '25'
  }
}
DBCONFIG {
  host: 'mariadb_2526-cs7025-group1',
  database: '2526-cs7025-group1_db',
  user: '2526-cs7025-group1',
  password: 'yUDpZFKQlGaSqDyC'
}
20
23
[ { liked: 'FALSE' } ]
FALSE
DBCONFIG {
  host: 'mariadb_2526-cs7025-group1',
  database: '2526-cs7025-group1_db',
  user: '2526-cs7025-group1',
  password: 'yUDpZFKQlGaSqDyC'
}
DBCONFIG {
  host: 'mariadb_2526-cs7025-group1',
  database: '2526-cs7025-group1_db',
  user: '2526-cs7025-group1',
  password: 'yUDpZFKQlGaSqDyC'
}
DBCONFIG {
  host: 'mariadb_2526-cs7025-group1',
  database: '2526-cs7025-group1_db',
  user: '2526-cs7025-group1',
  password: 'yUDpZFKQlGaSqDyC'
}
Recommended Posts: [
  {
    post_id: 20,
    post_title: 'HELP THERES TOO MANY BEANS',
    post_body: 'I WOKE UP THIS MORNING MY WHOLE BODY IS BEANS',
    game_id: 500,
    user_id: 6,
    post_date: 2026-03-22T17:04:42.000Z,
    image_path: '9a7852f2-6644-4468-b698-130343f5ab7b.webp',
    game_name: 'Ryse: Son of Rome',
    username: 'beansallthewaydown',
    like_count: 2
  }
]
Session {
  cookie: {
    path: '/',
    _expires: null,
    originalMaxAge: null,
    httpOnly: true,
    secure: false
  },
  user: {
    user_id: 23,
    username: 'servertest',
    password: 'test',
    creation_date: '2026-04-20T08:43:07.000Z',
    fav_genres: '25'
  }
}
DBCONFIG {
  host: 'mariadb_2526-cs7025-group1',
  database: '2526-cs7025-group1_db',
  user: '2526-cs7025-group1',
  password: 'yUDpZFKQlGaSqDyC'
}
20
23
[ { liked: 'TRUE' } ]
TRUE
beans the whole way down
DBCONFIG {
  host: 'mariadb_2526-cs7025-group1',
  database: '2526-cs7025-group1_db',
  user: '2526-cs7025-group1',
  password: 'yUDpZFKQlGaSqDyC'
}
DBCONFIG {
  host: 'mariadb_2526-cs7025-group1',
  database: '2526-cs7025-group1_db',
  user: '2526-cs7025-group1',
  password: 'yUDpZFKQlGaSqDyC'
}
DBCONFIG {
  host: 'mariadb_2526-cs7025-group1',
  database: '2526-cs7025-group1_db',
  user: '2526-cs7025-group1',
  password: 'yUDpZFKQlGaSqDyC'
}
Recommended Posts: [
  {
    post_id: 20,
    post_title: 'HELP THERES TOO MANY BEANS',
    post_body: 'I WOKE UP THIS MORNING MY WHOLE BODY IS BEANS',
    game_id: 500,
    user_id: 6,
    post_date: 2026-03-22T17:04:42.000Z,
    image_path: '9a7852f2-6644-4468-b698-130343f5ab7b.webp',
    game_name: 'Ryse: Son of Rome',
    username: 'beansallthewaydown',
    like_count: 1
  }
]
Session {
  cookie: {
    path: '/',
    _expires: null,
    originalMaxAge: null,
    httpOnly: true,
    secure: false
  },
  user: {
    user_id: 23,
    username: 'servertest',
    password: 'test',
    creation_date: '2026-04-20T08:43:07.000Z',
    fav_genres: '25'
  }
}
DBCONFIG {
  host: 'mariadb_2526-cs7025-group1',
  database: '2526-cs7025-group1_db',
  user: '2526-cs7025-group1',
  password: 'yUDpZFKQlGaSqDyC'
}
20
23
[ { liked: 'FALSE' } ]
FALSE
DBCONFIG {
  host: 'mariadb_2526-cs7025-group1',
  database: '2526-cs7025-group1_db',
  user: '2526-cs7025-group1',
  password: 'yUDpZFKQlGaSqDyC'
}
DBCONFIG {
  host: 'mariadb_2526-cs7025-group1',
  database: '2526-cs7025-group1_db',
  user: '2526-cs7025-group1',
  password: 'yUDpZFKQlGaSqDyC'
}
DBCONFIG {
  host: 'mariadb_2526-cs7025-group1',
  database: '2526-cs7025-group1_db',
  user: '2526-cs7025-group1',
  password: 'yUDpZFKQlGaSqDyC'
}
Recommended Posts: [
  {
    post_id: 20,
    post_title: 'HELP THERES TOO MANY BEANS',
    post_body: 'I WOKE UP THIS MORNING MY WHOLE BODY IS BEANS',
    game_id: 500,
    user_id: 6,
    post_date: 2026-03-22T17:04:42.000Z,
    image_path: '9a7852f2-6644-4468-b698-130343f5ab7b.webp',
    game_name: 'Ryse: Son of Rome',
    username: 'beansallthewaydown',
    like_count: 2
  }
]
Session {
  cookie: {
    path: '/',
    _expires: null,
    originalMaxAge: null,
    httpOnly: true,
    secure: false
  },
  user: {
    user_id: 23,
    username: 'servertest',
    password: 'test',
    creation_date: '2026-04-20T08:43:07.000Z',
    fav_genres: '25'
  }
}
DBCONFIG {
  host: 'mariadb_2526-cs7025-group1',
  database: '2526-cs7025-group1_db',
  user: '2526-cs7025-group1',
  password: 'yUDpZFKQlGaSqDyC'
}
32
23
[ { liked: 'FALSE' } ]
FALSE
DBCONFIG {
  host: 'mariadb_2526-cs7025-group1',
  database: '2526-cs7025-group1_db',
  user: '2526-cs7025-group1',
  password: 'yUDpZFKQlGaSqDyC'
}
Session {
  cookie: {
    path: '/',
    _expires: null,
    originalMaxAge: null,
    httpOnly: true,
    secure: false
  },
  user: {
    user_id: 23,
    username: 'servertest',
    password: 'test',
    creation_date: '2026-04-20T08:43:07.000Z',
    fav_genres: '25'
  }
}
DBCONFIG {
  host: 'mariadb_2526-cs7025-group1',
  database: '2526-cs7025-group1_db',
  user: '2526-cs7025-group1',
  password: 'yUDpZFKQlGaSqDyC'
}
32
23
[ { liked: 'TRUE' } ]
TRUE
beans the whole way down
DBCONFIG {
  host: 'mariadb_2526-cs7025-group1',
  database: '2526-cs7025-group1_db',
  user: '2526-cs7025-group1',
  password: 'yUDpZFKQlGaSqDyC'
}
Session {
  cookie: {
    path: '/',
    _expires: null,
    originalMaxAge: null,
    httpOnly: true,
    secure: false
  },
  user: {
    user_id: 23,
    username: 'servertest',
    password: 'test',
    creation_date: '2026-04-20T08:43:07.000Z',
    fav_genres: '25'
  }
}
DBCONFIG {
  host: 'mariadb_2526-cs7025-group1',
  database: '2526-cs7025-group1_db',
  user: '2526-cs7025-group1',
  password: 'yUDpZFKQlGaSqDyC'
}
32
23
[ { liked: 'FALSE' } ]
FALSE
DBCONFIG {
  host: 'mariadb_2526-cs7025-group1',
  database: '2526-cs7025-group1_db',
  user: '2526-cs7025-group1',
  password: 'yUDpZFKQlGaSqDyC'
}
Session {
  cookie: {
    path: '/',
    _expires: null,
    originalMaxAge: null,
    httpOnly: true,
    secure: false
  },
  user: {
    user_id: 23,
    username: 'servertest',
    password: 'test',
    creation_date: '2026-04-20T08:43:07.000Z',
    fav_genres: '25'
  }
}
DBCONFIG {
  host: 'mariadb_2526-cs7025-group1',
  database: '2526-cs7025-group1_db',
  user: '2526-cs7025-group1',
  password: 'yUDpZFKQlGaSqDyC'
}
32
23
[ { liked: 'TRUE' } ]
TRUE
beans the whole way down
DBCONFIG {
  host: 'mariadb_2526-cs7025-group1',
  database: '2526-cs7025-group1_db',
  user: '2526-cs7025-group1',
  password: 'yUDpZFKQlGaSqDyC'
}
[32m[nodemon] restarting due to changes...[39m
[32m[nodemon] starting `node ./index.js localhost 3000`[39m
[dotenv@17.3.1] injecting env (5) from .env -- tip: ⚙️  enable debug logging with { debug: true }
[dotenv@17.3.1] injecting env (0) from .env -- tip: 🛠️  run anywhere with `dotenvx run -- yourcommand`
Server running on http://localhost:3000
DBCONFIG {
  host: 'mariadb_2526-cs7025-group1',
  database: '2526-cs7025-group1_db',
  user: '2526-cs7025-group1',
  password: 'yUDpZFKQlGaSqDyC'
}
Recommended Posts: []
DBCONFIG {
  host: 'mariadb_2526-cs7025-group1',
  database: '2526-cs7025-group1_db',
  user: '2526-cs7025-group1',
  password: 'yUDpZFKQlGaSqDyC'
}
DBCONFIG {
  host: 'mariadb_2526-cs7025-group1',
  database: '2526-cs7025-group1_db',
  user: '2526-cs7025-group1',
  password: 'yUDpZFKQlGaSqDyC'
}
Recommended Posts: [
  {
    post_id: 20,
    post_title: 'HELP THERES TOO MANY BEANS',
    post_body: 'I WOKE UP THIS MORNING MY WHOLE BODY IS BEANS',
    game_id: 500,
    user_id: 6,
    post_date: 2026-03-22T17:04:42.000Z,
    image_path: '9a7852f2-6644-4468-b698-130343f5ab7b.webp',
    game_name: 'Ryse: Son of Rome',
    username: 'beansallthewaydown',
    like_count: 2
  }
]
DBCONFIG {
  host: 'mariadb_2526-cs7025-group1',
  database: '2526-cs7025-group1_db',
  user: '2526-cs7025-group1',
  password: 'yUDpZFKQlGaSqDyC'
}
DBCONFIG {
  host: 'mariadb_2526-cs7025-group1',
  database: '2526-cs7025-group1_db',
  user: '2526-cs7025-group1',
  password: 'yUDpZFKQlGaSqDyC'
}
Recommended Posts: [
  {
    post_id: 20,
    post_title: 'HELP THERES TOO MANY BEANS',
    post_body: 'I WOKE UP THIS MORNING MY WHOLE BODY IS BEANS',
    game_id: 500,
    user_id: 6,
    post_date: 2026-03-22T17:04:42.000Z,
    image_path: '9a7852f2-6644-4468-b698-130343f5ab7b.webp',
    game_name: 'Ryse: Son of Rome',
    username: 'beansallthewaydown',
    like_count: 2
  }
]
DBCONFIG {
  host: 'mariadb_2526-cs7025-group1',
  database: '2526-cs7025-group1_db',
  user: '2526-cs7025-group1',
  password: 'yUDpZFKQlGaSqDyC'
}
DBCONFIG {
  host: 'mariadb_2526-cs7025-group1',
  database: '2526-cs7025-group1_db',
  user: '2526-cs7025-group1',
  password: 'yUDpZFKQlGaSqDyC'
}
Recommended Posts: [
  {
    post_id: 20,
    post_title: 'HELP THERES TOO MANY BEANS',
    post_body: 'I WOKE UP THIS MORNING MY WHOLE BODY IS BEANS',
    game_id: 500,
    user_id: 6,
    post_date: 2026-03-22T17:04:42.000Z,
    image_path: '9a7852f2-6644-4468-b698-130343f5ab7b.webp',
    game_name: 'Ryse: Son of Rome',
    username: 'beansallthewaydown',
    like_count: 2
  }
]
DBCONFIG {
  host: 'mariadb_2526-cs7025-group1',
  database: '2526-cs7025-group1_db',
  user: '2526-cs7025-group1',
  password: 'yUDpZFKQlGaSqDyC'
}
DBCONFIG {
  host: 'mariadb_2526-cs7025-group1',
  database: '2526-cs7025-group1_db',
  user: '2526-cs7025-group1',
  password: 'yUDpZFKQlGaSqDyC'
}
Recommended Posts: [
  {
    post_id: 20,
    post_title: 'HELP THERES TOO MANY BEANS',
    post_body: 'I WOKE UP THIS MORNING MY WHOLE BODY IS BEANS',
    game_id: 500,
    user_id: 6,
    post_date: 2026-03-22T17:04:42.000Z,
    image_path: '9a7852f2-6644-4468-b698-130343f5ab7b.webp',
    game_name: 'Ryse: Son of Rome',
    username: 'beansallthewaydown',
    like_count: 2
  }
]
DBCONFIG {
  host: 'mariadb_2526-cs7025-group1',
  database: '2526-cs7025-group1_db',
  user: '2526-cs7025-group1',
  password: 'yUDpZFKQlGaSqDyC'
}
DBCONFIG {
  host: 'mariadb_2526-cs7025-group1',
  database: '2526-cs7025-group1_db',
  user: '2526-cs7025-group1',
  password: 'yUDpZFKQlGaSqDyC'
}
Recommended Posts: [
  {
    post_id: 20,
    post_title: 'HELP THERES TOO MANY BEANS',
    post_body: 'I WOKE UP THIS MORNING MY WHOLE BODY IS BEANS',
    game_id: 500,
    user_id: 6,
    post_date: 2026-03-22T17:04:42.000Z,
    image_path: '9a7852f2-6644-4468-b698-130343f5ab7b.webp',
    game_name: 'Ryse: Son of Rome',
    username: 'beansallthewaydown',
    like_count: 2
  }
]
DBCONFIG {
  host: 'mariadb_2526-cs7025-group1',
  database: '2526-cs7025-group1_db',
  user: '2526-cs7025-group1',
  password: 'yUDpZFKQlGaSqDyC'
}
DBCONFIG {
  host: 'mariadb_2526-cs7025-group1',
  database: '2526-cs7025-group1_db',
  user: '2526-cs7025-group1',
  password: 'yUDpZFKQlGaSqDyC'
}
Recommended Posts: [
  {
    post_id: 20,
    post_title: 'HELP THERES TOO MANY BEANS',
    post_body: 'I WOKE UP THIS MORNING MY WHOLE BODY IS BEANS',
    game_id: 500,
    user_id: 6,
    post_date: 2026-03-22T17:04:42.000Z,
    image_path: '9a7852f2-6644-4468-b698-130343f5ab7b.webp',
    game_name: 'Ryse: Son of Rome',
    username: 'beansallthewaydown',
    like_count: 2
  }
]
DBCONFIG {
  host: 'mariadb_2526-cs7025-group1',
  database: '2526-cs7025-group1_db',
  user: '2526-cs7025-group1',
  password: 'yUDpZFKQlGaSqDyC'
}
DBCONFIG {
  host: 'mariadb_2526-cs7025-group1',
  database: '2526-cs7025-group1_db',
  user: '2526-cs7025-group1',
  password: 'yUDpZFKQlGaSqDyC'
}
Recommended Posts: [
  {
    post_id: 20,
    post_title: 'HELP THERES TOO MANY BEANS',
    post_body: 'I WOKE UP THIS MORNING MY WHOLE BODY IS BEANS',
    game_id: 500,
    user_id: 6,
    post_date: 2026-03-22T17:04:42.000Z,
    image_path: '9a7852f2-6644-4468-b698-130343f5ab7b.webp',
    game_name: 'Ryse: Son of Rome',
    username: 'beansallthewaydown',
    like_count: 2
  }
]
[32m[nodemon] restarting due to changes...[39m
[32m[nodemon] starting `node ./index.js localhost 3000`[39m
[dotenv@17.3.1] injecting env (5) from .env -- tip: ⚡️ secrets for agents: https://dotenvx.com/as2
[dotenv@17.3.1] injecting env (0) from .env -- tip: 🔐 encrypt with Dotenvx: https://dotenvx.com
Server running on http://localhost:3000
DBCONFIG {
  host: 'mariadb_2526-cs7025-group1',
  database: '2526-cs7025-group1_db',
  user: '2526-cs7025-group1',
  password: 'yUDpZFKQlGaSqDyC'
}
Recommended Posts: []
DBCONFIG {
  host: 'mariadb_2526-cs7025-group1',
  database: '2526-cs7025-group1_db',
  user: '2526-cs7025-group1',
  password: 'yUDpZFKQlGaSqDyC'
}
Recommended Posts: []
[32m[nodemon] restarting due to changes...[39m
[32m[nodemon] starting `node ./index.js localhost 3000`[39m
[dotenv@17.3.1] injecting env (5) from .env -- tip: 🤖 agentic secret storage: https://dotenvx.com/as2
[dotenv@17.3.1] injecting env (0) from .env -- tip: 🤖 agentic secret storage: https://dotenvx.com/as2
Server running on http://localhost:3000
[32m[nodemon] restarting due to changes...[39m
[32m[nodemon] starting `node ./index.js localhost 3000`[39m
[dotenv@17.3.1] injecting env (5) from .env -- tip: ⚙️  suppress all logs with { quiet: true }
[dotenv@17.3.1] injecting env (0) from .env -- tip: ⚙️  load multiple .env files with { path: ['.env.local', '.env'] }
Server running on http://localhost:3000
DBCONFIG {
  host: 'mariadb_2526-cs7025-group1',
  database: '2526-cs7025-group1_db',
  user: '2526-cs7025-group1',
  password: 'yUDpZFKQlGaSqDyC'
}
Recommended Posts: []
DBCONFIG {
  host: 'mariadb_2526-cs7025-group1',
  database: '2526-cs7025-group1_db',
  user: '2526-cs7025-group1',
  password: 'yUDpZFKQlGaSqDyC'
}
DBCONFIG {
  host: 'mariadb_2526-cs7025-group1',
  database: '2526-cs7025-group1_db',
  user: '2526-cs7025-group1',
  password: 'yUDpZFKQlGaSqDyC'
}
Recommended Posts: [
  {
    post_id: 20,
    post_title: 'HELP THERES TOO MANY BEANS',
    post_body: 'I WOKE UP THIS MORNING MY WHOLE BODY IS BEANS',
    game_id: 500,
    user_id: 6,
    post_date: 2026-03-22T17:04:42.000Z,
    image_path: '9a7852f2-6644-4468-b698-130343f5ab7b.webp',
    game_name: 'Ryse: Son of Rome',
    username: 'beansallthewaydown',
    like_count: 2
  }
]
[32m[nodemon] restarting due to changes...[39m
[32m[nodemon] starting `node ./index.js localhost 3000`[39m
[dotenv@17.3.1] injecting env (5) from .env -- tip: 🔐 prevent building .env in docker: https://dotenvx.com/prebuild
[dotenv@17.3.1] injecting env (0) from .env -- tip: 🛠️  run anywhere with `dotenvx run -- yourcommand`
Server running on http://localhost:3000
DBCONFIG {
  host: 'mariadb_2526-cs7025-group1',
  database: '2526-cs7025-group1_db',
  user: '2526-cs7025-group1',
  password: 'yUDpZFKQlGaSqDyC'
}
Recommended Posts: []
DBCONFIG {
  host: 'mariadb_2526-cs7025-group1',
  database: '2526-cs7025-group1_db',
  user: '2526-cs7025-group1',
  password: 'yUDpZFKQlGaSqDyC'
}
DBCONFIG {
  host: 'mariadb_2526-cs7025-group1',
  database: '2526-cs7025-group1_db',
  user: '2526-cs7025-group1',
  password: 'yUDpZFKQlGaSqDyC'
}
Recommended Posts: [
  {
    post_id: 20,
    post_title: 'HELP THERES TOO MANY BEANS',
    post_body: 'I WOKE UP THIS MORNING MY WHOLE BODY IS BEANS',
    game_id: 500,
    user_id: 6,
    post_date: 2026-03-22T17:04:42.000Z,
    image_path: '9a7852f2-6644-4468-b698-130343f5ab7b.webp',
    game_name: 'Ryse: Son of Rome',
    username: 'beansallthewaydown',
    like_count: 2
  }
]
Session {
  cookie: {
    path: '/',
    _expires: null,
    originalMaxAge: null,
    httpOnly: true,
    secure: false
  },
  user: {
    user_id: 23,
    username: 'servertest',
    password: 'test',
    creation_date: '2026-04-20T08:43:07.000Z',
    fav_genres: '25'
  }
}
DBCONFIG {
  host: 'mariadb_2526-cs7025-group1',
  database: '2526-cs7025-group1_db',
  user: '2526-cs7025-group1',
  password: 'yUDpZFKQlGaSqDyC'
}
20
23
[ { liked: 'TRUE' } ]
TRUE
beans the whole way down
DBCONFIG {
  host: 'mariadb_2526-cs7025-group1',
  database: '2526-cs7025-group1_db',
  user: '2526-cs7025-group1',
  password: 'yUDpZFKQlGaSqDyC'
}
DBCONFIG {
  host: 'mariadb_2526-cs7025-group1',
  database: '2526-cs7025-group1_db',
  user: '2526-cs7025-group1',
  password: 'yUDpZFKQlGaSqDyC'
}
DBCONFIG {
  host: 'mariadb_2526-cs7025-group1',
  database: '2526-cs7025-group1_db',
  user: '2526-cs7025-group1',
  password: 'yUDpZFKQlGaSqDyC'
}
Recommended Posts: [
  {
    post_id: 20,
    post_title: 'HELP THERES TOO MANY BEANS',
    post_body: 'I WOKE UP THIS MORNING MY WHOLE BODY IS BEANS',
    game_id: 500,
    user_id: 6,
    post_date: 2026-03-22T17:04:42.000Z,
    image_path: '9a7852f2-6644-4468-b698-130343f5ab7b.webp',
    game_name: 'Ryse: Son of Rome',
    username: 'beansallthewaydown',
    like_count: 1
  }
]
Session {
  cookie: {
    path: '/',
    _expires: null,
    originalMaxAge: null,
    httpOnly: true,
    secure: false
  },
  user: {
    user_id: 23,
    username: 'servertest',
    password: 'test',
    creation_date: '2026-04-20T08:43:07.000Z',
    fav_genres: '25'
  }
}
DBCONFIG {
  host: 'mariadb_2526-cs7025-group1',
  database: '2526-cs7025-group1_db',
  user: '2526-cs7025-group1',
  password: 'yUDpZFKQlGaSqDyC'
}
20
23
[ { liked: 'FALSE' } ]
FALSE
DBCONFIG {
  host: 'mariadb_2526-cs7025-group1',
  database: '2526-cs7025-group1_db',
  user: '2526-cs7025-group1',
  password: 'yUDpZFKQlGaSqDyC'
}
DBCONFIG {
  host: 'mariadb_2526-cs7025-group1',
  database: '2526-cs7025-group1_db',
  user: '2526-cs7025-group1',
  password: 'yUDpZFKQlGaSqDyC'
}
DBCONFIG {
  host: 'mariadb_2526-cs7025-group1',
  database: '2526-cs7025-group1_db',
  user: '2526-cs7025-group1',
  password: 'yUDpZFKQlGaSqDyC'
}
Recommended Posts: [
  {
    post_id: 20,
    post_title: 'HELP THERES TOO MANY BEANS',
    post_body: 'I WOKE UP THIS MORNING MY WHOLE BODY IS BEANS',
    game_id: 500,
    user_id: 6,
    post_date: 2026-03-22T17:04:42.000Z,
    image_path: '9a7852f2-6644-4468-b698-130343f5ab7b.webp',
    game_name: 'Ryse: Son of Rome',
    username: 'beansallthewaydown',
    like_count: 2
  }
]
Session {
  cookie: {
    path: '/',
    _expires: null,
    originalMaxAge: null,
    httpOnly: true,
    secure: false
  },
  user: {
    user_id: 23,
    username: 'servertest',
    password: 'test',
    creation_date: '2026-04-20T08:43:07.000Z',
    fav_genres: '25'
  }
}
DBCONFIG {
  host: 'mariadb_2526-cs7025-group1',
  database: '2526-cs7025-group1_db',
  user: '2526-cs7025-group1',
  password: 'yUDpZFKQlGaSqDyC'
}
32
23
[ { liked: 'FALSE' } ]
FALSE
DBCONFIG {
  host: 'mariadb_2526-cs7025-group1',
  database: '2526-cs7025-group1_db',
  user: '2526-cs7025-group1',
  password: 'yUDpZFKQlGaSqDyC'
}
DBCONFIG {
  host: 'mariadb_2526-cs7025-group1',
  database: '2526-cs7025-group1_db',
  user: '2526-cs7025-group1',
  password: 'yUDpZFKQlGaSqDyC'
}
DBCONFIG {
  host: 'mariadb_2526-cs7025-group1',
  database: '2526-cs7025-group1_db',
  user: '2526-cs7025-group1',
  password: 'yUDpZFKQlGaSqDyC'
}
Recommended Posts: [
  {
    post_id: 20,
    post_title: 'HELP THERES TOO MANY BEANS',
    post_body: 'I WOKE UP THIS MORNING MY WHOLE BODY IS BEANS',
    game_id: 500,
    user_id: 6,
    post_date: 2026-03-22T17:04:42.000Z,
    image_path: '9a7852f2-6644-4468-b698-130343f5ab7b.webp',
    game_name: 'Ryse: Son of Rome',
    username: 'beansallthewaydown',
    like_count: 2
  }
]
Session {
  cookie: {
    path: '/',
    _expires: null,
    originalMaxAge: null,
    httpOnly: true,
    secure: false
  },
  user: {
    user_id: 23,
    username: 'servertest',
    password: 'test',
    creation_date: '2026-04-20T08:43:07.000Z',
    fav_genres: '25'
  }
}
DBCONFIG {
  host: 'mariadb_2526-cs7025-group1',
  database: '2526-cs7025-group1_db',
  user: '2526-cs7025-group1',
  password: 'yUDpZFKQlGaSqDyC'
}
32
23
[ { liked: 'TRUE' } ]
TRUE
beans the whole way down
DBCONFIG {
  host: 'mariadb_2526-cs7025-group1',
  database: '2526-cs7025-group1_db',
  user: '2526-cs7025-group1',
  password: 'yUDpZFKQlGaSqDyC'
}
DBCONFIG {
  host: 'mariadb_2526-cs7025-group1',
  database: '2526-cs7025-group1_db',
  user: '2526-cs7025-group1',
  password: 'yUDpZFKQlGaSqDyC'
}
DBCONFIG {
  host: 'mariadb_2526-cs7025-group1',
  database: '2526-cs7025-group1_db',
  user: '2526-cs7025-group1',
  password: 'yUDpZFKQlGaSqDyC'
}
Recommended Posts: [
  {
    post_id: 20,
    post_title: 'HELP THERES TOO MANY BEANS',
    post_body: 'I WOKE UP THIS MORNING MY WHOLE BODY IS BEANS',
    game_id: 500,
    user_id: 6,
    post_date: 2026-03-22T17:04:42.000Z,
    image_path: '9a7852f2-6644-4468-b698-130343f5ab7b.webp',
    game_name: 'Ryse: Son of Rome',
    username: 'beansallthewaydown',
    like_count: 2
  }
]
Session {
  cookie: {
    path: '/',
    _expires: null,
    originalMaxAge: null,
    httpOnly: true,
    secure: false
  },
  user: {
    user_id: 23,
    username: 'servertest',
    password: 'test',
    creation_date: '2026-04-20T08:43:07.000Z',
    fav_genres: '25'
  }
}
DBCONFIG {
  host: 'mariadb_2526-cs7025-group1',
  database: '2526-cs7025-group1_db',
  user: '2526-cs7025-group1',
  password: 'yUDpZFKQlGaSqDyC'
}
31
23
[ { liked: 'FALSE' } ]
FALSE
DBCONFIG {
  host: 'mariadb_2526-cs7025-group1',
  database: '2526-cs7025-group1_db',
  user: '2526-cs7025-group1',
  password: 'yUDpZFKQlGaSqDyC'
}
DBCONFIG {
  host: 'mariadb_2526-cs7025-group1',
  database: '2526-cs7025-group1_db',
  user: '2526-cs7025-group1',
  password: 'yUDpZFKQlGaSqDyC'
}
DBCONFIG {
  host: 'mariadb_2526-cs7025-group1',
  database: '2526-cs7025-group1_db',
  user: '2526-cs7025-group1',
  password: 'yUDpZFKQlGaSqDyC'
}
Recommended Posts: [
  {
    post_id: 20,
    post_title: 'HELP THERES TOO MANY BEANS',
    post_body: 'I WOKE UP THIS MORNING MY WHOLE BODY IS BEANS',
    game_id: 500,
    user_id: 6,
    post_date: 2026-03-22T17:04:42.000Z,
    image_path: '9a7852f2-6644-4468-b698-130343f5ab7b.webp',
    game_name: 'Ryse: Son of Rome',
    username: 'beansallthewaydown',
    like_count: 2
  }
]
Session {
  cookie: {
    path: '/',
    _expires: null,
    originalMaxAge: null,
    httpOnly: true,
    secure: false
  },
  user: {
    user_id: 23,
    username: 'servertest',
    password: 'test',
    creation_date: '2026-04-20T08:43:07.000Z',
    fav_genres: '25'
  }
}
DBCONFIG {
  host: 'mariadb_2526-cs7025-group1',
  database: '2526-cs7025-group1_db',
  user: '2526-cs7025-group1',
  password: 'yUDpZFKQlGaSqDyC'
}
31
23
[ { liked: 'TRUE' } ]
TRUE
beans the whole way down
DBCONFIG {
  host: 'mariadb_2526-cs7025-group1',
  database: '2526-cs7025-group1_db',
  user: '2526-cs7025-group1',
  password: 'yUDpZFKQlGaSqDyC'
}
DBCONFIG {
  host: 'mariadb_2526-cs7025-group1',
  database: '2526-cs7025-group1_db',
  user: '2526-cs7025-group1',
  password: 'yUDpZFKQlGaSqDyC'
}
DBCONFIG {
  host: 'mariadb_2526-cs7025-group1',
  database: '2526-cs7025-group1_db',
  user: '2526-cs7025-group1',
  password: 'yUDpZFKQlGaSqDyC'
}
Recommended Posts: [
  {
    post_id: 20,
    post_title: 'HELP THERES TOO MANY BEANS',
    post_body: 'I WOKE UP THIS MORNING MY WHOLE BODY IS BEANS',
    game_id: 500,
    user_id: 6,
    post_date: 2026-03-22T17:04:42.000Z,
    image_path: '9a7852f2-6644-4468-b698-130343f5ab7b.webp',
    game_name: 'Ryse: Son of Rome',
    username: 'beansallthewaydown',
    like_count: 2
  }
]
Session {
  cookie: {
    path: '/',
    _expires: null,
    originalMaxAge: null,
    httpOnly: true,
    secure: false
  },
  user: {
    user_id: 23,
    username: 'servertest',
    password: 'test',
    creation_date: '2026-04-20T08:43:07.000Z',
    fav_genres: '25'
  }
}
DBCONFIG {
  host: 'mariadb_2526-cs7025-group1',
  database: '2526-cs7025-group1_db',
  user: '2526-cs7025-group1',
  password: 'yUDpZFKQlGaSqDyC'
}
33
23
[ { liked: 'FALSE' } ]
FALSE
DBCONFIG {
  host: 'mariadb_2526-cs7025-group1',
  database: '2526-cs7025-group1_db',
  user: '2526-cs7025-group1',
  password: 'yUDpZFKQlGaSqDyC'
}
DBCONFIG {
  host: 'mariadb_2526-cs7025-group1',
  database: '2526-cs7025-group1_db',
  user: '2526-cs7025-group1',
  password: 'yUDpZFKQlGaSqDyC'
}
DBCONFIG {
  host: 'mariadb_2526-cs7025-group1',
  database: '2526-cs7025-group1_db',
  user: '2526-cs7025-group1',
  password: 'yUDpZFKQlGaSqDyC'
}
Recommended Posts: [
  {
    post_id: 20,
    post_title: 'HELP THERES TOO MANY BEANS',
    post_body: 'I WOKE UP THIS MORNING MY WHOLE BODY IS BEANS',
    game_id: 500,
    user_id: 6,
    post_date: 2026-03-22T17:04:42.000Z,
    image_path: '9a7852f2-6644-4468-b698-130343f5ab7b.webp',
    game_name: 'Ryse: Son of Rome',
    username: 'beansallthewaydown',
    like_count: 2
  }
]
Session {
  cookie: {
    path: '/',
    _expires: null,
    originalMaxAge: null,
    httpOnly: true,
    secure: false
  },
  user: {
    user_id: 23,
    username: 'servertest',
    password: 'test',
    creation_date: '2026-04-20T08:43:07.000Z',
    fav_genres: '25'
  }
}
DBCONFIG {
  host: 'mariadb_2526-cs7025-group1',
  database: '2526-cs7025-group1_db',
  user: '2526-cs7025-group1',
  password: 'yUDpZFKQlGaSqDyC'
}
33
23
[ { liked: 'TRUE' } ]
TRUE
beans the whole way down
DBCONFIG {
  host: 'mariadb_2526-cs7025-group1',
  database: '2526-cs7025-group1_db',
  user: '2526-cs7025-group1',
  password: 'yUDpZFKQlGaSqDyC'
}
Session {
  cookie: {
    path: '/',
    _expires: null,
    originalMaxAge: null,
    httpOnly: true,
    secure: false
  },
  user: {
    user_id: 23,
    username: 'servertest',
    password: 'test',
    creation_date: '2026-04-20T08:43:07.000Z',
    fav_genres: '25'
  }
}
DBCONFIG {
  host: 'mariadb_2526-cs7025-group1',
  database: '2526-cs7025-group1_db',
  user: '2526-cs7025-group1',
  password: 'yUDpZFKQlGaSqDyC'
}
33
23
[ { liked: 'FALSE' } ]
FALSE
DBCONFIG {
  host: 'mariadb_2526-cs7025-group1',
  database: '2526-cs7025-group1_db',
  user: '2526-cs7025-group1',
  password: 'yUDpZFKQlGaSqDyC'
}
Session {
  cookie: {
    path: '/',
    _expires: null,
    originalMaxAge: null,
    httpOnly: true,
    secure: false
  },
  user: {
    user_id: 23,
    username: 'servertest',
    password: 'test',
    creation_date: '2026-04-20T08:43:07.000Z',
    fav_genres: '25'
  }
}
DBCONFIG {
  host: 'mariadb_2526-cs7025-group1',
  database: '2526-cs7025-group1_db',
  user: '2526-cs7025-group1',
  password: 'yUDpZFKQlGaSqDyC'
}
33
23
[ { liked: 'TRUE' } ]
TRUE
beans the whole way down
DBCONFIG {
  host: 'mariadb_2526-cs7025-group1',
  database: '2526-cs7025-group1_db',
  user: '2526-cs7025-group1',
  password: 'yUDpZFKQlGaSqDyC'
}
Session {
  cookie: {
    path: '/',
    _expires: null,
    originalMaxAge: null,
    httpOnly: true,
    secure: false
  },
  user: {
    user_id: 23,
    username: 'servertest',
    password: 'test',
    creation_date: '2026-04-20T08:43:07.000Z',
    fav_genres: '25'
  }
}
DBCONFIG {
  host: 'mariadb_2526-cs7025-group1',
  database: '2526-cs7025-group1_db',
  user: '2526-cs7025-group1',
  password: 'yUDpZFKQlGaSqDyC'
}
33
23
[ { liked: 'FALSE' } ]
FALSE
DBCONFIG {
  host: 'mariadb_2526-cs7025-group1',
  database: '2526-cs7025-group1_db',
  user: '2526-cs7025-group1',
  password: 'yUDpZFKQlGaSqDyC'
}
Session {
  cookie: {
    path: '/',
    _expires: null,
    originalMaxAge: null,
    httpOnly: true,
    secure: false
  },
  user: {
    user_id: 23,
    username: 'servertest',
    password: 'test',
    creation_date: '2026-04-20T08:43:07.000Z',
    fav_genres: '25'
  }
}
DBCONFIG {
  host: 'mariadb_2526-cs7025-group1',
  database: '2526-cs7025-group1_db',
  user: '2526-cs7025-group1',
  password: 'yUDpZFKQlGaSqDyC'
}
33
23
[ { liked: 'TRUE' } ]
TRUE
beans the whole way down
DBCONFIG {
  host: 'mariadb_2526-cs7025-group1',
  database: '2526-cs7025-group1_db',
  user: '2526-cs7025-group1',
  password: 'yUDpZFKQlGaSqDyC'
}
Session {
  cookie: {
    path: '/',
    _expires: null,
    originalMaxAge: null,
    httpOnly: true,
    secure: false
  },
  user: {
    user_id: 23,
    username: 'servertest',
    password: 'test',
    creation_date: '2026-04-20T08:43:07.000Z',
    fav_genres: '25'
  }
}
DBCONFIG {
  host: 'mariadb_2526-cs7025-group1',
  database: '2526-cs7025-group1_db',
  user: '2526-cs7025-group1',
  password: 'yUDpZFKQlGaSqDyC'
}
33
23
[ { liked: 'FALSE' } ]
FALSE
DBCONFIG {
  host: 'mariadb_2526-cs7025-group1',
  database: '2526-cs7025-group1_db',
  user: '2526-cs7025-group1',
  password: 'yUDpZFKQlGaSqDyC'
}
Session {
  cookie: {
    path: '/',
    _expires: null,
    originalMaxAge: null,
    httpOnly: true,
    secure: false
  },
  user: {
    user_id: 23,
    username: 'servertest',
    password: 'test',
    creation_date: '2026-04-20T08:43:07.000Z',
    fav_genres: '25'
  }
}
DBCONFIG {
  host: 'mariadb_2526-cs7025-group1',
  database: '2526-cs7025-group1_db',
  user: '2526-cs7025-group1',
  password: 'yUDpZFKQlGaSqDyC'
}
33
23
[ { liked: 'TRUE' } ]
TRUE
beans the whole way down
DBCONFIG {
  host: 'mariadb_2526-cs7025-group1',
  database: '2526-cs7025-group1_db',
  user: '2526-cs7025-group1',
  password: 'yUDpZFKQlGaSqDyC'
}
Session {
  cookie: {
    path: '/',
    _expires: null,
    originalMaxAge: null,
    httpOnly: true,
    secure: false
  },
  user: {
    user_id: 23,
    username: 'servertest',
    password: 'test',
    creation_date: '2026-04-20T08:43:07.000Z',
    fav_genres: '25'
  }
}
DBCONFIG {
  host: 'mariadb_2526-cs7025-group1',
  database: '2526-cs7025-group1_db',
  user: '2526-cs7025-group1',
  password: 'yUDpZFKQlGaSqDyC'
}
33
23
[ { liked: 'FALSE' } ]
FALSE
DBCONFIG {
  host: 'mariadb_2526-cs7025-group1',
  database: '2526-cs7025-group1_db',
  user: '2526-cs7025-group1',
  password: 'yUDpZFKQlGaSqDyC'
}
Session {
  cookie: {
    path: '/',
    _expires: null,
    originalMaxAge: null,
    httpOnly: true,
    secure: false
  },
  user: {
    user_id: 23,
    username: 'servertest',
    password: 'test',
    creation_date: '2026-04-20T08:43:07.000Z',
    fav_genres: '25'
  }
}
DBCONFIG {
  host: 'mariadb_2526-cs7025-group1',
  database: '2526-cs7025-group1_db',
  user: '2526-cs7025-group1',
  password: 'yUDpZFKQlGaSqDyC'
}
33
23
[ { liked: 'TRUE' } ]
TRUE
beans the whole way down
DBCONFIG {
  host: 'mariadb_2526-cs7025-group1',
  database: '2526-cs7025-group1_db',
  user: '2526-cs7025-group1',
  password: 'yUDpZFKQlGaSqDyC'
}
Session {
  cookie: {
    path: '/',
    _expires: null,
    originalMaxAge: null,
    httpOnly: true,
    secure: false
  },
  user: {
    user_id: 23,
    username: 'servertest',
    password: 'test',
    creation_date: '2026-04-20T08:43:07.000Z',
    fav_genres: '25'
  }
}
DBCONFIG {
  host: 'mariadb_2526-cs7025-group1',
  database: '2526-cs7025-group1_db',
  user: '2526-cs7025-group1',
  password: 'yUDpZFKQlGaSqDyC'
}
33
23
[ { liked: 'FALSE' } ]
FALSE
DBCONFIG {
  host: 'mariadb_2526-cs7025-group1',
  database: '2526-cs7025-group1_db',
  user: '2526-cs7025-group1',
  password: 'yUDpZFKQlGaSqDyC'
}
Session {
  cookie: {
    path: '/',
    _expires: null,
    originalMaxAge: null,
    httpOnly: true,
    secure: false
  },
  user: {
    user_id: 23,
    username: 'servertest',
    password: 'test',
    creation_date: '2026-04-20T08:43:07.000Z',
    fav_genres: '25'
  }
}
DBCONFIG {
  host: 'mariadb_2526-cs7025-group1',
  database: '2526-cs7025-group1_db',
  user: '2526-cs7025-group1',
  password: 'yUDpZFKQlGaSqDyC'
}
33
23
[ { liked: 'TRUE' } ]
TRUE
beans the whole way down
DBCONFIG {
  host: 'mariadb_2526-cs7025-group1',
  database: '2526-cs7025-group1_db',
  user: '2526-cs7025-group1',
  password: 'yUDpZFKQlGaSqDyC'
}
Session {
  cookie: {
    path: '/',
    _expires: null,
    originalMaxAge: null,
    httpOnly: true,
    secure: false
  },
  user: {
    user_id: 23,
    username: 'servertest',
    password: 'test',
    creation_date: '2026-04-20T08:43:07.000Z',
    fav_genres: '25'
  }
}
DBCONFIG {
  host: 'mariadb_2526-cs7025-group1',
  database: '2526-cs7025-group1_db',
  user: '2526-cs7025-group1',
  password: 'yUDpZFKQlGaSqDyC'
}
33
23
[ { liked: 'FALSE' } ]
FALSE
DBCONFIG {
  host: 'mariadb_2526-cs7025-group1',
  database: '2526-cs7025-group1_db',
  user: '2526-cs7025-group1',
  password: 'yUDpZFKQlGaSqDyC'
}
Session {
  cookie: {
    path: '/',
    _expires: null,
    originalMaxAge: null,
    httpOnly: true,
    secure: false
  },
  user: {
    user_id: 23,
    username: 'servertest',
    password: 'test',
    creation_date: '2026-04-20T08:43:07.000Z',
    fav_genres: '25'
  }
}
DBCONFIG {
  host: 'mariadb_2526-cs7025-group1',
  database: '2526-cs7025-group1_db',
  user: '2526-cs7025-group1',
  password: 'yUDpZFKQlGaSqDyC'
}
33
23
[ { liked: 'TRUE' } ]
TRUE
beans the whole way down
DBCONFIG {
  host: 'mariadb_2526-cs7025-group1',
  database: '2526-cs7025-group1_db',
  user: '2526-cs7025-group1',
  password: 'yUDpZFKQlGaSqDyC'
}
Session {
  cookie: {
    path: '/',
    _expires: null,
    originalMaxAge: null,
    httpOnly: true,
    secure: false
  },
  user: {
    user_id: 23,
    username: 'servertest',
    password: 'test',
    creation_date: '2026-04-20T08:43:07.000Z',
    fav_genres: '25'
  }
}
DBCONFIG {
  host: 'mariadb_2526-cs7025-group1',
  database: '2526-cs7025-group1_db',
  user: '2526-cs7025-group1',
  password: 'yUDpZFKQlGaSqDyC'
}
33
23
[ { liked: 'FALSE' } ]
FALSE
DBCONFIG {
  host: 'mariadb_2526-cs7025-group1',
  database: '2526-cs7025-group1_db',
  user: '2526-cs7025-group1',
  password: 'yUDpZFKQlGaSqDyC'
}
Session {
  cookie: {
    path: '/',
    _expires: null,
    originalMaxAge: null,
    httpOnly: true,
    secure: false
  },
  user: {
    user_id: 23,
    username: 'servertest',
    password: 'test',
    creation_date: '2026-04-20T08:43:07.000Z',
    fav_genres: '25'
  }
}
DBCONFIG {
  host: 'mariadb_2526-cs7025-group1',
  database: '2526-cs7025-group1_db',
  user: '2526-cs7025-group1',
  password: 'yUDpZFKQlGaSqDyC'
}
33
23
[ { liked: 'TRUE' } ]
TRUE
beans the whole way down
DBCONFIG {
  host: 'mariadb_2526-cs7025-group1',
  database: '2526-cs7025-group1_db',
  user: '2526-cs7025-group1',
  password: 'yUDpZFKQlGaSqDyC'
}
Session {
  cookie: {
    path: '/',
    _expires: null,
    originalMaxAge: null,
    httpOnly: true,
    secure: false
  },
  user: {
    user_id: 23,
    username: 'servertest',
    password: 'test',
    creation_date: '2026-04-20T08:43:07.000Z',
    fav_genres: '25'
  }
}
DBCONFIG {
  host: 'mariadb_2526-cs7025-group1',
  database: '2526-cs7025-group1_db',
  user: '2526-cs7025-group1',
  password: 'yUDpZFKQlGaSqDyC'
}
33
23
[ { liked: 'FALSE' } ]
FALSE
DBCONFIG {
  host: 'mariadb_2526-cs7025-group1',
  database: '2526-cs7025-group1_db',
  user: '2526-cs7025-group1',
  password: 'yUDpZFKQlGaSqDyC'
}
Session {
  cookie: {
    path: '/',
    _expires: null,
    originalMaxAge: null,
    httpOnly: true,
    secure: false
  },
  user: {
    user_id: 23,
    username: 'servertest',
    password: 'test',
    creation_date: '2026-04-20T08:43:07.000Z',
    fav_genres: '25'
  }
}
DBCONFIG {
  host: 'mariadb_2526-cs7025-group1',
  database: '2526-cs7025-group1_db',
  user: '2526-cs7025-group1',
  password: 'yUDpZFKQlGaSqDyC'
}
33
23
[ { liked: 'TRUE' } ]
TRUE
beans the whole way down
DBCONFIG {
  host: 'mariadb_2526-cs7025-group1',
  database: '2526-cs7025-group1_db',
  user: '2526-cs7025-group1',
  password: 'yUDpZFKQlGaSqDyC'
}
Session {
  cookie: {
    path: '/',
    _expires: null,
    originalMaxAge: null,
    httpOnly: true,
    secure: false
  },
  user: {
    user_id: 23,
    username: 'servertest',
    password: 'test',
    creation_date: '2026-04-20T08:43:07.000Z',
    fav_genres: '25'
  }
}
DBCONFIG {
  host: 'mariadb_2526-cs7025-group1',
  database: '2526-cs7025-group1_db',
  user: '2526-cs7025-group1',
  password: 'yUDpZFKQlGaSqDyC'
}
33
23
[ { liked: 'FALSE' } ]
FALSE
DBCONFIG {
  host: 'mariadb_2526-cs7025-group1',
  database: '2526-cs7025-group1_db',
  user: '2526-cs7025-group1',
  password: 'yUDpZFKQlGaSqDyC'
}
Session {
  cookie: {
    path: '/',
    _expires: null,
    originalMaxAge: null,
    httpOnly: true,
    secure: false
  },
  user: {
    user_id: 23,
    username: 'servertest',
    password: 'test',
    creation_date: '2026-04-20T08:43:07.000Z',
    fav_genres: '25'
  }
}
DBCONFIG {
  host: 'mariadb_2526-cs7025-group1',
  database: '2526-cs7025-group1_db',
  user: '2526-cs7025-group1',
  password: 'yUDpZFKQlGaSqDyC'
}
33
23
[ { liked: 'TRUE' } ]
TRUE
beans the whole way down
DBCONFIG {
  host: 'mariadb_2526-cs7025-group1',
  database: '2526-cs7025-group1_db',
  user: '2526-cs7025-group1',
  password: 'yUDpZFKQlGaSqDyC'
}
Session {
  cookie: {
    path: '/',
    _expires: null,
    originalMaxAge: null,
    httpOnly: true,
    secure: false
  },
  user: {
    user_id: 23,
    username: 'servertest',
    password: 'test',
    creation_date: '2026-04-20T08:43:07.000Z',
    fav_genres: '25'
  }
}
DBCONFIG {
  host: 'mariadb_2526-cs7025-group1',
  database: '2526-cs7025-group1_db',
  user: '2526-cs7025-group1',
  password: 'yUDpZFKQlGaSqDyC'
}
33
23
[ { liked: 'FALSE' } ]
FALSE
DBCONFIG {
  host: 'mariadb_2526-cs7025-group1',
  database: '2526-cs7025-group1_db',
  user: '2526-cs7025-group1',
  password: 'yUDpZFKQlGaSqDyC'
}
DBCONFIG {
  host: 'mariadb_2526-cs7025-group1',
  database: '2526-cs7025-group1_db',
  user: '2526-cs7025-group1',
  password: 'yUDpZFKQlGaSqDyC'
}
DBCONFIG {
  host: 'mariadb_2526-cs7025-group1',
  database: '2526-cs7025-group1_db',
  user: '2526-cs7025-group1',
  password: 'yUDpZFKQlGaSqDyC'
}
Recommended Posts: [
  {
    post_id: 20,
    post_title: 'HELP THERES TOO MANY BEANS',
    post_body: 'I WOKE UP THIS MORNING MY WHOLE BODY IS BEANS',
    game_id: 500,
    user_id: 6,
    post_date: 2026-03-22T17:04:42.000Z,
    image_path: '9a7852f2-6644-4468-b698-130343f5ab7b.webp',
    game_name: 'Ryse: Son of Rome',
    username: 'beansallthewaydown',
    like_count: 2
  }
]
DBCONFIG {
  host: 'mariadb_2526-cs7025-group1',
  database: '2526-cs7025-group1_db',
  user: '2526-cs7025-group1',
  password: 'yUDpZFKQlGaSqDyC'
}
DBCONFIG {
  host: 'mariadb_2526-cs7025-group1',
  database: '2526-cs7025-group1_db',
  user: '2526-cs7025-group1',
  password: 'yUDpZFKQlGaSqDyC'
}
Recommended Posts: [
  {
    post_id: 20,
    post_title: 'HELP THERES TOO MANY BEANS',
    post_body: 'I WOKE UP THIS MORNING MY WHOLE BODY IS BEANS',
    game_id: 500,
    user_id: 6,
    post_date: 2026-03-22T17:04:42.000Z,
    image_path: '9a7852f2-6644-4468-b698-130343f5ab7b.webp',
    game_name: 'Ryse: Son of Rome',
    username: 'beansallthewaydown',
    like_count: 2
  }
]
DBCONFIG {
  host: 'mariadb_2526-cs7025-group1',
  database: '2526-cs7025-group1_db',
  user: '2526-cs7025-group1',
  password: 'yUDpZFKQlGaSqDyC'
}
DBCONFIG {
  host: 'mariadb_2526-cs7025-group1',
  database: '2526-cs7025-group1_db',
  user: '2526-cs7025-group1',
  password: 'yUDpZFKQlGaSqDyC'
}
Recommended Posts: [
  {
    post_id: 20,
    post_title: 'HELP THERES TOO MANY BEANS',
    post_body: 'I WOKE UP THIS MORNING MY WHOLE BODY IS BEANS',
    game_id: 500,
    user_id: 6,
    post_date: 2026-03-22T17:04:42.000Z,
    image_path: '9a7852f2-6644-4468-b698-130343f5ab7b.webp',
    game_name: 'Ryse: Son of Rome',
    username: 'beansallthewaydown',
    like_count: 2
  }
]
Session {
  cookie: {
    path: '/',
    _expires: null,
    originalMaxAge: null,
    httpOnly: true,
    secure: false
  },
  user: {
    user_id: 23,
    username: 'servertest',
    password: 'test',
    creation_date: '2026-04-20T08:43:07.000Z',
    fav_genres: '25'
  }
}
DBCONFIG {
  host: 'mariadb_2526-cs7025-group1',
  database: '2526-cs7025-group1_db',
  user: '2526-cs7025-group1',
  password: 'yUDpZFKQlGaSqDyC'
}
33
23
[ { liked: 'TRUE' } ]
TRUE
beans the whole way down
DBCONFIG {
  host: 'mariadb_2526-cs7025-group1',
  database: '2526-cs7025-group1_db',
  user: '2526-cs7025-group1',
  password: 'yUDpZFKQlGaSqDyC'
}
DBCONFIG {
  host: 'mariadb_2526-cs7025-group1',
  database: '2526-cs7025-group1_db',
  user: '2526-cs7025-group1',
  password: 'yUDpZFKQlGaSqDyC'
}
DBCONFIG {
  host: 'mariadb_2526-cs7025-group1',
  database: '2526-cs7025-group1_db',
  user: '2526-cs7025-group1',
  password: 'yUDpZFKQlGaSqDyC'
}
Recommended Posts: [
  {
    post_id: 20,
    post_title: 'HELP THERES TOO MANY BEANS',
    post_body: 'I WOKE UP THIS MORNING MY WHOLE BODY IS BEANS',
    game_id: 500,
    user_id: 6,
    post_date: 2026-03-22T17:04:42.000Z,
    image_path: '9a7852f2-6644-4468-b698-130343f5ab7b.webp',
    game_name: 'Ryse: Son of Rome',
    username: 'beansallthewaydown',
    like_count: 2
  }
]
Session {
  cookie: {
    path: '/',
    _expires: null,
    originalMaxAge: null,
    httpOnly: true,
    secure: false
  },
  user: {
    user_id: 23,
    username: 'servertest',
    password: 'test',
    creation_date: '2026-04-20T08:43:07.000Z',
    fav_genres: '25'
  }
}
DBCONFIG {
  host: 'mariadb_2526-cs7025-group1',
  database: '2526-cs7025-group1_db',
  user: '2526-cs7025-group1',
  password: 'yUDpZFKQlGaSqDyC'
}
33
23
[ { liked: 'FALSE' } ]
FALSE
DBCONFIG {
  host: 'mariadb_2526-cs7025-group1',
  database: '2526-cs7025-group1_db',
  user: '2526-cs7025-group1',
  password: 'yUDpZFKQlGaSqDyC'
}
DBCONFIG {
  host: 'mariadb_2526-cs7025-group1',
  database: '2526-cs7025-group1_db',
  user: '2526-cs7025-group1',
  password: 'yUDpZFKQlGaSqDyC'
}
DBCONFIG {
  host: 'mariadb_2526-cs7025-group1',
  database: '2526-cs7025-group1_db',
  user: '2526-cs7025-group1',
  password: 'yUDpZFKQlGaSqDyC'
}
Recommended Posts: [
  {
    post_id: 20,
    post_title: 'HELP THERES TOO MANY BEANS',
    post_body: 'I WOKE UP THIS MORNING MY WHOLE BODY IS BEANS',
    game_id: 500,
    user_id: 6,
    post_date: 2026-03-22T17:04:42.000Z,
    image_path: '9a7852f2-6644-4468-b698-130343f5ab7b.webp',
    game_name: 'Ryse: Son of Rome',
    username: 'beansallthewaydown',
    like_count: 2
  }
]
Session {
  cookie: {
    path: '/',
    _expires: null,
    originalMaxAge: null,
    httpOnly: true,
    secure: false
  },
  user: {
    user_id: 23,
    username: 'servertest',
    password: 'test',
    creation_date: '2026-04-20T08:43:07.000Z',
    fav_genres: '25'
  }
}
DBCONFIG {
  host: 'mariadb_2526-cs7025-group1',
  database: '2526-cs7025-group1_db',
  user: '2526-cs7025-group1',
  password: 'yUDpZFKQlGaSqDyC'
}
33
23
[ { liked: 'TRUE' } ]
TRUE
beans the whole way down
DBCONFIG {
  host: 'mariadb_2526-cs7025-group1',
  database: '2526-cs7025-group1_db',
  user: '2526-cs7025-group1',
  password: 'yUDpZFKQlGaSqDyC'
}
DBCONFIG {
  host: 'mariadb_2526-cs7025-group1',
  database: '2526-cs7025-group1_db',
  user: '2526-cs7025-group1',
  password: 'yUDpZFKQlGaSqDyC'
}
DBCONFIG {
  host: 'mariadb_2526-cs7025-group1',
  database: '2526-cs7025-group1_db',
  user: '2526-cs7025-group1',
  password: 'yUDpZFKQlGaSqDyC'
}
Recommended Posts: [
  {
    post_id: 20,
    post_title: 'HELP THERES TOO MANY BEANS',
    post_body: 'I WOKE UP THIS MORNING MY WHOLE BODY IS BEANS',
    game_id: 500,
    user_id: 6,
    post_date: 2026-03-22T17:04:42.000Z,
    image_path: '9a7852f2-6644-4468-b698-130343f5ab7b.webp',
    game_name: 'Ryse: Son of Rome',
    username: 'beansallthewaydown',
    like_count: 2
  }
]
[32m[nodemon] restarting due to changes...[39m
[32m[nodemon] starting `node ./index.js localhost 3000`[39m
[dotenv@17.3.1] injecting env (5) from .env -- tip: ⚙️  enable debug logging with { debug: true }
[dotenv@17.3.1] injecting env (0) from .env -- tip: 🔐 encrypt with Dotenvx: https://dotenvx.com
Server running on http://localhost:3000
DBCONFIG {
  host: 'mariadb_2526-cs7025-group1',
  database: '2526-cs7025-group1_db',
  user: '2526-cs7025-group1',
  password: 'yUDpZFKQlGaSqDyC'
}
Recommended Posts: []
DBCONFIG {
  host: 'mariadb_2526-cs7025-group1',
  database: '2526-cs7025-group1_db',
  user: '2526-cs7025-group1',
  password: 'yUDpZFKQlGaSqDyC'
}
DBCONFIG {
  host: 'mariadb_2526-cs7025-group1',
  database: '2526-cs7025-group1_db',
  user: '2526-cs7025-group1',
  password: 'yUDpZFKQlGaSqDyC'
}
Recommended Posts: [
  {
    post_id: 20,
    post_title: 'HELP THERES TOO MANY BEANS',
    post_body: 'I WOKE UP THIS MORNING MY WHOLE BODY IS BEANS',
    game_id: 500,
    user_id: 6,
    post_date: 2026-03-22T17:04:42.000Z,
    image_path: '9a7852f2-6644-4468-b698-130343f5ab7b.webp',
    game_name: 'Ryse: Son of Rome',
    username: 'beansallthewaydown',
    like_count: 2
  }
]
Session {
  cookie: {
    path: '/',
    _expires: null,
    originalMaxAge: null,
    httpOnly: true,
    secure: false
  },
  user: {
    user_id: 23,
    username: 'servertest',
    password: 'test',
    creation_date: '2026-04-20T08:43:07.000Z',
    fav_genres: '25'
  }
}
DBCONFIG {
  host: 'mariadb_2526-cs7025-group1',
  database: '2526-cs7025-group1_db',
  user: '2526-cs7025-group1',
  password: 'yUDpZFKQlGaSqDyC'
}
20
23
[ { liked: 'TRUE' } ]
TRUE
beans the whole way down
DBCONFIG {
  host: 'mariadb_2526-cs7025-group1',
  database: '2526-cs7025-group1_db',
  user: '2526-cs7025-group1',
  password: 'yUDpZFKQlGaSqDyC'
}
Session {
  cookie: {
    path: '/',
    _expires: null,
    originalMaxAge: null,
    httpOnly: true,
    secure: false
  },
  user: {
    user_id: 23,
    username: 'servertest',
    password: 'test',
    creation_date: '2026-04-20T08:43:07.000Z',
    fav_genres: '25'
  }
}
DBCONFIG {
  host: 'mariadb_2526-cs7025-group1',
  database: '2526-cs7025-group1_db',
  user: '2526-cs7025-group1',
  password: 'yUDpZFKQlGaSqDyC'
}
32
23
[ { liked: 'FALSE' } ]
FALSE
DBCONFIG {
  host: 'mariadb_2526-cs7025-group1',
  database: '2526-cs7025-group1_db',
  user: '2526-cs7025-group1',
  password: 'yUDpZFKQlGaSqDyC'
}
DBCONFIG {
  host: 'mariadb_2526-cs7025-group1',
  database: '2526-cs7025-group1_db',
  user: '2526-cs7025-group1',
  password: 'yUDpZFKQlGaSqDyC'
}
DBCONFIG {
  host: 'mariadb_2526-cs7025-group1',
  database: '2526-cs7025-group1_db',
  user: '2526-cs7025-group1',
  password: 'yUDpZFKQlGaSqDyC'
}
Recommended Posts: [
  {
    post_id: 20,
    post_title: 'HELP THERES TOO MANY BEANS',
    post_body: 'I WOKE UP THIS MORNING MY WHOLE BODY IS BEANS',
    game_id: 500,
    user_id: 6,
    post_date: 2026-03-22T17:04:42.000Z,
    image_path: '9a7852f2-6644-4468-b698-130343f5ab7b.webp',
    game_name: 'Ryse: Son of Rome',
    username: 'beansallthewaydown',
    like_count: 1
  }
]
Session {
  cookie: {
    path: '/',
    _expires: null,
    originalMaxAge: null,
    httpOnly: true,
    secure: false
  },
  user: {
    user_id: 23,
    username: 'servertest',
    password: 'test',
    creation_date: '2026-04-20T08:43:07.000Z',
    fav_genres: '25'
  }
}
DBCONFIG {
  host: 'mariadb_2526-cs7025-group1',
  database: '2526-cs7025-group1_db',
  user: '2526-cs7025-group1',
  password: 'yUDpZFKQlGaSqDyC'
}
28
23
[ { liked: 'FALSE' } ]
FALSE
DBCONFIG {
  host: 'mariadb_2526-cs7025-group1',
  database: '2526-cs7025-group1_db',
  user: '2526-cs7025-group1',
  password: 'yUDpZFKQlGaSqDyC'
}
DBCONFIG {
  host: 'mariadb_2526-cs7025-group1',
  database: '2526-cs7025-group1_db',
  user: '2526-cs7025-group1',
  password: 'yUDpZFKQlGaSqDyC'
}
DBCONFIG {
  host: 'mariadb_2526-cs7025-group1',
  database: '2526-cs7025-group1_db',
  user: '2526-cs7025-group1',
  password: 'yUDpZFKQlGaSqDyC'
}
Recommended Posts: [
  {
    post_id: 20,
    post_title: 'HELP THERES TOO MANY BEANS',
    post_body: 'I WOKE UP THIS MORNING MY WHOLE BODY IS BEANS',
    game_id: 500,
    user_id: 6,
    post_date: 2026-03-22T17:04:42.000Z,
    image_path: '9a7852f2-6644-4468-b698-130343f5ab7b.webp',
    game_name: 'Ryse: Son of Rome',
    username: 'beansallthewaydown',
    like_count: 1
  }
]
Session {
  cookie: {
    path: '/',
    _expires: null,
    originalMaxAge: null,
    httpOnly: true,
    secure: false
  },
  user: {
    user_id: 23,
    username: 'servertest',
    password: 'test',
    creation_date: '2026-04-20T08:43:07.000Z',
    fav_genres: '25'
  }
}
DBCONFIG {
  host: 'mariadb_2526-cs7025-group1',
  database: '2526-cs7025-group1_db',
  user: '2526-cs7025-group1',
  password: 'yUDpZFKQlGaSqDyC'
}
29
23
[ { liked: 'FALSE' } ]
FALSE
DBCONFIG {
  host: 'mariadb_2526-cs7025-group1',
  database: '2526-cs7025-group1_db',
  user: '2526-cs7025-group1',
  password: 'yUDpZFKQlGaSqDyC'
}
DBCONFIG {
  host: 'mariadb_2526-cs7025-group1',
  database: '2526-cs7025-group1_db',
  user: '2526-cs7025-group1',
  password: 'yUDpZFKQlGaSqDyC'
}
DBCONFIG {
  host: 'mariadb_2526-cs7025-group1',
  database: '2526-cs7025-group1_db',
  user: '2526-cs7025-group1',
  password: 'yUDpZFKQlGaSqDyC'
}
Recommended Posts: [
  {
    post_id: 20,
    post_title: 'HELP THERES TOO MANY BEANS',
    post_body: 'I WOKE UP THIS MORNING MY WHOLE BODY IS BEANS',
    game_id: 500,
    user_id: 6,
    post_date: 2026-03-22T17:04:42.000Z,
    image_path: '9a7852f2-6644-4468-b698-130343f5ab7b.webp',
    game_name: 'Ryse: Son of Rome',
    username: 'beansallthewaydown',
    like_count: 1
  }
]
Session {
  cookie: {
    path: '/',
    _expires: null,
    originalMaxAge: null,
    httpOnly: true,
    secure: false
  },
  user: {
    user_id: 23,
    username: 'servertest',
    password: 'test',
    creation_date: '2026-04-20T08:43:07.000Z',
    fav_genres: '25'
  }
}
DBCONFIG {
  host: 'mariadb_2526-cs7025-group1',
  database: '2526-cs7025-group1_db',
  user: '2526-cs7025-group1',
  password: 'yUDpZFKQlGaSqDyC'
}
31
23
[ { liked: 'FALSE' } ]
FALSE
DBCONFIG {
  host: 'mariadb_2526-cs7025-group1',
  database: '2526-cs7025-group1_db',
  user: '2526-cs7025-group1',
  password: 'yUDpZFKQlGaSqDyC'
}
DBCONFIG {
  host: 'mariadb_2526-cs7025-group1',
  database: '2526-cs7025-group1_db',
  user: '2526-cs7025-group1',
  password: 'yUDpZFKQlGaSqDyC'
}
DBCONFIG {
  host: 'mariadb_2526-cs7025-group1',
  database: '2526-cs7025-group1_db',
  user: '2526-cs7025-group1',
  password: 'yUDpZFKQlGaSqDyC'
}
Recommended Posts: [
  {
    post_id: 20,
    post_title: 'HELP THERES TOO MANY BEANS',
    post_body: 'I WOKE UP THIS MORNING MY WHOLE BODY IS BEANS',
    game_id: 500,
    user_id: 6,
    post_date: 2026-03-22T17:04:42.000Z,
    image_path: '9a7852f2-6644-4468-b698-130343f5ab7b.webp',
    game_name: 'Ryse: Son of Rome',
    username: 'beansallthewaydown',
    like_count: 1
  }
]
Session {
  cookie: {
    path: '/',
    _expires: null,
    originalMaxAge: null,
    httpOnly: true,
    secure: false
  },
  user: {
    user_id: 23,
    username: 'servertest',
    password: 'test',
    creation_date: '2026-04-20T08:43:07.000Z',
    fav_genres: '25'
  }
}
DBCONFIG {
  host: 'mariadb_2526-cs7025-group1',
  database: '2526-cs7025-group1_db',
  user: '2526-cs7025-group1',
  password: 'yUDpZFKQlGaSqDyC'
}
30
23
[ { liked: 'FALSE' } ]
FALSE
DBCONFIG {
  host: 'mariadb_2526-cs7025-group1',
  database: '2526-cs7025-group1_db',
  user: '2526-cs7025-group1',
  password: 'yUDpZFKQlGaSqDyC'
}
DBCONFIG {
  host: 'mariadb_2526-cs7025-group1',
  database: '2526-cs7025-group1_db',
  user: '2526-cs7025-group1',
  password: 'yUDpZFKQlGaSqDyC'
}
DBCONFIG {
  host: 'mariadb_2526-cs7025-group1',
  database: '2526-cs7025-group1_db',
  user: '2526-cs7025-group1',
  password: 'yUDpZFKQlGaSqDyC'
}
Recommended Posts: [
  {
    post_id: 20,
    post_title: 'HELP THERES TOO MANY BEANS',
    post_body: 'I WOKE UP THIS MORNING MY WHOLE BODY IS BEANS',
    game_id: 500,
    user_id: 6,
    post_date: 2026-03-22T17:04:42.000Z,
    image_path: '9a7852f2-6644-4468-b698-130343f5ab7b.webp',
    game_name: 'Ryse: Son of Rome',
    username: 'beansallthewaydown',
    like_count: 1
  }
]
Session {
  cookie: {
    path: '/',
    _expires: null,
    originalMaxAge: null,
    httpOnly: true,
    secure: false
  },
  user: {
    user_id: 23,
    username: 'servertest',
    password: 'test',
    creation_date: '2026-04-20T08:43:07.000Z',
    fav_genres: '25'
  }
}
DBCONFIG {
  host: 'mariadb_2526-cs7025-group1',
  database: '2526-cs7025-group1_db',
  user: '2526-cs7025-group1',
  password: 'yUDpZFKQlGaSqDyC'
}
30
23
[ { liked: 'TRUE' } ]
TRUE
beans the whole way down
DBCONFIG {
  host: 'mariadb_2526-cs7025-group1',
  database: '2526-cs7025-group1_db',
  user: '2526-cs7025-group1',
  password: 'yUDpZFKQlGaSqDyC'
}
DBCONFIG {
  host: 'mariadb_2526-cs7025-group1',
  database: '2526-cs7025-group1_db',
  user: '2526-cs7025-group1',
  password: 'yUDpZFKQlGaSqDyC'
}
DBCONFIG {
  host: 'mariadb_2526-cs7025-group1',
  database: '2526-cs7025-group1_db',
  user: '2526-cs7025-group1',
  password: 'yUDpZFKQlGaSqDyC'
}
Recommended Posts: [
  {
    post_id: 20,
    post_title: 'HELP THERES TOO MANY BEANS',
    post_body: 'I WOKE UP THIS MORNING MY WHOLE BODY IS BEANS',
    game_id: 500,
    user_id: 6,
    post_date: 2026-03-22T17:04:42.000Z,
    image_path: '9a7852f2-6644-4468-b698-130343f5ab7b.webp',
    game_name: 'Ryse: Son of Rome',
    username: 'beansallthewaydown',
    like_count: 1
  }
]
Session {
  cookie: {
    path: '/',
    _expires: null,
    originalMaxAge: null,
    httpOnly: true,
    secure: false
  },
  user: {
    user_id: 23,
    username: 'servertest',
    password: 'test',
    creation_date: '2026-04-20T08:43:07.000Z',
    fav_genres: '25'
  }
}
DBCONFIG {
  host: 'mariadb_2526-cs7025-group1',
  database: '2526-cs7025-group1_db',
  user: '2526-cs7025-group1',
  password: 'yUDpZFKQlGaSqDyC'
}
30
23
[ { liked: 'FALSE' } ]
FALSE
DBCONFIG {
  host: 'mariadb_2526-cs7025-group1',
  database: '2526-cs7025-group1_db',
  user: '2526-cs7025-group1',
  password: 'yUDpZFKQlGaSqDyC'
}
DBCONFIG {
  host: 'mariadb_2526-cs7025-group1',
  database: '2526-cs7025-group1_db',
  user: '2526-cs7025-group1',
  password: 'yUDpZFKQlGaSqDyC'
}
DBCONFIG {
  host: 'mariadb_2526-cs7025-group1',
  database: '2526-cs7025-group1_db',
  user: '2526-cs7025-group1',
  password: 'yUDpZFKQlGaSqDyC'
}
Recommended Posts: [
  {
    post_id: 20,
    post_title: 'HELP THERES TOO MANY BEANS',
    post_body: 'I WOKE UP THIS MORNING MY WHOLE BODY IS BEANS',
    game_id: 500,
    user_id: 6,
    post_date: 2026-03-22T17:04:42.000Z,
    image_path: '9a7852f2-6644-4468-b698-130343f5ab7b.webp',
    game_name: 'Ryse: Son of Rome',
    username: 'beansallthewaydown',
    like_count: 1
  }
]
Session {
  cookie: {
    path: '/',
    _expires: null,
    originalMaxAge: null,
    httpOnly: true,
    secure: false
  },
  user: {
    user_id: 23,
    username: 'servertest',
    password: 'test',
    creation_date: '2026-04-20T08:43:07.000Z',
    fav_genres: '25'
  }
}
DBCONFIG {
  host: 'mariadb_2526-cs7025-group1',
  database: '2526-cs7025-group1_db',
  user: '2526-cs7025-group1',
  password: 'yUDpZFKQlGaSqDyC'
}
24
23
[ { liked: 'FALSE' } ]
FALSE
DBCONFIG {
  host: 'mariadb_2526-cs7025-group1',
  database: '2526-cs7025-group1_db',
  user: '2526-cs7025-group1',
  password: 'yUDpZFKQlGaSqDyC'
}
DBCONFIG {
  host: 'mariadb_2526-cs7025-group1',
  database: '2526-cs7025-group1_db',
  user: '2526-cs7025-group1',
  password: 'yUDpZFKQlGaSqDyC'
}
DBCONFIG {
  host: 'mariadb_2526-cs7025-group1',
  database: '2526-cs7025-group1_db',
  user: '2526-cs7025-group1',
  password: 'yUDpZFKQlGaSqDyC'
}
Recommended Posts: [
  {
    post_id: 20,
    post_title: 'HELP THERES TOO MANY BEANS',
    post_body: 'I WOKE UP THIS MORNING MY WHOLE BODY IS BEANS',
    game_id: 500,
    user_id: 6,
    post_date: 2026-03-22T17:04:42.000Z,
    image_path: '9a7852f2-6644-4468-b698-130343f5ab7b.webp',
    game_name: 'Ryse: Son of Rome',
    username: 'beansallthewaydown',
    like_count: 1
  }
]
[32m[nodemon] restarting due to changes...[39m
[32m[nodemon] starting `node ./index.js localhost 3000`[39m
[dotenv@17.3.1] injecting env (5) from .env -- tip: ⚙️  enable debug logging with { debug: true }
[dotenv@17.3.1] injecting env (0) from .env -- tip: ⚙️  load multiple .env files with { path: ['.env.local', '.env'] }
Server running on http://localhost:3000
DBCONFIG {
  host: 'mariadb_2526-cs7025-group1',
  database: '2526-cs7025-group1_db',
  user: '2526-cs7025-group1',
  password: 'yUDpZFKQlGaSqDyC'
}
Recommended Posts: []
DBCONFIG {
  host: 'mariadb_2526-cs7025-group1',
  database: '2526-cs7025-group1_db',
  user: '2526-cs7025-group1',
  password: 'yUDpZFKQlGaSqDyC'
}
DBCONFIG {
  host: 'mariadb_2526-cs7025-group1',
  database: '2526-cs7025-group1_db',
  user: '2526-cs7025-group1',
  password: 'yUDpZFKQlGaSqDyC'
}
Recommended Posts: [
  {
    post_id: 20,
    post_title: 'HELP THERES TOO MANY BEANS',
    post_body: 'I WOKE UP THIS MORNING MY WHOLE BODY IS BEANS',
    game_id: 500,
    user_id: 6,
    post_date: 2026-03-22T17:04:42.000Z,
    image_path: '9a7852f2-6644-4468-b698-130343f5ab7b.webp',
    game_name: 'Ryse: Son of Rome',
    username: 'beansallthewaydown',
    like_count: 1
  }
]
Session {
  cookie: {
    path: '/',
    _expires: null,
    originalMaxAge: null,
    httpOnly: true,
    secure: false
  },
  user: {
    user_id: 23,
    username: 'servertest',
    password: 'test',
    creation_date: '2026-04-20T08:43:07.000Z',
    fav_genres: '25'
  }
}
DBCONFIG {
  host: 'mariadb_2526-cs7025-group1',
  database: '2526-cs7025-group1_db',
  user: '2526-cs7025-group1',
  password: 'yUDpZFKQlGaSqDyC'
}
20
23
[ { liked: 'FALSE' } ]
FALSE
DBCONFIG {
  host: 'mariadb_2526-cs7025-group1',
  database: '2526-cs7025-group1_db',
  user: '2526-cs7025-group1',
  password: 'yUDpZFKQlGaSqDyC'
}
Session {
  cookie: {
    path: '/',
    _expires: null,
    originalMaxAge: null,
    httpOnly: true,
    secure: false
  },
  user: {
    user_id: 23,
    username: 'servertest',
    password: 'test',
    creation_date: '2026-04-20T08:43:07.000Z',
    fav_genres: '25'
  }
}
DBCONFIG {
  host: 'mariadb_2526-cs7025-group1',
  database: '2526-cs7025-group1_db',
  user: '2526-cs7025-group1',
  password: 'yUDpZFKQlGaSqDyC'
}
20
23
[ { liked: 'TRUE' } ]
TRUE
beans the whole way down
DBCONFIG {
  host: 'mariadb_2526-cs7025-group1',
  database: '2526-cs7025-group1_db',
  user: '2526-cs7025-group1',
  password: 'yUDpZFKQlGaSqDyC'
}
Session {
  cookie: {
    path: '/',
    _expires: null,
    originalMaxAge: null,
    httpOnly: true,
    secure: false
  },
  user: {
    user_id: 23,
    username: 'servertest',
    password: 'test',
    creation_date: '2026-04-20T08:43:07.000Z',
    fav_genres: '25'
  }
}
DBCONFIG {
  host: 'mariadb_2526-cs7025-group1',
  database: '2526-cs7025-group1_db',
  user: '2526-cs7025-group1',
  password: 'yUDpZFKQlGaSqDyC'
}
15
23
[ { liked: 'FALSE' } ]
FALSE
DBCONFIG {
  host: 'mariadb_2526-cs7025-group1',
  database: '2526-cs7025-group1_db',
  user: '2526-cs7025-group1',
  password: 'yUDpZFKQlGaSqDyC'
}
Session {
  cookie: {
    path: '/',
    _expires: null,
    originalMaxAge: null,
    httpOnly: true,
    secure: false
  },
  user: {
    user_id: 23,
    username: 'servertest',
    password: 'test',
    creation_date: '2026-04-20T08:43:07.000Z',
    fav_genres: '25'
  }
}
DBCONFIG {
  host: 'mariadb_2526-cs7025-group1',
  database: '2526-cs7025-group1_db',
  user: '2526-cs7025-group1',
  password: 'yUDpZFKQlGaSqDyC'
}
15
23
[ { liked: 'TRUE' } ]
TRUE
beans the whole way down
DBCONFIG {
  host: 'mariadb_2526-cs7025-group1',
  database: '2526-cs7025-group1_db',
  user: '2526-cs7025-group1',
  password: 'yUDpZFKQlGaSqDyC'
}
[32m[nodemon] restarting due to changes...[39m
[32m[nodemon] starting `node ./index.js localhost 3000`[39m
[dotenv@17.3.1] injecting env (5) from .env -- tip: ⚙️  load multiple .env files with { path: ['.env.local', '.env'] }
[dotenv@17.3.1] injecting env (0) from .env -- tip: 🔐 prevent building .env in docker: https://dotenvx.com/prebuild
Server running on http://localhost:3000
DBCONFIG {
  host: 'mariadb_2526-cs7025-group1',
  database: '2526-cs7025-group1_db',
  user: '2526-cs7025-group1',
  password: 'yUDpZFKQlGaSqDyC'
}
Recommended Posts: []
DBCONFIG {
  host: 'mariadb_2526-cs7025-group1',
  database: '2526-cs7025-group1_db',
  user: '2526-cs7025-group1',
  password: 'yUDpZFKQlGaSqDyC'
}
DBCONFIG {
  host: 'mariadb_2526-cs7025-group1',
  database: '2526-cs7025-group1_db',
  user: '2526-cs7025-group1',
  password: 'yUDpZFKQlGaSqDyC'
}
Recommended Posts: [
  {
    post_id: 20,
    post_title: 'HELP THERES TOO MANY BEANS',
    post_body: 'I WOKE UP THIS MORNING MY WHOLE BODY IS BEANS',
    game_id: 500,
    user_id: 6,
    post_date: 2026-03-22T17:04:42.000Z,
    image_path: '9a7852f2-6644-4468-b698-130343f5ab7b.webp',
    game_name: 'Ryse: Son of Rome',
    username: 'beansallthewaydown',
    like_count: 1
  }
]
Session {
  cookie: {
    path: '/',
    _expires: null,
    originalMaxAge: null,
    httpOnly: true,
    secure: false
  },
  user: {
    user_id: 23,
    username: 'servertest',
    password: 'test',
    creation_date: '2026-04-20T08:43:07.000Z',
    fav_genres: '25'
  }
}
DBCONFIG {
  host: 'mariadb_2526-cs7025-group1',
  database: '2526-cs7025-group1_db',
  user: '2526-cs7025-group1',
  password: 'yUDpZFKQlGaSqDyC'
}
20
23
[ { liked: 'FALSE' } ]
FALSE
DBCONFIG {
  host: 'mariadb_2526-cs7025-group1',
  database: '2526-cs7025-group1_db',
  user: '2526-cs7025-group1',
  password: 'yUDpZFKQlGaSqDyC'
}
[32m[nodemon] restarting due to changes...[39m
[32m[nodemon] starting `node ./index.js localhost 3000`[39m
[dotenv@17.3.1] injecting env (5) from .env -- tip: ⚙️  override existing env vars with { override: true }
[dotenv@17.3.1] injecting env (0) from .env -- tip: ⚙️  override existing env vars with { override: true }
Server running on http://localhost:3000
DBCONFIG {
  host: 'mariadb_2526-cs7025-group1',
  database: '2526-cs7025-group1_db',
  user: '2526-cs7025-group1',
  password: 'yUDpZFKQlGaSqDyC'
}
Recommended Posts: []
DBCONFIG {
  host: 'mariadb_2526-cs7025-group1',
  database: '2526-cs7025-group1_db',
  user: '2526-cs7025-group1',
  password: 'yUDpZFKQlGaSqDyC'
}
DBCONFIG {
  host: 'mariadb_2526-cs7025-group1',
  database: '2526-cs7025-group1_db',
  user: '2526-cs7025-group1',
  password: 'yUDpZFKQlGaSqDyC'
}
Recommended Posts: [
  {
    post_id: 20,
    post_title: 'HELP THERES TOO MANY BEANS',
    post_body: 'I WOKE UP THIS MORNING MY WHOLE BODY IS BEANS',
    game_id: 500,
    user_id: 6,
    post_date: 2026-03-22T17:04:42.000Z,
    image_path: '9a7852f2-6644-4468-b698-130343f5ab7b.webp',
    game_name: 'Ryse: Son of Rome',
    username: 'beansallthewaydown',
    like_count: 2
  }
]
Session {
  cookie: {
    path: '/',
    _expires: null,
    originalMaxAge: null,
    httpOnly: true,
    secure: false
  },
  user: {
    user_id: 23,
    username: 'servertest',
    password: 'test',
    creation_date: '2026-04-20T08:43:07.000Z',
    fav_genres: '25'
  }
}
DBCONFIG {
  host: 'mariadb_2526-cs7025-group1',
  database: '2526-cs7025-group1_db',
  user: '2526-cs7025-group1',
  password: 'yUDpZFKQlGaSqDyC'
}
20
23
[ { liked: 'TRUE' } ]
TRUE
beans the whole way down
DBCONFIG {
  host: 'mariadb_2526-cs7025-group1',
  database: '2526-cs7025-group1_db',
  user: '2526-cs7025-group1',
  password: 'yUDpZFKQlGaSqDyC'
}
DBCONFIG {
  host: 'mariadb_2526-cs7025-group1',
  database: '2526-cs7025-group1_db',
  user: '2526-cs7025-group1',
  password: 'yUDpZFKQlGaSqDyC'
}
DBCONFIG {
  host: 'mariadb_2526-cs7025-group1',
  database: '2526-cs7025-group1_db',
  user: '2526-cs7025-group1',
  password: 'yUDpZFKQlGaSqDyC'
}
Recommended Posts: [
  {
    post_id: 20,
    post_title: 'HELP THERES TOO MANY BEANS',
    post_body: 'I WOKE UP THIS MORNING MY WHOLE BODY IS BEANS',
    game_id: 500,
    user_id: 6,
    post_date: 2026-03-22T17:04:42.000Z,
    image_path: '9a7852f2-6644-4468-b698-130343f5ab7b.webp',
    game_name: 'Ryse: Son of Rome',
    username: 'beansallthewaydown',
    like_count: 1
  }
]
Session {
  cookie: {
    path: '/',
    _expires: null,
    originalMaxAge: null,
    httpOnly: true,
    secure: false
  },
  user: {
    user_id: 23,
    username: 'servertest',
    password: 'test',
    creation_date: '2026-04-20T08:43:07.000Z',
    fav_genres: '25'
  }
}
DBCONFIG {
  host: 'mariadb_2526-cs7025-group1',
  database: '2526-cs7025-group1_db',
  user: '2526-cs7025-group1',
  password: 'yUDpZFKQlGaSqDyC'
}
20
23
[ { liked: 'FALSE' } ]
FALSE
DBCONFIG {
  host: 'mariadb_2526-cs7025-group1',
  database: '2526-cs7025-group1_db',
  user: '2526-cs7025-group1',
  password: 'yUDpZFKQlGaSqDyC'
}
Session {
  cookie: {
    path: '/',
    _expires: null,
    originalMaxAge: null,
    httpOnly: true,
    secure: false
  },
  user: {
    user_id: 23,
    username: 'servertest',
    password: 'test',
    creation_date: '2026-04-20T08:43:07.000Z',
    fav_genres: '25'
  }
}
DBCONFIG {
  host: 'mariadb_2526-cs7025-group1',
  database: '2526-cs7025-group1_db',
  user: '2526-cs7025-group1',
  password: 'yUDpZFKQlGaSqDyC'
}
20
23
[ { liked: 'TRUE' } ]
TRUE
beans the whole way down
DBCONFIG {
  host: 'mariadb_2526-cs7025-group1',
  database: '2526-cs7025-group1_db',
  user: '2526-cs7025-group1',
  password: 'yUDpZFKQlGaSqDyC'
}
Session {
  cookie: {
    path: '/',
    _expires: null,
    originalMaxAge: null,
    httpOnly: true,
    secure: false
  },
  user: {
    user_id: 23,
    username: 'servertest',
    password: 'test',
    creation_date: '2026-04-20T08:43:07.000Z',
    fav_genres: '25'
  }
}
DBCONFIG {
  host: 'mariadb_2526-cs7025-group1',
  database: '2526-cs7025-group1_db',
  user: '2526-cs7025-group1',
  password: 'yUDpZFKQlGaSqDyC'
}
20
23
[ { liked: 'FALSE' } ]
FALSE
DBCONFIG {
  host: 'mariadb_2526-cs7025-group1',
  database: '2526-cs7025-group1_db',
  user: '2526-cs7025-group1',
  password: 'yUDpZFKQlGaSqDyC'
}
Session {
  cookie: {
    path: '/',
    _expires: null,
    originalMaxAge: null,
    httpOnly: true,
    secure: false
  },
  user: {
    user_id: 23,
    username: 'servertest',
    password: 'test',
    creation_date: '2026-04-20T08:43:07.000Z',
    fav_genres: '25'
  }
}
DBCONFIG {
  host: 'mariadb_2526-cs7025-group1',
  database: '2526-cs7025-group1_db',
  user: '2526-cs7025-group1',
  password: 'yUDpZFKQlGaSqDyC'
}
20
23
[ { liked: 'TRUE' } ]
TRUE
beans the whole way down
DBCONFIG {
  host: 'mariadb_2526-cs7025-group1',
  database: '2526-cs7025-group1_db',
  user: '2526-cs7025-group1',
  password: 'yUDpZFKQlGaSqDyC'
}
Session {
  cookie: {
    path: '/',
    _expires: null,
    originalMaxAge: null,
    httpOnly: true,
    secure: false
  },
  user: {
    user_id: 23,
    username: 'servertest',
    password: 'test',
    creation_date: '2026-04-20T08:43:07.000Z',
    fav_genres: '25'
  }
}
DBCONFIG {
  host: 'mariadb_2526-cs7025-group1',
  database: '2526-cs7025-group1_db',
  user: '2526-cs7025-group1',
  password: 'yUDpZFKQlGaSqDyC'
}
20
23
[ { liked: 'FALSE' } ]
FALSE
DBCONFIG {
  host: 'mariadb_2526-cs7025-group1',
  database: '2526-cs7025-group1_db',
  user: '2526-cs7025-group1',
  password: 'yUDpZFKQlGaSqDyC'
}
Session {
  cookie: {
    path: '/',
    _expires: null,
    originalMaxAge: null,
    httpOnly: true,
    secure: false
  },
  user: {
    user_id: 23,
    username: 'servertest',
    password: 'test',
    creation_date: '2026-04-20T08:43:07.000Z',
    fav_genres: '25'
  }
}
DBCONFIG {
  host: 'mariadb_2526-cs7025-group1',
  database: '2526-cs7025-group1_db',
  user: '2526-cs7025-group1',
  password: 'yUDpZFKQlGaSqDyC'
}
20
23
[ { liked: 'TRUE' } ]
TRUE
beans the whole way down
DBCONFIG {
  host: 'mariadb_2526-cs7025-group1',
  database: '2526-cs7025-group1_db',
  user: '2526-cs7025-group1',
  password: 'yUDpZFKQlGaSqDyC'
}
Session {
  cookie: {
    path: '/',
    _expires: null,
    originalMaxAge: null,
    httpOnly: true,
    secure: false
  },
  user: {
    user_id: 23,
    username: 'servertest',
    password: 'test',
    creation_date: '2026-04-20T08:43:07.000Z',
    fav_genres: '25'
  }
}
DBCONFIG {
  host: 'mariadb_2526-cs7025-group1',
  database: '2526-cs7025-group1_db',
  user: '2526-cs7025-group1',
  password: 'yUDpZFKQlGaSqDyC'
}
20
23
[ { liked: 'FALSE' } ]
FALSE
DBCONFIG {
  host: 'mariadb_2526-cs7025-group1',
  database: '2526-cs7025-group1_db',
  user: '2526-cs7025-group1',
  password: 'yUDpZFKQlGaSqDyC'
}
Session {
  cookie: {
    path: '/',
    _expires: null,
    originalMaxAge: null,
    httpOnly: true,
    secure: false
  },
  user: {
    user_id: 23,
    username: 'servertest',
    password: 'test',
    creation_date: '2026-04-20T08:43:07.000Z',
    fav_genres: '25'
  }
}
DBCONFIG {
  host: 'mariadb_2526-cs7025-group1',
  database: '2526-cs7025-group1_db',
  user: '2526-cs7025-group1',
  password: 'yUDpZFKQlGaSqDyC'
}
20
23
[ { liked: 'TRUE' } ]
TRUE
beans the whole way down
DBCONFIG {
  host: 'mariadb_2526-cs7025-group1',
  database: '2526-cs7025-group1_db',
  user: '2526-cs7025-group1',
  password: 'yUDpZFKQlGaSqDyC'
}
Session {
  cookie: {
    path: '/',
    _expires: null,
    originalMaxAge: null,
    httpOnly: true,
    secure: false
  },
  user: {
    user_id: 23,
    username: 'servertest',
    password: 'test',
    creation_date: '2026-04-20T08:43:07.000Z',
    fav_genres: '25'
  }
}
DBCONFIG {
  host: 'mariadb_2526-cs7025-group1',
  database: '2526-cs7025-group1_db',
  user: '2526-cs7025-group1',
  password: 'yUDpZFKQlGaSqDyC'
}
20
23
[ { liked: 'FALSE' } ]
FALSE
DBCONFIG {
  host: 'mariadb_2526-cs7025-group1',
  database: '2526-cs7025-group1_db',
  user: '2526-cs7025-group1',
  password: 'yUDpZFKQlGaSqDyC'
}
[32m[nodemon] restarting due to changes...[39m
[32m[nodemon] starting `node ./index.js localhost 3000`[39m
[dotenv@17.3.1] injecting env (5) from .env -- tip: ⚙️  write to custom object with { processEnv: myObject }
[dotenv@17.3.1] injecting env (0) from .env -- tip: ⚙️  specify custom .env file path with { path: '/custom/path/.env' }
Server running on http://localhost:3000
DBCONFIG {
  host: 'mariadb_2526-cs7025-group1',
  database: '2526-cs7025-group1_db',
  user: '2526-cs7025-group1',
  password: 'yUDpZFKQlGaSqDyC'
}
Recommended Posts: []
DBCONFIG {
  host: 'mariadb_2526-cs7025-group1',
  database: '2526-cs7025-group1_db',
  user: '2526-cs7025-group1',
  password: 'yUDpZFKQlGaSqDyC'
}
DBCONFIG {
  host: 'mariadb_2526-cs7025-group1',
  database: '2526-cs7025-group1_db',
  user: '2526-cs7025-group1',
  password: 'yUDpZFKQlGaSqDyC'
}
Recommended Posts: [
  {
    post_id: 20,
    post_title: 'HELP THERES TOO MANY BEANS',
    post_body: 'I WOKE UP THIS MORNING MY WHOLE BODY IS BEANS',
    game_id: 500,
    user_id: 6,
    post_date: 2026-03-22T17:04:42.000Z,
    image_path: '9a7852f2-6644-4468-b698-130343f5ab7b.webp',
    game_name: 'Ryse: Son of Rome',
    username: 'beansallthewaydown',
    like_count: 2
  }
]
Session {
  cookie: {
    path: '/',
    _expires: null,
    originalMaxAge: null,
    httpOnly: true,
    secure: false
  },
  user: {
    user_id: 23,
    username: 'servertest',
    password: 'test',
    creation_date: '2026-04-20T08:43:07.000Z',
    fav_genres: '25'
  }
}
DBCONFIG {
  host: 'mariadb_2526-cs7025-group1',
  database: '2526-cs7025-group1_db',
  user: '2526-cs7025-group1',
  password: 'yUDpZFKQlGaSqDyC'
}
20
23
[ { liked: 'TRUE' } ]
TRUE
beans the whole way down
DBCONFIG {
  host: 'mariadb_2526-cs7025-group1',
  database: '2526-cs7025-group1_db',
  user: '2526-cs7025-group1',
  password: 'yUDpZFKQlGaSqDyC'
}
DBCONFIG {
  host: 'mariadb_2526-cs7025-group1',
  database: '2526-cs7025-group1_db',
  user: '2526-cs7025-group1',
  password: 'yUDpZFKQlGaSqDyC'
}
DBCONFIG {
  host: 'mariadb_2526-cs7025-group1',
  database: '2526-cs7025-group1_db',
  user: '2526-cs7025-group1',
  password: 'yUDpZFKQlGaSqDyC'
}
Recommended Posts: [
  {
    post_id: 20,
    post_title: 'HELP THERES TOO MANY BEANS',
    post_body: 'I WOKE UP THIS MORNING MY WHOLE BODY IS BEANS',
    game_id: 500,
    user_id: 6,
    post_date: 2026-03-22T17:04:42.000Z,
    image_path: '9a7852f2-6644-4468-b698-130343f5ab7b.webp',
    game_name: 'Ryse: Son of Rome',
    username: 'beansallthewaydown',
    like_count: 1
  }
]
Session {
  cookie: {
    path: '/',
    _expires: null,
    originalMaxAge: null,
    httpOnly: true,
    secure: false
  },
  user: {
    user_id: 23,
    username: 'servertest',
    password: 'test',
    creation_date: '2026-04-20T08:43:07.000Z',
    fav_genres: '25'
  }
}
DBCONFIG {
  host: 'mariadb_2526-cs7025-group1',
  database: '2526-cs7025-group1_db',
  user: '2526-cs7025-group1',
  password: 'yUDpZFKQlGaSqDyC'
}
20
23
[ { liked: 'FALSE' } ]
FALSE
DBCONFIG {
  host: 'mariadb_2526-cs7025-group1',
  database: '2526-cs7025-group1_db',
  user: '2526-cs7025-group1',
  password: 'yUDpZFKQlGaSqDyC'
}
DBCONFIG {
  host: 'mariadb_2526-cs7025-group1',
  database: '2526-cs7025-group1_db',
  user: '2526-cs7025-group1',
  password: 'yUDpZFKQlGaSqDyC'
}
DBCONFIG {
  host: 'mariadb_2526-cs7025-group1',
  database: '2526-cs7025-group1_db',
  user: '2526-cs7025-group1',
  password: 'yUDpZFKQlGaSqDyC'
}
Recommended Posts: [
  {
    post_id: 20,
    post_title: 'HELP THERES TOO MANY BEANS',
    post_body: 'I WOKE UP THIS MORNING MY WHOLE BODY IS BEANS',
    game_id: 500,
    user_id: 6,
    post_date: 2026-03-22T17:04:42.000Z,
    image_path: '9a7852f2-6644-4468-b698-130343f5ab7b.webp',
    game_name: 'Ryse: Son of Rome',
    username: 'beansallthewaydown',
    like_count: 2
  }
]
Session {
  cookie: {
    path: '/',
    _expires: null,
    originalMaxAge: null,
    httpOnly: true,
    secure: false
  },
  user: {
    user_id: 23,
    username: 'servertest',
    password: 'test',
    creation_date: '2026-04-20T08:43:07.000Z',
    fav_genres: '25'
  }
}
DBCONFIG {
  host: 'mariadb_2526-cs7025-group1',
  database: '2526-cs7025-group1_db',
  user: '2526-cs7025-group1',
  password: 'yUDpZFKQlGaSqDyC'
}
20
23
[ { liked: 'TRUE' } ]
TRUE
beans the whole way down
DBCONFIG {
  host: 'mariadb_2526-cs7025-group1',
  database: '2526-cs7025-group1_db',
  user: '2526-cs7025-group1',
  password: 'yUDpZFKQlGaSqDyC'
}
DBCONFIG {
  host: 'mariadb_2526-cs7025-group1',
  database: '2526-cs7025-group1_db',
  user: '2526-cs7025-group1',
  password: 'yUDpZFKQlGaSqDyC'
}
DBCONFIG {
  host: 'mariadb_2526-cs7025-group1',
  database: '2526-cs7025-group1_db',
  user: '2526-cs7025-group1',
  password: 'yUDpZFKQlGaSqDyC'
}
Recommended Posts: [
  {
    post_id: 20,
    post_title: 'HELP THERES TOO MANY BEANS',
    post_body: 'I WOKE UP THIS MORNING MY WHOLE BODY IS BEANS',
    game_id: 500,
    user_id: 6,
    post_date: 2026-03-22T17:04:42.000Z,
    image_path: '9a7852f2-6644-4468-b698-130343f5ab7b.webp',
    game_name: 'Ryse: Son of Rome',
    username: 'beansallthewaydown',
    like_count: 1
  }
]
Session {
  cookie: {
    path: '/',
    _expires: null,
    originalMaxAge: null,
    httpOnly: true,
    secure: false
  },
  user: {
    user_id: 23,
    username: 'servertest',
    password: 'test',
    creation_date: '2026-04-20T08:43:07.000Z',
    fav_genres: '25'
  }
}
DBCONFIG {
  host: 'mariadb_2526-cs7025-group1',
  database: '2526-cs7025-group1_db',
  user: '2526-cs7025-group1',
  password: 'yUDpZFKQlGaSqDyC'
}
20
23
[ { liked: 'FALSE' } ]
FALSE
DBCONFIG {
  host: 'mariadb_2526-cs7025-group1',
  database: '2526-cs7025-group1_db',
  user: '2526-cs7025-group1',
  password: 'yUDpZFKQlGaSqDyC'
}
DBCONFIG {
  host: 'mariadb_2526-cs7025-group1',
  database: '2526-cs7025-group1_db',
  user: '2526-cs7025-group1',
  password: 'yUDpZFKQlGaSqDyC'
}
DBCONFIG {
  host: 'mariadb_2526-cs7025-group1',
  database: '2526-cs7025-group1_db',
  user: '2526-cs7025-group1',
  password: 'yUDpZFKQlGaSqDyC'
}
Recommended Posts: [
  {
    post_id: 20,
    post_title: 'HELP THERES TOO MANY BEANS',
    post_body: 'I WOKE UP THIS MORNING MY WHOLE BODY IS BEANS',
    game_id: 500,
    user_id: 6,
    post_date: 2026-03-22T17:04:42.000Z,
    image_path: '9a7852f2-6644-4468-b698-130343f5ab7b.webp',
    game_name: 'Ryse: Son of Rome',
    username: 'beansallthewaydown',
    like_count: 2
  }
]
Session {
  cookie: {
    path: '/',
    _expires: null,
    originalMaxAge: null,
    httpOnly: true,
    secure: false
  },
  user: {
    user_id: 23,
    username: 'servertest',
    password: 'test',
    creation_date: '2026-04-20T08:43:07.000Z',
    fav_genres: '25'
  }
}
DBCONFIG {
  host: 'mariadb_2526-cs7025-group1',
  database: '2526-cs7025-group1_db',
  user: '2526-cs7025-group1',
  password: 'yUDpZFKQlGaSqDyC'
}
20
23
[ { liked: 'TRUE' } ]
TRUE
beans the whole way down
DBCONFIG {
  host: 'mariadb_2526-cs7025-group1',
  database: '2526-cs7025-group1_db',
  user: '2526-cs7025-group1',
  password: 'yUDpZFKQlGaSqDyC'
}
DBCONFIG {
  host: 'mariadb_2526-cs7025-group1',
  database: '2526-cs7025-group1_db',
  user: '2526-cs7025-group1',
  password: 'yUDpZFKQlGaSqDyC'
}
DBCONFIG {
  host: 'mariadb_2526-cs7025-group1',
  database: '2526-cs7025-group1_db',
  user: '2526-cs7025-group1',
  password: 'yUDpZFKQlGaSqDyC'
}
Recommended Posts: [
  {
    post_id: 20,
    post_title: 'HELP THERES TOO MANY BEANS',
    post_body: 'I WOKE UP THIS MORNING MY WHOLE BODY IS BEANS',
    game_id: 500,
    user_id: 6,
    post_date: 2026-03-22T17:04:42.000Z,
    image_path: '9a7852f2-6644-4468-b698-130343f5ab7b.webp',
    game_name: 'Ryse: Son of Rome',
    username: 'beansallthewaydown',
    like_count: 1
  }
]
Session {
  cookie: {
    path: '/',
    _expires: null,
    originalMaxAge: null,
    httpOnly: true,
    secure: false
  },
  user: {
    user_id: 23,
    username: 'servertest',
    password: 'test',
    creation_date: '2026-04-20T08:43:07.000Z',
    fav_genres: '25'
  }
}
DBCONFIG {
  host: 'mariadb_2526-cs7025-group1',
  database: '2526-cs7025-group1_db',
  user: '2526-cs7025-group1',
  password: 'yUDpZFKQlGaSqDyC'
}
20
23
[ { liked: 'FALSE' } ]
FALSE
DBCONFIG {
  host: 'mariadb_2526-cs7025-group1',
  database: '2526-cs7025-group1_db',
  user: '2526-cs7025-group1',
  password: 'yUDpZFKQlGaSqDyC'
}
DBCONFIG {
  host: 'mariadb_2526-cs7025-group1',
  database: '2526-cs7025-group1_db',
  user: '2526-cs7025-group1',
  password: 'yUDpZFKQlGaSqDyC'
}
DBCONFIG {
  host: 'mariadb_2526-cs7025-group1',
  database: '2526-cs7025-group1_db',
  user: '2526-cs7025-group1',
  password: 'yUDpZFKQlGaSqDyC'
}
Recommended Posts: [
  {
    post_id: 20,
    post_title: 'HELP THERES TOO MANY BEANS',
    post_body: 'I WOKE UP THIS MORNING MY WHOLE BODY IS BEANS',
    game_id: 500,
    user_id: 6,
    post_date: 2026-03-22T17:04:42.000Z,
    image_path: '9a7852f2-6644-4468-b698-130343f5ab7b.webp',
    game_name: 'Ryse: Son of Rome',
    username: 'beansallthewaydown',
    like_count: 2
  }
]
Session {
  cookie: {
    path: '/',
    _expires: null,
    originalMaxAge: null,
    httpOnly: true,
    secure: false
  },
  user: {
    user_id: 23,
    username: 'servertest',
    password: 'test',
    creation_date: '2026-04-20T08:43:07.000Z',
    fav_genres: '25'
  }
}
DBCONFIG {
  host: 'mariadb_2526-cs7025-group1',
  database: '2526-cs7025-group1_db',
  user: '2526-cs7025-group1',
  password: 'yUDpZFKQlGaSqDyC'
}
20
23
[ { liked: 'TRUE' } ]
TRUE
beans the whole way down
DBCONFIG {
  host: 'mariadb_2526-cs7025-group1',
  database: '2526-cs7025-group1_db',
  user: '2526-cs7025-group1',
  password: 'yUDpZFKQlGaSqDyC'
}
DBCONFIG {
  host: 'mariadb_2526-cs7025-group1',
  database: '2526-cs7025-group1_db',
  user: '2526-cs7025-group1',
  password: 'yUDpZFKQlGaSqDyC'
}
DBCONFIG {
  host: 'mariadb_2526-cs7025-group1',
  database: '2526-cs7025-group1_db',
  user: '2526-cs7025-group1',
  password: 'yUDpZFKQlGaSqDyC'
}
Recommended Posts: [
  {
    post_id: 20,
    post_title: 'HELP THERES TOO MANY BEANS',
    post_body: 'I WOKE UP THIS MORNING MY WHOLE BODY IS BEANS',
    game_id: 500,
    user_id: 6,
    post_date: 2026-03-22T17:04:42.000Z,
    image_path: '9a7852f2-6644-4468-b698-130343f5ab7b.webp',
    game_name: 'Ryse: Son of Rome',
    username: 'beansallthewaydown',
    like_count: 1
  }
]
Session {
  cookie: {
    path: '/',
    _expires: null,
    originalMaxAge: null,
    httpOnly: true,
    secure: false
  },
  user: {
    user_id: 23,
    username: 'servertest',
    password: 'test',
    creation_date: '2026-04-20T08:43:07.000Z',
    fav_genres: '25'
  }
}
DBCONFIG {
  host: 'mariadb_2526-cs7025-group1',
  database: '2526-cs7025-group1_db',
  user: '2526-cs7025-group1',
  password: 'yUDpZFKQlGaSqDyC'
}
20
23
[ { liked: 'FALSE' } ]
FALSE
DBCONFIG {
  host: 'mariadb_2526-cs7025-group1',
  database: '2526-cs7025-group1_db',
  user: '2526-cs7025-group1',
  password: 'yUDpZFKQlGaSqDyC'
}
[32m[nodemon] restarting due to changes...[39m
[32m[nodemon] starting `node ./index.js localhost 3000`[39m
[dotenv@17.3.1] injecting env (5) from .env -- tip: 🔐 encrypt with Dotenvx: https://dotenvx.com
[dotenv@17.3.1] injecting env (0) from .env -- tip: ⚙️  suppress all logs with { quiet: true }
Server running on http://localhost:3000
DBCONFIG {
  host: 'mariadb_2526-cs7025-group1',
  database: '2526-cs7025-group1_db',
  user: '2526-cs7025-group1',
  password: 'yUDpZFKQlGaSqDyC'
}
Recommended Posts: []
DBCONFIG {
  host: 'mariadb_2526-cs7025-group1',
  database: '2526-cs7025-group1_db',
  user: '2526-cs7025-group1',
  password: 'yUDpZFKQlGaSqDyC'
}
DBCONFIG {
  host: 'mariadb_2526-cs7025-group1',
  database: '2526-cs7025-group1_db',
  user: '2526-cs7025-group1',
  password: 'yUDpZFKQlGaSqDyC'
}
Recommended Posts: [
  {
    post_id: 20,
    post_title: 'HELP THERES TOO MANY BEANS',
    post_body: 'I WOKE UP THIS MORNING MY WHOLE BODY IS BEANS',
    game_id: 500,
    user_id: 6,
    post_date: 2026-03-22T17:04:42.000Z,
    image_path: '9a7852f2-6644-4468-b698-130343f5ab7b.webp',
    game_name: 'Ryse: Son of Rome',
    username: 'beansallthewaydown',
    like_count: 2
  }
]
Session {
  cookie: {
    path: '/',
    _expires: null,
    originalMaxAge: null,
    httpOnly: true,
    secure: false
  },
  user: {
    user_id: 23,
    username: 'servertest',
    password: 'test',
    creation_date: '2026-04-20T08:43:07.000Z',
    fav_genres: '25'
  }
}
DBCONFIG {
  host: 'mariadb_2526-cs7025-group1',
  database: '2526-cs7025-group1_db',
  user: '2526-cs7025-group1',
  password: 'yUDpZFKQlGaSqDyC'
}
20
23
[ { liked: 'TRUE' } ]
TRUE
beans the whole way down
DBCONFIG {
  host: 'mariadb_2526-cs7025-group1',
  database: '2526-cs7025-group1_db',
  user: '2526-cs7025-group1',
  password: 'yUDpZFKQlGaSqDyC'
}
Session {
  cookie: {
    path: '/',
    _expires: null,
    originalMaxAge: null,
    httpOnly: true,
    secure: false
  },
  user: {
    user_id: 23,
    username: 'servertest',
    password: 'test',
    creation_date: '2026-04-20T08:43:07.000Z',
    fav_genres: '25'
  }
}
DBCONFIG {
  host: 'mariadb_2526-cs7025-group1',
  database: '2526-cs7025-group1_db',
  user: '2526-cs7025-group1',
  password: 'yUDpZFKQlGaSqDyC'
}
20
23
[ { liked: 'FALSE' } ]
FALSE
DBCONFIG {
  host: 'mariadb_2526-cs7025-group1',
  database: '2526-cs7025-group1_db',
  user: '2526-cs7025-group1',
  password: 'yUDpZFKQlGaSqDyC'
}
[32m[nodemon] restarting due to changes...[39m
[32m[nodemon] starting `node ./index.js localhost 3000`[39m
[32m[nodemon] restarting due to changes...[39m
[32m[nodemon] starting `node ./index.js localhost 3000`[39m
[dotenv@17.3.1] injecting env (5) from .env -- tip: ⚙️  override existing env vars with { override: true }
[dotenv@17.3.1] injecting env (0) from .env -- tip: ⚙️  enable debug logging with { debug: true }
Server running on http://localhost:3000
[32m[nodemon] restarting due to changes...[39m
[32m[nodemon] starting `node ./index.js localhost 3000`[39m
node:internal/modules/cjs/loader:1458
  throw err;
  ^

Error: Cannot find module 'body-parser'
Require stack:
- /app/index.js
    at Module._resolveFilename (node:internal/modules/cjs/loader:1455:15)
    at defaultResolveImpl (node:internal/modules/cjs/loader:1065:19)
    at resolveForCJSWithHooks (node:internal/modules/cjs/loader:1070:22)
    at Module._load (node:internal/modules/cjs/loader:1241:25)
    at wrapModuleLoad (node:internal/modules/cjs/loader:255:19)
    at Module.require (node:internal/modules/cjs/loader:1555:12)
    at require (node:internal/modules/helpers:152:16)
    at Object.<anonymous> (/app/index.js:3:20)
    at Module._compile (node:internal/modules/cjs/loader:1811:14)
    at Object..js (node:internal/modules/cjs/loader:1942:10) {
  code: 'MODULE_NOT_FOUND',
  requireStack: [ '/app/index.js' ]
}

Node.js v25.6.1
[31m[nodemon] app crashed - waiting for file changes before starting...[39m
[32m[nodemon] restarting due to changes...[39m
[32m[nodemon] starting `node ./index.js localhost 3000`[39m
node:internal/modules/cjs/loader:1458
  throw err;
  ^

Error: Cannot find module 'body-parser'
Require stack:
- /app/index.js
    at Module._resolveFilename (node:internal/modules/cjs/loader:1455:15)
    at defaultResolveImpl (node:internal/modules/cjs/loader:1065:19)
    at resolveForCJSWithHooks (node:internal/modules/cjs/loader:1070:22)
    at Module._load (node:internal/modules/cjs/loader:1241:25)
    at wrapModuleLoad (node:internal/modules/cjs/loader:255:19)
    at Module.require (node:internal/modules/cjs/loader:1555:12)
    at require (node:internal/modules/helpers:152:16)
    at Object.<anonymous> (/app/index.js:3:20)
    at Module._compile (node:internal/modules/cjs/loader:1811:14)
    at Object..js (node:internal/modules/cjs/loader:1942:10) {
  code: 'MODULE_NOT_FOUND',
  requireStack: [ '/app/index.js' ]
}

Node.js v25.6.1
[31m[nodemon] app crashed - waiting for file changes before starting...[39m
[32m[nodemon] restarting due to changes...[39m
[32m[nodemon] starting `node ./index.js localhost 3000`[39m
node:internal/modules/cjs/loader:1458
  throw err;
  ^

Error: Cannot find module 'body-parser'
Require stack:
- /app/index.js
    at Module._resolveFilename (node:internal/modules/cjs/loader:1455:15)
    at defaultResolveImpl (node:internal/modules/cjs/loader:1065:19)
    at resolveForCJSWithHooks (node:internal/modules/cjs/loader:1070:22)
    at Module._load (node:internal/modules/cjs/loader:1241:25)
    at wrapModuleLoad (node:internal/modules/cjs/loader:255:19)
    at Module.require (node:internal/modules/cjs/loader:1555:12)
    at require (node:internal/modules/helpers:152:16)
    at Object.<anonymous> (/app/index.js:3:20)
    at Module._compile (node:internal/modules/cjs/loader:1811:14)
    at Object..js (node:internal/modules/cjs/loader:1942:10) {
  code: 'MODULE_NOT_FOUND',
  requireStack: [ '/app/index.js' ]
}

Node.js v25.6.1
[31m[nodemon] app crashed - waiting for file changes before starting...[39m
[32m[nodemon] restarting due to changes...[39m
[32m[nodemon] starting `node ./index.js localhost 3000`[39m
node:internal/modules/cjs/loader:1458
  throw err;
  ^

Error: Cannot find module 'body-parser'
Require stack:
- /app/index.js
    at Module._resolveFilename (node:internal/modules/cjs/loader:1455:15)
    at defaultResolveImpl (node:internal/modules/cjs/loader:1065:19)
    at resolveForCJSWithHooks (node:internal/modules/cjs/loader:1070:22)
    at Module._load (node:internal/modules/cjs/loader:1241:25)
    at wrapModuleLoad (node:internal/modules/cjs/loader:255:19)
    at Module.require (node:internal/modules/cjs/loader:1555:12)
    at require (node:internal/modules/helpers:152:16)
    at Object.<anonymous> (/app/index.js:3:20)
    at Module._compile (node:internal/modules/cjs/loader:1811:14)
    at Object..js (node:internal/modules/cjs/loader:1942:10) {
  code: 'MODULE_NOT_FOUND',
  requireStack: [ '/app/index.js' ]
}

Node.js v25.6.1
[31m[nodemon] app crashed - waiting for file changes before starting...[39m
[32m[nodemon] restarting due to changes...[39m
[32m[nodemon] starting `node ./index.js localhost 3000`[39m
◇ injected env (5) from .env // tip: ⌘ multiple files { path: ['.env.local', '.env'] }
◇ injected env (0) from .env // tip: ◈ secrets for agents [www.dotenvx.com]
Server running on http://localhost:3000
DBCONFIG {
  host: 'mariadb_2526-cs7025-group1',
  database: '2526-cs7025-group1_db',
  user: '2526-cs7025-group1',
  password: 'yUDpZFKQlGaSqDyC'
}
Recommended Posts: []
DBCONFIG {
  host: 'mariadb_2526-cs7025-group1',
  database: '2526-cs7025-group1_db',
  user: '2526-cs7025-group1',
  password: 'yUDpZFKQlGaSqDyC'
}
Recommended Posts: []
DBCONFIG {
  host: 'mariadb_2526-cs7025-group1',
  database: '2526-cs7025-group1_db',
  user: '2526-cs7025-group1',
  password: 'yUDpZFKQlGaSqDyC'
}
Recommended Posts: []
[32m[nodemon] restarting due to changes...[39m
[32m[nodemon] starting `node ./index.js localhost 3000`[39m
◇ injected env (5) from .env // tip: ⌘ multiple files { path: ['.env.local', '.env'] }
◇ injected env (0) from .env // tip: ⌘ multiple files { path: ['.env.local', '.env'] }
Server running on http://localhost:3000
[32m[nodemon] restarting due to changes...[39m
[32m[nodemon] starting `node ./index.js localhost 3000`[39m
◇ injected env (5) from .env // tip: ⌁ auth for agents [www.vestauth.com]
◇ injected env (0) from .env // tip: ◈ secrets for agents [www.dotenvx.com]
Server running on http://localhost:3000
DBCONFIG {
  host: 'mariadb_2526-cs7025-group1',
  database: '2526-cs7025-group1_db',
  user: '2526-cs7025-group1',
  password: 'yUDpZFKQlGaSqDyC'
}
DBCONFIG {
  host: 'mariadb_2526-cs7025-group1',
  database: '2526-cs7025-group1_db',
  user: '2526-cs7025-group1',
  password: 'yUDpZFKQlGaSqDyC'
}
Recommended Posts: [
  {
    post_id: 20,
    post_title: 'HELP THERES TOO MANY BEANS',
    post_body: 'I WOKE UP THIS MORNING MY WHOLE BODY IS BEANS',
    game_id: 500,
    user_id: 6,
    post_date: 2026-03-22T17:04:42.000Z,
    image_path: '9a7852f2-6644-4468-b698-130343f5ab7b.webp',
    game_name: 'Ryse: Son of Rome',
    username: 'beansallthewaydown',
    like_count: 2
  }
]
Session {
  cookie: {
    path: '/',
    _expires: null,
    originalMaxAge: null,
    httpOnly: true,
    secure: false
  },
  user: {
    user_id: 23,
    username: 'servertest',
    password: 'test',
    creation_date: '2026-04-20T08:43:07.000Z',
    fav_genres: '25'
  }
}
DBCONFIG {
  host: 'mariadb_2526-cs7025-group1',
  database: '2526-cs7025-group1_db',
  user: '2526-cs7025-group1',
  password: 'yUDpZFKQlGaSqDyC'
}
20
23
[ { liked: 'TRUE' } ]
TRUE
beans the whole way down
DBCONFIG {
  host: 'mariadb_2526-cs7025-group1',
  database: '2526-cs7025-group1_db',
  user: '2526-cs7025-group1',
  password: 'yUDpZFKQlGaSqDyC'
}
Session {
  cookie: {
    path: '/',
    _expires: null,
    originalMaxAge: null,
    httpOnly: true,
    secure: false
  },
  user: {
    user_id: 23,
    username: 'servertest',
    password: 'test',
    creation_date: '2026-04-20T08:43:07.000Z',
    fav_genres: '25'
  }
}
DBCONFIG {
  host: 'mariadb_2526-cs7025-group1',
  database: '2526-cs7025-group1_db',
  user: '2526-cs7025-group1',
  password: 'yUDpZFKQlGaSqDyC'
}
20
23
[ { liked: 'FALSE' } ]
FALSE
DBCONFIG {
  host: 'mariadb_2526-cs7025-group1',
  database: '2526-cs7025-group1_db',
  user: '2526-cs7025-group1',
  password: 'yUDpZFKQlGaSqDyC'
}
DBCONFIG {
  host: 'mariadb_2526-cs7025-group1',
  database: '2526-cs7025-group1_db',
  user: '2526-cs7025-group1',
  password: 'yUDpZFKQlGaSqDyC'
}
DBCONFIG {
  host: 'mariadb_2526-cs7025-group1',
  database: '2526-cs7025-group1_db',
  user: '2526-cs7025-group1',
  password: 'yUDpZFKQlGaSqDyC'
}
Recommended Posts: [
  {
    post_id: 20,
    post_title: 'HELP THERES TOO MANY BEANS',
    post_body: 'I WOKE UP THIS MORNING MY WHOLE BODY IS BEANS',
    game_id: 500,
    user_id: 6,
    post_date: 2026-03-22T17:04:42.000Z,
    image_path: '9a7852f2-6644-4468-b698-130343f5ab7b.webp',
    game_name: 'Ryse: Son of Rome',
    username: 'beansallthewaydown',
    like_count: 2
  }
]
Session {
  cookie: {
    path: '/',
    _expires: null,
    originalMaxAge: null,
    httpOnly: true,
    secure: false
  },
  user: {
    user_id: 23,
    username: 'servertest',
    password: 'test',
    creation_date: '2026-04-20T08:43:07.000Z',
    fav_genres: '25'
  }
}
DBCONFIG {
  host: 'mariadb_2526-cs7025-group1',
  database: '2526-cs7025-group1_db',
  user: '2526-cs7025-group1',
  password: 'yUDpZFKQlGaSqDyC'
}
20
23
[ { liked: 'TRUE' } ]
TRUE
beans the whole way down
DBCONFIG {
  host: 'mariadb_2526-cs7025-group1',
  database: '2526-cs7025-group1_db',
  user: '2526-cs7025-group1',
  password: 'yUDpZFKQlGaSqDyC'
}
DBCONFIG {
  host: 'mariadb_2526-cs7025-group1',
  database: '2526-cs7025-group1_db',
  user: '2526-cs7025-group1',
  password: 'yUDpZFKQlGaSqDyC'
}
DBCONFIG {
  host: 'mariadb_2526-cs7025-group1',
  database: '2526-cs7025-group1_db',
  user: '2526-cs7025-group1',
  password: 'yUDpZFKQlGaSqDyC'
}
Recommended Posts: [
  {
    post_id: 20,
    post_title: 'HELP THERES TOO MANY BEANS',
    post_body: 'I WOKE UP THIS MORNING MY WHOLE BODY IS BEANS',
    game_id: 500,
    user_id: 6,
    post_date: 2026-03-22T17:04:42.000Z,
    image_path: '9a7852f2-6644-4468-b698-130343f5ab7b.webp',
    game_name: 'Ryse: Son of Rome',
    username: 'beansallthewaydown',
    like_count: 1
  }
]
Session {
  cookie: {
    path: '/',
    _expires: null,
    originalMaxAge: null,
    httpOnly: true,
    secure: false
  },
  user: {
    user_id: 23,
    username: 'servertest',
    password: 'test',
    creation_date: '2026-04-20T08:43:07.000Z',
    fav_genres: '25'
  }
}
DBCONFIG {
  host: 'mariadb_2526-cs7025-group1',
  database: '2526-cs7025-group1_db',
  user: '2526-cs7025-group1',
  password: 'yUDpZFKQlGaSqDyC'
}
20
23
[ { liked: 'FALSE' } ]
FALSE
DBCONFIG {
  host: 'mariadb_2526-cs7025-group1',
  database: '2526-cs7025-group1_db',
  user: '2526-cs7025-group1',
  password: 'yUDpZFKQlGaSqDyC'
}
DBCONFIG {
  host: 'mariadb_2526-cs7025-group1',
  database: '2526-cs7025-group1_db',
  user: '2526-cs7025-group1',
  password: 'yUDpZFKQlGaSqDyC'
}
DBCONFIG {
  host: 'mariadb_2526-cs7025-group1',
  database: '2526-cs7025-group1_db',
  user: '2526-cs7025-group1',
  password: 'yUDpZFKQlGaSqDyC'
}
Recommended Posts: [
  {
    post_id: 20,
    post_title: 'HELP THERES TOO MANY BEANS',
    post_body: 'I WOKE UP THIS MORNING MY WHOLE BODY IS BEANS',
    game_id: 500,
    user_id: 6,
    post_date: 2026-03-22T17:04:42.000Z,
    image_path: '9a7852f2-6644-4468-b698-130343f5ab7b.webp',
    game_name: 'Ryse: Son of Rome',
    username: 'beansallthewaydown',
    like_count: 2
  }
]
Session {
  cookie: {
    path: '/',
    _expires: null,
    originalMaxAge: null,
    httpOnly: true,
    secure: false
  },
  user: {
    user_id: 23,
    username: 'servertest',
    password: 'test',
    creation_date: '2026-04-20T08:43:07.000Z',
    fav_genres: '25'
  }
}
DBCONFIG {
  host: 'mariadb_2526-cs7025-group1',
  database: '2526-cs7025-group1_db',
  user: '2526-cs7025-group1',
  password: 'yUDpZFKQlGaSqDyC'
}
21
23
[ { liked: 'FALSE' } ]
FALSE
DBCONFIG {
  host: 'mariadb_2526-cs7025-group1',
  database: '2526-cs7025-group1_db',
  user: '2526-cs7025-group1',
  password: 'yUDpZFKQlGaSqDyC'
}
DBCONFIG {
  host: 'mariadb_2526-cs7025-group1',
  database: '2526-cs7025-group1_db',
  user: '2526-cs7025-group1',
  password: 'yUDpZFKQlGaSqDyC'
}
DBCONFIG {
  host: 'mariadb_2526-cs7025-group1',
  database: '2526-cs7025-group1_db',
  user: '2526-cs7025-group1',
  password: 'yUDpZFKQlGaSqDyC'
}
Recommended Posts: [
  {
    post_id: 20,
    post_title: 'HELP THERES TOO MANY BEANS',
    post_body: 'I WOKE UP THIS MORNING MY WHOLE BODY IS BEANS',
    game_id: 500,
    user_id: 6,
    post_date: 2026-03-22T17:04:42.000Z,
    image_path: '9a7852f2-6644-4468-b698-130343f5ab7b.webp',
    game_name: 'Ryse: Son of Rome',
    username: 'beansallthewaydown',
    like_count: 2
  }
]
[32m[nodemon] restarting due to changes...[39m
[32m[nodemon] starting `node ./index.js localhost 3000`[39m
◇ injected env (5) from .env // tip: ◈ secrets for agents [www.dotenvx.com]
◇ injected env (0) from .env // tip: ⌁ auth for agents [www.vestauth.com]
node:internal/modules/cjs/loader:1458
  throw err;
  ^

Error: Cannot find module 'bcrypt'
Require stack:
- /app/controllers/usercontroller.js
- /app/routes/routes.js
- /app/index.js
    at Module._resolveFilename (node:internal/modules/cjs/loader:1455:15)
    at defaultResolveImpl (node:internal/modules/cjs/loader:1065:19)
    at resolveForCJSWithHooks (node:internal/modules/cjs/loader:1070:22)
    at Module._load (node:internal/modules/cjs/loader:1241:25)
    at wrapModuleLoad (node:internal/modules/cjs/loader:255:19)
    at Module.require (node:internal/modules/cjs/loader:1555:12)
    at require (node:internal/modules/helpers:152:16)
    at Object.<anonymous> (/app/controllers/usercontroller.js:4:16)
    at Module._compile (node:internal/modules/cjs/loader:1811:14)
    at Object..js (node:internal/modules/cjs/loader:1942:10) {
  code: 'MODULE_NOT_FOUND',
  requireStack: [
    '/app/controllers/usercontroller.js',
    '/app/routes/routes.js',
    '/app/index.js'
  ]
}

Node.js v25.6.1
[31m[nodemon] app crashed - waiting for file changes before starting...[39m
[32m[nodemon] restarting due to changes...[39m
[32m[nodemon] starting `node ./index.js localhost 3000`[39m
◇ injected env (5) from .env // tip: ◈ encrypted .env [www.dotenvx.com]
◇ injected env (0) from .env // tip: ⌘ enable debugging { debug: true }
node:internal/modules/cjs/loader:1458
  throw err;
  ^

Error: Cannot find module 'bcrypt'
Require stack:
- /app/controllers/usercontroller.js
- /app/routes/routes.js
- /app/index.js
    at Module._resolveFilename (node:internal/modules/cjs/loader:1455:15)
    at defaultResolveImpl (node:internal/modules/cjs/loader:1065:19)
    at resolveForCJSWithHooks (node:internal/modules/cjs/loader:1070:22)
    at Module._load (node:internal/modules/cjs/loader:1241:25)
    at wrapModuleLoad (node:internal/modules/cjs/loader:255:19)
    at Module.require (node:internal/modules/cjs/loader:1555:12)
    at require (node:internal/modules/helpers:152:16)
    at Object.<anonymous> (/app/controllers/usercontroller.js:4:16)
    at Module._compile (node:internal/modules/cjs/loader:1811:14)
    at Object..js (node:internal/modules/cjs/loader:1942:10) {
  code: 'MODULE_NOT_FOUND',
  requireStack: [
    '/app/controllers/usercontroller.js',
    '/app/routes/routes.js',
    '/app/index.js'
  ]
}

Node.js v25.6.1
[31m[nodemon] app crashed - waiting for file changes before starting...[39m
[32m[nodemon] restarting due to changes...[39m
[32m[nodemon] starting `node ./index.js localhost 3000`[39m
◇ injected env (5) from .env // tip: ⌘ multiple files { path: ['.env.local', '.env'] }
◇ injected env (0) from .env // tip: ⌁ auth for agents [www.vestauth.com]
node:internal/modules/cjs/loader:1458
  throw err;
  ^

Error: Cannot find module 'bcrypt'
Require stack:
- /app/controllers/usercontroller.js
- /app/routes/routes.js
- /app/index.js
    at Module._resolveFilename (node:internal/modules/cjs/loader:1455:15)
    at defaultResolveImpl (node:internal/modules/cjs/loader:1065:19)
    at resolveForCJSWithHooks (node:internal/modules/cjs/loader:1070:22)
    at Module._load (node:internal/modules/cjs/loader:1241:25)
    at wrapModuleLoad (node:internal/modules/cjs/loader:255:19)
    at Module.require (node:internal/modules/cjs/loader:1555:12)
    at require (node:internal/modules/helpers:152:16)
    at Object.<anonymous> (/app/controllers/usercontroller.js:4:16)
    at Module._compile (node:internal/modules/cjs/loader:1811:14)
    at Object..js (node:internal/modules/cjs/loader:1942:10) {
  code: 'MODULE_NOT_FOUND',
  requireStack: [
    '/app/controllers/usercontroller.js',
    '/app/routes/routes.js',
    '/app/index.js'
  ]
}

Node.js v25.6.1
[31m[nodemon] app crashed - waiting for file changes before starting...[39m
[32m[nodemon] restarting due to changes...[39m
[32m[nodemon] starting `node ./index.js localhost 3000`[39m
◇ injected env (5) from .env // tip: ◈ secrets for agents [www.dotenvx.com]
◇ injected env (0) from .env // tip: ⌘ custom filepath { path: '/custom/path/.env' }
node:internal/modules/cjs/loader:1458
  throw err;
  ^

Error: Cannot find module 'bcrypt'
Require stack:
- /app/controllers/usercontroller.js
- /app/routes/routes.js
- /app/index.js
    at Module._resolveFilename (node:internal/modules/cjs/loader:1455:15)
    at defaultResolveImpl (node:internal/modules/cjs/loader:1065:19)
    at resolveForCJSWithHooks (node:internal/modules/cjs/loader:1070:22)
    at Module._load (node:internal/modules/cjs/loader:1241:25)
    at wrapModuleLoad (node:internal/modules/cjs/loader:255:19)
    at Module.require (node:internal/modules/cjs/loader:1555:12)
    at require (node:internal/modules/helpers:152:16)
    at Object.<anonymous> (/app/controllers/usercontroller.js:4:16)
    at Module._compile (node:internal/modules/cjs/loader:1811:14)
    at Object..js (node:internal/modules/cjs/loader:1942:10) {
  code: 'MODULE_NOT_FOUND',
  requireStack: [
    '/app/controllers/usercontroller.js',
    '/app/routes/routes.js',
    '/app/index.js'
  ]
}

Node.js v25.6.1
[31m[nodemon] app crashed - waiting for file changes before starting...[39m
[32m[nodemon] restarting due to changes...[39m
[32m[nodemon] starting `node ./index.js localhost 3000`[39m
◇ injected env (5) from .env // tip: ⌘ multiple files { path: ['.env.local', '.env'] }
◇ injected env (0) from .env // tip: ⌘ enable debugging { debug: true }
node:internal/modules/cjs/loader:1458
  throw err;
  ^

Error: Cannot find module 'bcrypt'
Require stack:
- /app/controllers/usercontroller.js
- /app/routes/routes.js
- /app/index.js
    at Module._resolveFilename (node:internal/modules/cjs/loader:1455:15)
    at defaultResolveImpl (node:internal/modules/cjs/loader:1065:19)
    at resolveForCJSWithHooks (node:internal/modules/cjs/loader:1070:22)
    at Module._load (node:internal/modules/cjs/loader:1241:25)
    at wrapModuleLoad (node:internal/modules/cjs/loader:255:19)
    at Module.require (node:internal/modules/cjs/loader:1555:12)
    at require (node:internal/modules/helpers:152:16)
    at Object.<anonymous> (/app/controllers/usercontroller.js:4:16)
    at Module._compile (node:internal/modules/cjs/loader:1811:14)
    at Object..js (node:internal/modules/cjs/loader:1942:10) {
  code: 'MODULE_NOT_FOUND',
  requireStack: [
    '/app/controllers/usercontroller.js',
    '/app/routes/routes.js',
    '/app/index.js'
  ]
}

Node.js v25.6.1
[31m[nodemon] app crashed - waiting for file changes before starting...[39m
[32m[nodemon] restarting due to changes...[39m
[32m[nodemon] starting `node ./index.js localhost 3000`[39m
◇ injected env (5) from .env // tip: ◈ encrypted .env [www.dotenvx.com]
◇ injected env (0) from .env // tip: ⌁ auth for agents [www.vestauth.com]
node:internal/modules/cjs/loader:1458
  throw err;
  ^

Error: Cannot find module 'bcrypt'
Require stack:
- /app/controllers/usercontroller.js
- /app/routes/routes.js
- /app/index.js
    at Module._resolveFilename (node:internal/modules/cjs/loader:1455:15)
    at defaultResolveImpl (node:internal/modules/cjs/loader:1065:19)
    at resolveForCJSWithHooks (node:internal/modules/cjs/loader:1070:22)
    at Module._load (node:internal/modules/cjs/loader:1241:25)
    at wrapModuleLoad (node:internal/modules/cjs/loader:255:19)
    at Module.require (node:internal/modules/cjs/loader:1555:12)
    at require (node:internal/modules/helpers:152:16)
    at Object.<anonymous> (/app/controllers/usercontroller.js:4:16)
    at Module._compile (node:internal/modules/cjs/loader:1811:14)
    at Object..js (node:internal/modules/cjs/loader:1942:10) {
  code: 'MODULE_NOT_FOUND',
  requireStack: [
    '/app/controllers/usercontroller.js',
    '/app/routes/routes.js',
    '/app/index.js'
  ]
}

Node.js v25.6.1
[31m[nodemon] app crashed - waiting for file changes before starting...[39m
[32m[nodemon] restarting due to changes...[39m
[32m[nodemon] starting `node ./index.js localhost 3000`[39m
[32m[nodemon] restarting due to changes...[39m
[32m[nodemon] starting `node ./index.js localhost 3000`[39m
◇ injected env (5) from .env // tip: ◈ encrypted .env [www.dotenvx.com]
◇ injected env (0) from .env // tip: ⌘ enable debugging { debug: true }
Server running on http://localhost:3000
[32m[nodemon] restarting due to changes...[39m
[32m[nodemon] starting `node ./index.js localhost 3000`[39m
◇ injected env (5) from .env // tip: ◈ encrypted .env [www.dotenvx.com]
◇ injected env (0) from .env // tip: ⌁ auth for agents [www.vestauth.com]
Server running on http://localhost:3000
DBCONFIG {
  host: 'mariadb_2526-cs7025-group1',
  database: '2526-cs7025-group1_db',
  user: '2526-cs7025-group1',
  password: 'yUDpZFKQlGaSqDyC'
}
Recommended Posts: []
New user, redirecting to selection page...
Session {
  cookie: {
    path: '/',
    _expires: null,
    originalMaxAge: null,
    httpOnly: true,
    secure: false
  },
  user: {
    user_id: 25,
    username: 'bcrypttest',
    password: '$2b$10$ERQuYY1N7aZB1gA2c82J.O2wx5NCmjsiX/wJwRporzcv4DHd9zkcC',
    creation_date: '2026-04-20T10:29:51.000Z',
    fav_genres: null
  }
}
DBCONFIG {
  host: 'mariadb_2526-cs7025-group1',
  database: '2526-cs7025-group1_db',
  user: '2526-cs7025-group1',
  password: 'yUDpZFKQlGaSqDyC'
}
Session {
  cookie: {
    path: '/',
    _expires: null,
    originalMaxAge: null,
    httpOnly: true,
    secure: false
  },
  user: {
    user_id: 25,
    username: 'bcrypttest',
    password: '$2b$10$ERQuYY1N7aZB1gA2c82J.O2wx5NCmjsiX/wJwRporzcv4DHd9zkcC',
    creation_date: '2026-04-20T10:29:51.000Z',
    fav_genres: null
  }
}
User 25 preference updated to genre 5
User 25 selected favorite genre: 5
DBCONFIG {
  host: 'mariadb_2526-cs7025-group1',
  database: '2526-cs7025-group1_db',
  user: '2526-cs7025-group1',
  password: 'yUDpZFKQlGaSqDyC'
}
DBCONFIG {
  host: 'mariadb_2526-cs7025-group1',
  database: '2526-cs7025-group1_db',
  user: '2526-cs7025-group1',
  password: 'yUDpZFKQlGaSqDyC'
}
Recommended Posts: [
  {
    post_id: 31,
    post_title: 'Testing Bcrypt',
    post_body: 'please god work',
    game_id: 57,
    user_id: 16,
    post_date: 2026-03-28T23:17:43.000Z,
    image_path: null,
    game_name: 'Metal Gear Solid',
    username: 'testtest',
    like_count: 3
  },
  {
    post_id: 25,
    post_title: 'AYO THEY GOT ROBOTS IN THIS FUCKIN GAME???',
    post_body: 'WHAT THE FUCK???',
    game_id: 23,
    user_id: 4,
    post_date: 2026-03-25T11:48:55.000Z,
    image_path: null,
    game_name: 'Fallout: New Vegas',
    username: 'test',
    like_count: 1
  },
  {
    post_id: 24,
    post_title: 'Cyberpunk is a video game',
    post_body: 'it sure is',
    game_id: 72,
    user_id: 4,
    post_date: 2026-03-25T11:42:28.000Z,
    image_path: 'a699a2c1-8519-4375-ae4d-cbe862c364d0.webp',
    game_name: 'Cyberpunk 2077',
    username: 'test',
    like_count: 1
  },
  {
    post_id: 23,
    post_title: 'huigrehuierg',
    post_body: 'geriugherghui',
    game_id: 289,
    user_id: 4,
    post_date: 2026-03-25T11:41:52.000Z,
    image_path: null,
    game_name: 'Borderlands 3',
    username: 'test',
    like_count: 1
  },
  {
    post_id: 19,
    post_title: 'hguherguihreg',
    post_body: 'zcxvzxcvzxcvzxcv',
    game_id: 123,
    user_id: 4,
    post_date: 2026-03-22T17:02:30.000Z,
    image_path: null,
    game_name: 'Call of Duty 2',
    username: 'test',
    like_count: 1
  },
  {
    post_id: 17,
    post_title: 'asfdasdf',
    post_body: 'asdfasdf',
    game_id: 123,
    user_id: 5,
    post_date: 2026-03-20T20:29:54.000Z,
    image_path: null,
    game_name: 'Call of Duty 2',
    username: 'New Test Account 50',
    like_count: 0
  },
  {
    post_id: 16,
    post_title: 'Testing Post With Login',
    post_body: 'Testing post with login. If this works I will remove the user field from form',
    game_id: 149,
    user_id: 4,
    post_date: 2026-03-20T15:06:10.000Z,
    image_path: null,
    game_name: 'Call of Duty: World at War',
    username: 'test',
    like_count: 1
  },
  {
    post_id: 13,
    post_title: '5',
    post_body: '65',
    game_id: 65,
    user_id: 3,
    post_date: 2026-03-19T23:23:58.000Z,
    image_path: null,
    game_name: 'Grand Theft Auto III',
    username: 'testaccount3',
    like_count: 1
  },
  {
    post_id: 12,
    post_title: '2',
    post_body: '1',
    game_id: 1,
    user_id: 1,
    post_date: 2026-03-19T23:22:27.000Z,
    image_path: null,
    game_name: 'Grand Theft Auto V',
    username: 'testaccount',
    like_count: 0
  },
  {
    post_id: 9,
    post_title: '123',
    post_body: '13',
    game_id: 13,
    user_id: 1,
    post_date: 2026-03-19T23:06:52.000Z,
    image_path: null,
    game_name: 'Grand Theft Auto: Vice City',
    username: 'testaccount',
    like_count: 0
  },
  {
    post_id: 8,
    post_title: 'test test 50000',
    post_body: 'among us in real life',
    game_id: 123,
    user_id: 2,
    post_date: 2026-03-19T10:52:24.000Z,
    image_path: null,
    game_name: 'Call of Duty 2',
    username: 'testaccount2',
    like_count: 0
  },
  {
    post_id: 7,
    post_title: 'Test etste stestestset',
    post_body: '123123',
    game_id: 20,
    user_id: 2,
    post_date: 2026-03-19T10:13:09.000Z,
    image_path: null,
    game_name: "Uncharted 4: A Thief's End",
    username: 'testaccount2',
    like_count: 0
  },
  {
    post_id: 1,
    post_title: 'Test Post',
    post_body: 'Test post body',
    game_id: 1,
    user_id: 1,
    post_date: 2026-03-15T19:36:18.000Z,
    image_path: null,
    game_name: 'Grand Theft Auto V',
    username: 'testaccount',
    like_count: 2
  }
]
Session {
  cookie: {
    path: '/',
    _expires: null,
    originalMaxAge: null,
    httpOnly: true,
    secure: false
  },
  user: {
    user_id: 25,
    username: 'bcrypttest',
    password: '$2b$10$ERQuYY1N7aZB1gA2c82J.O2wx5NCmjsiX/wJwRporzcv4DHd9zkcC',
    creation_date: '2026-04-20T10:29:51.000Z',
    fav_genres: '5'
  }
}
DBCONFIG {
  host: 'mariadb_2526-cs7025-group1',
  database: '2526-cs7025-group1_db',
  user: '2526-cs7025-group1',
  password: 'yUDpZFKQlGaSqDyC'
}
31
25
[ { liked: 'FALSE' } ]
FALSE
DBCONFIG {
  host: 'mariadb_2526-cs7025-group1',
  database: '2526-cs7025-group1_db',
  user: '2526-cs7025-group1',
  password: 'yUDpZFKQlGaSqDyC'
}
Session {
  cookie: {
    path: '/',
    _expires: null,
    originalMaxAge: null,
    httpOnly: true,
    secure: false
  },
  user: {
    user_id: 25,
    username: 'bcrypttest',
    password: '$2b$10$ERQuYY1N7aZB1gA2c82J.O2wx5NCmjsiX/wJwRporzcv4DHd9zkcC',
    creation_date: '2026-04-20T10:29:51.000Z',
    fav_genres: '5'
  }
}
DBCONFIG {
  host: 'mariadb_2526-cs7025-group1',
  database: '2526-cs7025-group1_db',
  user: '2526-cs7025-group1',
  password: 'yUDpZFKQlGaSqDyC'
}
31
25
[ { liked: 'TRUE' } ]
TRUE
beans the whole way down
DBCONFIG {
  host: 'mariadb_2526-cs7025-group1',
  database: '2526-cs7025-group1_db',
  user: '2526-cs7025-group1',
  password: 'yUDpZFKQlGaSqDyC'
}
DBCONFIG {
  host: 'mariadb_2526-cs7025-group1',
  database: '2526-cs7025-group1_db',
  user: '2526-cs7025-group1',
  password: 'yUDpZFKQlGaSqDyC'
}
DBCONFIG {
  host: 'mariadb_2526-cs7025-group1',
  database: '2526-cs7025-group1_db',
  user: '2526-cs7025-group1',
  password: 'yUDpZFKQlGaSqDyC'
}
Recommended Posts: [
  {
    post_id: 31,
    post_title: 'Testing Bcrypt',
    post_body: 'please god work',
    game_id: 57,
    user_id: 16,
    post_date: 2026-03-28T23:17:43.000Z,
    image_path: null,
    game_name: 'Metal Gear Solid',
    username: 'testtest',
    like_count: 3
  },
  {
    post_id: 25,
    post_title: 'AYO THEY GOT ROBOTS IN THIS FUCKIN GAME???',
    post_body: 'WHAT THE FUCK???',
    game_id: 23,
    user_id: 4,
    post_date: 2026-03-25T11:48:55.000Z,
    image_path: null,
    game_name: 'Fallout: New Vegas',
    username: 'test',
    like_count: 1
  },
  {
    post_id: 24,
    post_title: 'Cyberpunk is a video game',
    post_body: 'it sure is',
    game_id: 72,
    user_id: 4,
    post_date: 2026-03-25T11:42:28.000Z,
    image_path: 'a699a2c1-8519-4375-ae4d-cbe862c364d0.webp',
    game_name: 'Cyberpunk 2077',
    username: 'test',
    like_count: 1
  },
  {
    post_id: 23,
    post_title: 'huigrehuierg',
    post_body: 'geriugherghui',
    game_id: 289,
    user_id: 4,
    post_date: 2026-03-25T11:41:52.000Z,
    image_path: null,
    game_name: 'Borderlands 3',
    username: 'test',
    like_count: 1
  },
  {
    post_id: 19,
    post_title: 'hguherguihreg',
    post_body: 'zcxvzxcvzxcvzxcv',
    game_id: 123,
    user_id: 4,
    post_date: 2026-03-22T17:02:30.000Z,
    image_path: null,
    game_name: 'Call of Duty 2',
    username: 'test',
    like_count: 1
  },
  {
    post_id: 17,
    post_title: 'asfdasdf',
    post_body: 'asdfasdf',
    game_id: 123,
    user_id: 5,
    post_date: 2026-03-20T20:29:54.000Z,
    image_path: null,
    game_name: 'Call of Duty 2',
    username: 'New Test Account 50',
    like_count: 0
  },
  {
    post_id: 16,
    post_title: 'Testing Post With Login',
    post_body: 'Testing post with login. If this works I will remove the user field from form',
    game_id: 149,
    user_id: 4,
    post_date: 2026-03-20T15:06:10.000Z,
    image_path: null,
    game_name: 'Call of Duty: World at War',
    username: 'test',
    like_count: 1
  },
  {
    post_id: 13,
    post_title: '5',
    post_body: '65',
    game_id: 65,
    user_id: 3,
    post_date: 2026-03-19T23:23:58.000Z,
    image_path: null,
    game_name: 'Grand Theft Auto III',
    username: 'testaccount3',
    like_count: 1
  },
  {
    post_id: 12,
    post_title: '2',
    post_body: '1',
    game_id: 1,
    user_id: 1,
    post_date: 2026-03-19T23:22:27.000Z,
    image_path: null,
    game_name: 'Grand Theft Auto V',
    username: 'testaccount',
    like_count: 0
  },
  {
    post_id: 9,
    post_title: '123',
    post_body: '13',
    game_id: 13,
    user_id: 1,
    post_date: 2026-03-19T23:06:52.000Z,
    image_path: null,
    game_name: 'Grand Theft Auto: Vice City',
    username: 'testaccount',
    like_count: 0
  },
  {
    post_id: 8,
    post_title: 'test test 50000',
    post_body: 'among us in real life',
    game_id: 123,
    user_id: 2,
    post_date: 2026-03-19T10:52:24.000Z,
    image_path: null,
    game_name: 'Call of Duty 2',
    username: 'testaccount2',
    like_count: 0
  },
  {
    post_id: 7,
    post_title: 'Test etste stestestset',
    post_body: '123123',
    game_id: 20,
    user_id: 2,
    post_date: 2026-03-19T10:13:09.000Z,
    image_path: null,
    game_name: "Uncharted 4: A Thief's End",
    username: 'testaccount2',
    like_count: 0
  },
  {
    post_id: 1,
    post_title: 'Test Post',
    post_body: 'Test post body',
    game_id: 1,
    user_id: 1,
    post_date: 2026-03-15T19:36:18.000Z,
    image_path: null,
    game_name: 'Grand Theft Auto V',
    username: 'testaccount',
    like_count: 2
  }
]
Session {
  cookie: {
    path: '/',
    _expires: null,
    originalMaxAge: null,
    httpOnly: true,
    secure: false
  },
  user: {
    user_id: 25,
    username: 'bcrypttest',
    password: '$2b$10$ERQuYY1N7aZB1gA2c82J.O2wx5NCmjsiX/wJwRporzcv4DHd9zkcC',
    creation_date: '2026-04-20T10:29:51.000Z',
    fav_genres: '5'
  }
}
DBCONFIG {
  host: 'mariadb_2526-cs7025-group1',
  database: '2526-cs7025-group1_db',
  user: '2526-cs7025-group1',
  password: 'yUDpZFKQlGaSqDyC'
}
31
25
[ { liked: 'FALSE' } ]
FALSE
DBCONFIG {
  host: 'mariadb_2526-cs7025-group1',
  database: '2526-cs7025-group1_db',
  user: '2526-cs7025-group1',
  password: 'yUDpZFKQlGaSqDyC'
}
DBCONFIG {
  host: 'mariadb_2526-cs7025-group1',
  database: '2526-cs7025-group1_db',
  user: '2526-cs7025-group1',
  password: 'yUDpZFKQlGaSqDyC'
}
DBCONFIG {
  host: 'mariadb_2526-cs7025-group1',
  database: '2526-cs7025-group1_db',
  user: '2526-cs7025-group1',
  password: 'yUDpZFKQlGaSqDyC'
}
Recommended Posts: [
  {
    post_id: 31,
    post_title: 'Testing Bcrypt',
    post_body: 'please god work',
    game_id: 57,
    user_id: 16,
    post_date: 2026-03-28T23:17:43.000Z,
    image_path: null,
    game_name: 'Metal Gear Solid',
    username: 'testtest',
    like_count: 4
  },
  {
    post_id: 25,
    post_title: 'AYO THEY GOT ROBOTS IN THIS FUCKIN GAME???',
    post_body: 'WHAT THE FUCK???',
    game_id: 23,
    user_id: 4,
    post_date: 2026-03-25T11:48:55.000Z,
    image_path: null,
    game_name: 'Fallout: New Vegas',
    username: 'test',
    like_count: 1
  },
  {
    post_id: 24,
    post_title: 'Cyberpunk is a video game',
    post_body: 'it sure is',
    game_id: 72,
    user_id: 4,
    post_date: 2026-03-25T11:42:28.000Z,
    image_path: 'a699a2c1-8519-4375-ae4d-cbe862c364d0.webp',
    game_name: 'Cyberpunk 2077',
    username: 'test',
    like_count: 1
  },
  {
    post_id: 23,
    post_title: 'huigrehuierg',
    post_body: 'geriugherghui',
    game_id: 289,
    user_id: 4,
    post_date: 2026-03-25T11:41:52.000Z,
    image_path: null,
    game_name: 'Borderlands 3',
    username: 'test',
    like_count: 1
  },
  {
    post_id: 19,
    post_title: 'hguherguihreg',
    post_body: 'zcxvzxcvzxcvzxcv',
    game_id: 123,
    user_id: 4,
    post_date: 2026-03-22T17:02:30.000Z,
    image_path: null,
    game_name: 'Call of Duty 2',
    username: 'test',
    like_count: 1
  },
  {
    post_id: 17,
    post_title: 'asfdasdf',
    post_body: 'asdfasdf',
    game_id: 123,
    user_id: 5,
    post_date: 2026-03-20T20:29:54.000Z,
    image_path: null,
    game_name: 'Call of Duty 2',
    username: 'New Test Account 50',
    like_count: 0
  },
  {
    post_id: 16,
    post_title: 'Testing Post With Login',
    post_body: 'Testing post with login. If this works I will remove the user field from form',
    game_id: 149,
    user_id: 4,
    post_date: 2026-03-20T15:06:10.000Z,
    image_path: null,
    game_name: 'Call of Duty: World at War',
    username: 'test',
    like_count: 1
  },
  {
    post_id: 13,
    post_title: '5',
    post_body: '65',
    game_id: 65,
    user_id: 3,
    post_date: 2026-03-19T23:23:58.000Z,
    image_path: null,
    game_name: 'Grand Theft Auto III',
    username: 'testaccount3',
    like_count: 1
  },
  {
    post_id: 12,
    post_title: '2',
    post_body: '1',
    game_id: 1,
    user_id: 1,
    post_date: 2026-03-19T23:22:27.000Z,
    image_path: null,
    game_name: 'Grand Theft Auto V',
    username: 'testaccount',
    like_count: 0
  },
  {
    post_id: 9,
    post_title: '123',
    post_body: '13',
    game_id: 13,
    user_id: 1,
    post_date: 2026-03-19T23:06:52.000Z,
    image_path: null,
    game_name: 'Grand Theft Auto: Vice City',
    username: 'testaccount',
    like_count: 0
  },
  {
    post_id: 8,
    post_title: 'test test 50000',
    post_body: 'among us in real life',
    game_id: 123,
    user_id: 2,
    post_date: 2026-03-19T10:52:24.000Z,
    image_path: null,
    game_name: 'Call of Duty 2',
    username: 'testaccount2',
    like_count: 0
  },
  {
    post_id: 7,
    post_title: 'Test etste stestestset',
    post_body: '123123',
    game_id: 20,
    user_id: 2,
    post_date: 2026-03-19T10:13:09.000Z,
    image_path: null,
    game_name: "Uncharted 4: A Thief's End",
    username: 'testaccount2',
    like_count: 0
  },
  {
    post_id: 1,
    post_title: 'Test Post',
    post_body: 'Test post body',
    game_id: 1,
    user_id: 1,
    post_date: 2026-03-15T19:36:18.000Z,
    image_path: null,
    game_name: 'Grand Theft Auto V',
    username: 'testaccount',
    like_count: 2
  }
]
Comment Controller Called to Retrieve comments on a post
31
Comment Controller Called to Retrieve comments on a post
25
Comment Controller Called to Retrieve comments on a post
24
Session {
  cookie: {
    path: '/',
    _expires: null,
    originalMaxAge: null,
    httpOnly: true,
    secure: false
  },
  user: {
    user_id: 25,
    username: 'bcrypttest',
    password: '$2b$10$ERQuYY1N7aZB1gA2c82J.O2wx5NCmjsiX/wJwRporzcv4DHd9zkcC',
    creation_date: '2026-04-20T10:29:51.000Z',
    fav_genres: '5'
  }
}
slay
DBCONFIG {
  host: 'mariadb_2526-cs7025-group1',
  database: '2526-cs7025-group1_db',
  user: '2526-cs7025-group1',
  password: 'yUDpZFKQlGaSqDyC'
}
Session {
  cookie: {
    path: '/',
    _expires: null,
    originalMaxAge: null,
    httpOnly: true,
    secure: false
  },
  user: {
    user_id: 25,
    username: 'bcrypttest',
    password: '$2b$10$ERQuYY1N7aZB1gA2c82J.O2wx5NCmjsiX/wJwRporzcv4DHd9zkcC',
    creation_date: '2026-04-20T10:29:51.000Z',
    fav_genres: '5'
  }
}
Big Beans 10
[Object: null prototype] { title: 'g', content: 'dsf', game: '323' }
{
  user_id: 25,
  username: 'bcrypttest',
  password: '$2b$10$ERQuYY1N7aZB1gA2c82J.O2wx5NCmjsiX/wJwRporzcv4DHd9zkcC',
  creation_date: '2026-04-20T10:29:51.000Z',
  fav_genres: '5'
}
25
CREATING POST
INSERT INTO `posts`(`post_title`, `post_body`, `game_id`, `user_id`) VALUES (?, ?, ?, ?)
DBCONFIG {
  host: 'mariadb_2526-cs7025-group1',
  database: '2526-cs7025-group1_db',
  user: '2526-cs7025-group1',
  password: 'yUDpZFKQlGaSqDyC'
}
DBCONFIG {
  host: 'mariadb_2526-cs7025-group1',
  database: '2526-cs7025-group1_db',
  user: '2526-cs7025-group1',
  password: 'yUDpZFKQlGaSqDyC'
}
Recommended Posts: [
  {
    post_id: 31,
    post_title: 'Testing Bcrypt',
    post_body: 'please god work',
    game_id: 57,
    user_id: 16,
    post_date: 2026-03-28T23:17:43.000Z,
    image_path: null,
    game_name: 'Metal Gear Solid',
    username: 'testtest',
    like_count: 4
  },
  {
    post_id: 25,
    post_title: 'AYO THEY GOT ROBOTS IN THIS FUCKIN GAME???',
    post_body: 'WHAT THE FUCK???',
    game_id: 23,
    user_id: 4,
    post_date: 2026-03-25T11:48:55.000Z,
    image_path: null,
    game_name: 'Fallout: New Vegas',
    username: 'test',
    like_count: 1
  },
  {
    post_id: 24,
    post_title: 'Cyberpunk is a video game',
    post_body: 'it sure is',
    game_id: 72,
    user_id: 4,
    post_date: 2026-03-25T11:42:28.000Z,
    image_path: 'a699a2c1-8519-4375-ae4d-cbe862c364d0.webp',
    game_name: 'Cyberpunk 2077',
    username: 'test',
    like_count: 1
  },
  {
    post_id: 23,
    post_title: 'huigrehuierg',
    post_body: 'geriugherghui',
    game_id: 289,
    user_id: 4,
    post_date: 2026-03-25T11:41:52.000Z,
    image_path: null,
    game_name: 'Borderlands 3',
    username: 'test',
    like_count: 1
  },
  {
    post_id: 19,
    post_title: 'hguherguihreg',
    post_body: 'zcxvzxcvzxcvzxcv',
    game_id: 123,
    user_id: 4,
    post_date: 2026-03-22T17:02:30.000Z,
    image_path: null,
    game_name: 'Call of Duty 2',
    username: 'test',
    like_count: 1
  },
  {
    post_id: 17,
    post_title: 'asfdasdf',
    post_body: 'asdfasdf',
    game_id: 123,
    user_id: 5,
    post_date: 2026-03-20T20:29:54.000Z,
    image_path: null,
    game_name: 'Call of Duty 2',
    username: 'New Test Account 50',
    like_count: 0
  },
  {
    post_id: 16,
    post_title: 'Testing Post With Login',
    post_body: 'Testing post with login. If this works I will remove the user field from form',
    game_id: 149,
    user_id: 4,
    post_date: 2026-03-20T15:06:10.000Z,
    image_path: null,
    game_name: 'Call of Duty: World at War',
    username: 'test',
    like_count: 1
  },
  {
    post_id: 13,
    post_title: '5',
    post_body: '65',
    game_id: 65,
    user_id: 3,
    post_date: 2026-03-19T23:23:58.000Z,
    image_path: null,
    game_name: 'Grand Theft Auto III',
    username: 'testaccount3',
    like_count: 1
  },
  {
    post_id: 12,
    post_title: '2',
    post_body: '1',
    game_id: 1,
    user_id: 1,
    post_date: 2026-03-19T23:22:27.000Z,
    image_path: null,
    game_name: 'Grand Theft Auto V',
    username: 'testaccount',
    like_count: 0
  },
  {
    post_id: 9,
    post_title: '123',
    post_body: '13',
    game_id: 13,
    user_id: 1,
    post_date: 2026-03-19T23:06:52.000Z,
    image_path: null,
    game_name: 'Grand Theft Auto: Vice City',
    username: 'testaccount',
    like_count: 0
  },
  {
    post_id: 8,
    post_title: 'test test 50000',
    post_body: 'among us in real life',
    game_id: 123,
    user_id: 2,
    post_date: 2026-03-19T10:52:24.000Z,
    image_path: null,
    game_name: 'Call of Duty 2',
    username: 'testaccount2',
    like_count: 0
  },
  {
    post_id: 7,
    post_title: 'Test etste stestestset',
    post_body: '123123',
    game_id: 20,
    user_id: 2,
    post_date: 2026-03-19T10:13:09.000Z,
    image_path: null,
    game_name: "Uncharted 4: A Thief's End",
    username: 'testaccount2',
    like_count: 0
  },
  {
    post_id: 1,
    post_title: 'Test Post',
    post_body: 'Test post body',
    game_id: 1,
    user_id: 1,
    post_date: 2026-03-15T19:36:18.000Z,
    image_path: null,
    game_name: 'Grand Theft Auto V',
    username: 'testaccount',
    like_count: 2
  }
]
DBCONFIG {
  host: 'mariadb_2526-cs7025-group1',
  database: '2526-cs7025-group1_db',
  user: '2526-cs7025-group1',
  password: 'yUDpZFKQlGaSqDyC'
}
DBCONFIG {
  host: 'mariadb_2526-cs7025-group1',
  database: '2526-cs7025-group1_db',
  user: '2526-cs7025-group1',
  password: 'yUDpZFKQlGaSqDyC'
}
Recommended Posts: [
  {
    post_id: 31,
    post_title: 'Testing Bcrypt',
    post_body: 'please god work',
    game_id: 57,
    user_id: 16,
    post_date: 2026-03-28T23:17:43.000Z,
    image_path: null,
    game_name: 'Metal Gear Solid',
    username: 'testtest',
    like_count: 4
  },
  {
    post_id: 25,
    post_title: 'AYO THEY GOT ROBOTS IN THIS FUCKIN GAME???',
    post_body: 'WHAT THE FUCK???',
    game_id: 23,
    user_id: 4,
    post_date: 2026-03-25T11:48:55.000Z,
    image_path: null,
    game_name: 'Fallout: New Vegas',
    username: 'test',
    like_count: 1
  },
  {
    post_id: 24,
    post_title: 'Cyberpunk is a video game',
    post_body: 'it sure is',
    game_id: 72,
    user_id: 4,
    post_date: 2026-03-25T11:42:28.000Z,
    image_path: 'a699a2c1-8519-4375-ae4d-cbe862c364d0.webp',
    game_name: 'Cyberpunk 2077',
    username: 'test',
    like_count: 1
  },
  {
    post_id: 23,
    post_title: 'huigrehuierg',
    post_body: 'geriugherghui',
    game_id: 289,
    user_id: 4,
    post_date: 2026-03-25T11:41:52.000Z,
    image_path: null,
    game_name: 'Borderlands 3',
    username: 'test',
    like_count: 1
  },
  {
    post_id: 19,
    post_title: 'hguherguihreg',
    post_body: 'zcxvzxcvzxcvzxcv',
    game_id: 123,
    user_id: 4,
    post_date: 2026-03-22T17:02:30.000Z,
    image_path: null,
    game_name: 'Call of Duty 2',
    username: 'test',
    like_count: 1
  },
  {
    post_id: 17,
    post_title: 'asfdasdf',
    post_body: 'asdfasdf',
    game_id: 123,
    user_id: 5,
    post_date: 2026-03-20T20:29:54.000Z,
    image_path: null,
    game_name: 'Call of Duty 2',
    username: 'New Test Account 50',
    like_count: 0
  },
  {
    post_id: 16,
    post_title: 'Testing Post With Login',
    post_body: 'Testing post with login. If this works I will remove the user field from form',
    game_id: 149,
    user_id: 4,
    post_date: 2026-03-20T15:06:10.000Z,
    image_path: null,
    game_name: 'Call of Duty: World at War',
    username: 'test',
    like_count: 1
  },
  {
    post_id: 13,
    post_title: '5',
    post_body: '65',
    game_id: 65,
    user_id: 3,
    post_date: 2026-03-19T23:23:58.000Z,
    image_path: null,
    game_name: 'Grand Theft Auto III',
    username: 'testaccount3',
    like_count: 1
  },
  {
    post_id: 12,
    post_title: '2',
    post_body: '1',
    game_id: 1,
    user_id: 1,
    post_date: 2026-03-19T23:22:27.000Z,
    image_path: null,
    game_name: 'Grand Theft Auto V',
    username: 'testaccount',
    like_count: 0
  },
  {
    post_id: 9,
    post_title: '123',
    post_body: '13',
    game_id: 13,
    user_id: 1,
    post_date: 2026-03-19T23:06:52.000Z,
    image_path: null,
    game_name: 'Grand Theft Auto: Vice City',
    username: 'testaccount',
    like_count: 0
  },
  {
    post_id: 8,
    post_title: 'test test 50000',
    post_body: 'among us in real life',
    game_id: 123,
    user_id: 2,
    post_date: 2026-03-19T10:52:24.000Z,
    image_path: null,
    game_name: 'Call of Duty 2',
    username: 'testaccount2',
    like_count: 0
  },
  {
    post_id: 7,
    post_title: 'Test etste stestestset',
    post_body: '123123',
    game_id: 20,
    user_id: 2,
    post_date: 2026-03-19T10:13:09.000Z,
    image_path: null,
    game_name: "Uncharted 4: A Thief's End",
    username: 'testaccount2',
    like_count: 0
  },
  {
    post_id: 1,
    post_title: 'Test Post',
    post_body: 'Test post body',
    game_id: 1,
    user_id: 1,
    post_date: 2026-03-15T19:36:18.000Z,
    image_path: null,
    game_name: 'Grand Theft Auto V',
    username: 'testaccount',
    like_count: 2
  }
]
Session {
  cookie: {
    path: '/',
    _expires: null,
    originalMaxAge: null,
    httpOnly: true,
    secure: false
  },
  user: {
    user_id: 25,
    username: 'bcrypttest',
    password: '$2b$10$ERQuYY1N7aZB1gA2c82J.O2wx5NCmjsiX/wJwRporzcv4DHd9zkcC',
    creation_date: '2026-04-20T10:29:51.000Z',
    fav_genres: '5'
  }
}
t
DBCONFIG {
  host: 'mariadb_2526-cs7025-group1',
  database: '2526-cs7025-group1_db',
  user: '2526-cs7025-group1',
  password: 'yUDpZFKQlGaSqDyC'
}
ty
DBCONFIG {
  host: 'mariadb_2526-cs7025-group1',
  database: '2526-cs7025-group1_db',
  user: '2526-cs7025-group1',
  password: 'yUDpZFKQlGaSqDyC'
}
Session {
  cookie: {
    path: '/',
    _expires: null,
    originalMaxAge: null,
    httpOnly: true,
    secure: false
  },
  user: {
    user_id: 25,
    username: 'bcrypttest',
    password: '$2b$10$ERQuYY1N7aZB1gA2c82J.O2wx5NCmjsiX/wJwRporzcv4DHd9zkcC',
    creation_date: '2026-04-20T10:29:51.000Z',
    fav_genres: '5'
  }
}
Big Beans 10
[Object: null prototype] {
  title: 'asfdfsdaasdf',
  content: 'asfdasfdafsd',
  game: '13'
}
{
  user_id: 25,
  username: 'bcrypttest',
  password: '$2b$10$ERQuYY1N7aZB1gA2c82J.O2wx5NCmjsiX/wJwRporzcv4DHd9zkcC',
  creation_date: '2026-04-20T10:29:51.000Z',
  fav_genres: '5'
}
25
CREATING POST
INSERT INTO `posts`(`post_title`, `post_body`, `game_id`, `user_id`) VALUES (?, ?, ?, ?)
DBCONFIG {
  host: 'mariadb_2526-cs7025-group1',
  database: '2526-cs7025-group1_db',
  user: '2526-cs7025-group1',
  password: 'yUDpZFKQlGaSqDyC'
}
DBCONFIG {
  host: 'mariadb_2526-cs7025-group1',
  database: '2526-cs7025-group1_db',
  user: '2526-cs7025-group1',
  password: 'yUDpZFKQlGaSqDyC'
}
Recommended Posts: [
  {
    post_id: 35,
    post_title: 'asfdfsdaasdf',
    post_body: 'asfdasfdafsd',
    game_id: 13,
    user_id: 25,
    post_date: 2026-04-20T10:33:11.000Z,
    image_path: null,
    game_name: 'Grand Theft Auto: Vice City',
    username: 'bcrypttest',
    like_count: 0
  },
  {
    post_id: 31,
    post_title: 'Testing Bcrypt',
    post_body: 'please god work',
    game_id: 57,
    user_id: 16,
    post_date: 2026-03-28T23:17:43.000Z,
    image_path: null,
    game_name: 'Metal Gear Solid',
    username: 'testtest',
    like_count: 4
  },
  {
    post_id: 25,
    post_title: 'AYO THEY GOT ROBOTS IN THIS FUCKIN GAME???',
    post_body: 'WHAT THE FUCK???',
    game_id: 23,
    user_id: 4,
    post_date: 2026-03-25T11:48:55.000Z,
    image_path: null,
    game_name: 'Fallout: New Vegas',
    username: 'test',
    like_count: 1
  },
  {
    post_id: 24,
    post_title: 'Cyberpunk is a video game',
    post_body: 'it sure is',
    game_id: 72,
    user_id: 4,
    post_date: 2026-03-25T11:42:28.000Z,
    image_path: 'a699a2c1-8519-4375-ae4d-cbe862c364d0.webp',
    game_name: 'Cyberpunk 2077',
    username: 'test',
    like_count: 1
  },
  {
    post_id: 23,
    post_title: 'huigrehuierg',
    post_body: 'geriugherghui',
    game_id: 289,
    user_id: 4,
    post_date: 2026-03-25T11:41:52.000Z,
    image_path: null,
    game_name: 'Borderlands 3',
    username: 'test',
    like_count: 1
  },
  {
    post_id: 19,
    post_title: 'hguherguihreg',
    post_body: 'zcxvzxcvzxcvzxcv',
    game_id: 123,
    user_id: 4,
    post_date: 2026-03-22T17:02:30.000Z,
    image_path: null,
    game_name: 'Call of Duty 2',
    username: 'test',
    like_count: 1
  },
  {
    post_id: 17,
    post_title: 'asfdasdf',
    post_body: 'asdfasdf',
    game_id: 123,
    user_id: 5,
    post_date: 2026-03-20T20:29:54.000Z,
    image_path: null,
    game_name: 'Call of Duty 2',
    username: 'New Test Account 50',
    like_count: 0
  },
  {
    post_id: 16,
    post_title: 'Testing Post With Login',
    post_body: 'Testing post with login. If this works I will remove the user field from form',
    game_id: 149,
    user_id: 4,
    post_date: 2026-03-20T15:06:10.000Z,
    image_path: null,
    game_name: 'Call of Duty: World at War',
    username: 'test',
    like_count: 1
  },
  {
    post_id: 13,
    post_title: '5',
    post_body: '65',
    game_id: 65,
    user_id: 3,
    post_date: 2026-03-19T23:23:58.000Z,
    image_path: null,
    game_name: 'Grand Theft Auto III',
    username: 'testaccount3',
    like_count: 1
  },
  {
    post_id: 12,
    post_title: '2',
    post_body: '1',
    game_id: 1,
    user_id: 1,
    post_date: 2026-03-19T23:22:27.000Z,
    image_path: null,
    game_name: 'Grand Theft Auto V',
    username: 'testaccount',
    like_count: 0
  },
  {
    post_id: 9,
    post_title: '123',
    post_body: '13',
    game_id: 13,
    user_id: 1,
    post_date: 2026-03-19T23:06:52.000Z,
    image_path: null,
    game_name: 'Grand Theft Auto: Vice City',
    username: 'testaccount',
    like_count: 0
  },
  {
    post_id: 8,
    post_title: 'test test 50000',
    post_body: 'among us in real life',
    game_id: 123,
    user_id: 2,
    post_date: 2026-03-19T10:52:24.000Z,
    image_path: null,
    game_name: 'Call of Duty 2',
    username: 'testaccount2',
    like_count: 0
  },
  {
    post_id: 7,
    post_title: 'Test etste stestestset',
    post_body: '123123',
    game_id: 20,
    user_id: 2,
    post_date: 2026-03-19T10:13:09.000Z,
    image_path: null,
    game_name: "Uncharted 4: A Thief's End",
    username: 'testaccount2',
    like_count: 0
  },
  {
    post_id: 1,
    post_title: 'Test Post',
    post_body: 'Test post body',
    game_id: 1,
    user_id: 1,
    post_date: 2026-03-15T19:36:18.000Z,
    image_path: null,
    game_name: 'Grand Theft Auto V',
    username: 'testaccount',
    like_count: 2
  }
]
[32m[nodemon] restarting due to changes...[39m
[32m[nodemon] starting `node ./index.js localhost 3000`[39m
◇ injected env (5) from .env // tip: ⌘ override existing { override: true }
◇ injected env (0) from .env // tip: ⌘ suppress logs { quiet: true }
Server running on http://localhost:3000
Session {
  cookie: {
    path: '/',
    _expires: null,
    originalMaxAge: null,
    httpOnly: true,
    secure: false
  }
}
DBCONFIG {
  host: 'mariadb_2526-cs7025-group1',
  database: '2526-cs7025-group1_db',
  user: '2526-cs7025-group1',
  password: 'yUDpZFKQlGaSqDyC'
}
DBCONFIG {
  host: 'mariadb_2526-cs7025-group1',
  database: '2526-cs7025-group1_db',
  user: '2526-cs7025-group1',
  password: 'yUDpZFKQlGaSqDyC'
}
Recommended Posts: [
  {
    post_id: 35,
    post_title: 'asfdfsdaasdf',
    post_body: 'asfdasfdafsd',
    game_id: 13,
    user_id: 25,
    post_date: 2026-04-20T10:33:11.000Z,
    image_path: null,
    game_name: 'Grand Theft Auto: Vice City',
    username: 'bcrypttest',
    like_count: 0
  },
  {
    post_id: 31,
    post_title: 'Testing Bcrypt',
    post_body: 'please god work',
    game_id: 57,
    user_id: 16,
    post_date: 2026-03-28T23:17:43.000Z,
    image_path: null,
    game_name: 'Metal Gear Solid',
    username: 'testtest',
    like_count: 4
  },
  {
    post_id: 25,
    post_title: 'AYO THEY GOT ROBOTS IN THIS FUCKIN GAME???',
    post_body: 'WHAT THE FUCK???',
    game_id: 23,
    user_id: 4,
    post_date: 2026-03-25T11:48:55.000Z,
    image_path: null,
    game_name: 'Fallout: New Vegas',
    username: 'test',
    like_count: 1
  },
  {
    post_id: 24,
    post_title: 'Cyberpunk is a video game',
    post_body: 'it sure is',
    game_id: 72,
    user_id: 4,
    post_date: 2026-03-25T11:42:28.000Z,
    image_path: 'a699a2c1-8519-4375-ae4d-cbe862c364d0.webp',
    game_name: 'Cyberpunk 2077',
    username: 'test',
    like_count: 1
  },
  {
    post_id: 23,
    post_title: 'huigrehuierg',
    post_body: 'geriugherghui',
    game_id: 289,
    user_id: 4,
    post_date: 2026-03-25T11:41:52.000Z,
    image_path: null,
    game_name: 'Borderlands 3',
    username: 'test',
    like_count: 1
  },
  {
    post_id: 19,
    post_title: 'hguherguihreg',
    post_body: 'zcxvzxcvzxcvzxcv',
    game_id: 123,
    user_id: 4,
    post_date: 2026-03-22T17:02:30.000Z,
    image_path: null,
    game_name: 'Call of Duty 2',
    username: 'test',
    like_count: 1
  },
  {
    post_id: 17,
    post_title: 'asfdasdf',
    post_body: 'asdfasdf',
    game_id: 123,
    user_id: 5,
    post_date: 2026-03-20T20:29:54.000Z,
    image_path: null,
    game_name: 'Call of Duty 2',
    username: 'New Test Account 50',
    like_count: 0
  },
  {
    post_id: 16,
    post_title: 'Testing Post With Login',
    post_body: 'Testing post with login. If this works I will remove the user field from form',
    game_id: 149,
    user_id: 4,
    post_date: 2026-03-20T15:06:10.000Z,
    image_path: null,
    game_name: 'Call of Duty: World at War',
    username: 'test',
    like_count: 1
  },
  {
    post_id: 13,
    post_title: '5',
    post_body: '65',
    game_id: 65,
    user_id: 3,
    post_date: 2026-03-19T23:23:58.000Z,
    image_path: null,
    game_name: 'Grand Theft Auto III',
    username: 'testaccount3',
    like_count: 1
  },
  {
    post_id: 12,
    post_title: '2',
    post_body: '1',
    game_id: 1,
    user_id: 1,
    post_date: 2026-03-19T23:22:27.000Z,
    image_path: null,
    game_name: 'Grand Theft Auto V',
    username: 'testaccount',
    like_count: 0
  },
  {
    post_id: 9,
    post_title: '123',
    post_body: '13',
    game_id: 13,
    user_id: 1,
    post_date: 2026-03-19T23:06:52.000Z,
    image_path: null,
    game_name: 'Grand Theft Auto: Vice City',
    username: 'testaccount',
    like_count: 0
  },
  {
    post_id: 8,
    post_title: 'test test 50000',
    post_body: 'among us in real life',
    game_id: 123,
    user_id: 2,
    post_date: 2026-03-19T10:52:24.000Z,
    image_path: null,
    game_name: 'Call of Duty 2',
    username: 'testaccount2',
    like_count: 0
  },
  {
    post_id: 7,
    post_title: 'Test etste stestestset',
    post_body: '123123',
    game_id: 20,
    user_id: 2,
    post_date: 2026-03-19T10:13:09.000Z,
    image_path: null,
    game_name: "Uncharted 4: A Thief's End",
    username: 'testaccount2',
    like_count: 0
  },
  {
    post_id: 1,
    post_title: 'Test Post',
    post_body: 'Test post body',
    game_id: 1,
    user_id: 1,
    post_date: 2026-03-15T19:36:18.000Z,
    image_path: null,
    game_name: 'Grand Theft Auto V',
    username: 'testaccount',
    like_count: 2
  }
]
Session {
  cookie: {
    path: '/',
    _expires: null,
    originalMaxAge: null,
    httpOnly: true,
    secure: false
  },
  user: {
    user_id: 25,
    username: 'bcrypttest',
    password: '$2b$10$ERQuYY1N7aZB1gA2c82J.O2wx5NCmjsiX/wJwRporzcv4DHd9zkcC',
    creation_date: '2026-04-20T10:29:51.000Z',
    fav_genres: '5'
  }
}
h
DBCONFIG {
  host: 'mariadb_2526-cs7025-group1',
  database: '2526-cs7025-group1_db',
  user: '2526-cs7025-group1',
  password: 'yUDpZFKQlGaSqDyC'
}
Session {
  cookie: {
    path: '/',
    _expires: null,
    originalMaxAge: null,
    httpOnly: true,
    secure: false
  },
  user: {
    user_id: 25,
    username: 'bcrypttest',
    password: '$2b$10$ERQuYY1N7aZB1gA2c82J.O2wx5NCmjsiX/wJwRporzcv4DHd9zkcC',
    creation_date: '2026-04-20T10:29:51.000Z',
    fav_genres: '5'
  }
}
Big Beans 10
[Object: null prototype] {
  title: 'asdasasas',
  content: 'gggg',
  game: '1'
}
{
  user_id: 25,
  username: 'bcrypttest',
  password: '$2b$10$ERQuYY1N7aZB1gA2c82J.O2wx5NCmjsiX/wJwRporzcv4DHd9zkcC',
  creation_date: '2026-04-20T10:29:51.000Z',
  fav_genres: '5'
}
25
CREATING POST
INSERT INTO `posts`(`post_title`, `post_body`, `game_id`, `user_id`) VALUES (?, ?, ?, ?)
DBCONFIG {
  host: 'mariadb_2526-cs7025-group1',
  database: '2526-cs7025-group1_db',
  user: '2526-cs7025-group1',
  password: 'yUDpZFKQlGaSqDyC'
}
DBCONFIG {
  host: 'mariadb_2526-cs7025-group1',
  database: '2526-cs7025-group1_db',
  user: '2526-cs7025-group1',
  password: 'yUDpZFKQlGaSqDyC'
}
Recommended Posts: [
  {
    post_id: 36,
    post_title: 'asdasasas',
    post_body: 'gggg',
    game_id: 1,
    user_id: 25,
    post_date: 2026-04-20T10:34:44.000Z,
    image_path: null,
    game_name: 'Grand Theft Auto V',
    username: 'bcrypttest',
    like_count: 0
  },
  {
    post_id: 35,
    post_title: 'asfdfsdaasdf',
    post_body: 'asfdasfdafsd',
    game_id: 13,
    user_id: 25,
    post_date: 2026-04-20T10:33:11.000Z,
    image_path: null,
    game_name: 'Grand Theft Auto: Vice City',
    username: 'bcrypttest',
    like_count: 0
  },
  {
    post_id: 31,
    post_title: 'Testing Bcrypt',
    post_body: 'please god work',
    game_id: 57,
    user_id: 16,
    post_date: 2026-03-28T23:17:43.000Z,
    image_path: null,
    game_name: 'Metal Gear Solid',
    username: 'testtest',
    like_count: 4
  },
  {
    post_id: 25,
    post_title: 'AYO THEY GOT ROBOTS IN THIS FUCKIN GAME???',
    post_body: 'WHAT THE FUCK???',
    game_id: 23,
    user_id: 4,
    post_date: 2026-03-25T11:48:55.000Z,
    image_path: null,
    game_name: 'Fallout: New Vegas',
    username: 'test',
    like_count: 1
  },
  {
    post_id: 24,
    post_title: 'Cyberpunk is a video game',
    post_body: 'it sure is',
    game_id: 72,
    user_id: 4,
    post_date: 2026-03-25T11:42:28.000Z,
    image_path: 'a699a2c1-8519-4375-ae4d-cbe862c364d0.webp',
    game_name: 'Cyberpunk 2077',
    username: 'test',
    like_count: 1
  },
  {
    post_id: 23,
    post_title: 'huigrehuierg',
    post_body: 'geriugherghui',
    game_id: 289,
    user_id: 4,
    post_date: 2026-03-25T11:41:52.000Z,
    image_path: null,
    game_name: 'Borderlands 3',
    username: 'test',
    like_count: 1
  },
  {
    post_id: 19,
    post_title: 'hguherguihreg',
    post_body: 'zcxvzxcvzxcvzxcv',
    game_id: 123,
    user_id: 4,
    post_date: 2026-03-22T17:02:30.000Z,
    image_path: null,
    game_name: 'Call of Duty 2',
    username: 'test',
    like_count: 1
  },
  {
    post_id: 17,
    post_title: 'asfdasdf',
    post_body: 'asdfasdf',
    game_id: 123,
    user_id: 5,
    post_date: 2026-03-20T20:29:54.000Z,
    image_path: null,
    game_name: 'Call of Duty 2',
    username: 'New Test Account 50',
    like_count: 0
  },
  {
    post_id: 16,
    post_title: 'Testing Post With Login',
    post_body: 'Testing post with login. If this works I will remove the user field from form',
    game_id: 149,
    user_id: 4,
    post_date: 2026-03-20T15:06:10.000Z,
    image_path: null,
    game_name: 'Call of Duty: World at War',
    username: 'test',
    like_count: 1
  },
  {
    post_id: 13,
    post_title: '5',
    post_body: '65',
    game_id: 65,
    user_id: 3,
    post_date: 2026-03-19T23:23:58.000Z,
    image_path: null,
    game_name: 'Grand Theft Auto III',
    username: 'testaccount3',
    like_count: 1
  },
  {
    post_id: 12,
    post_title: '2',
    post_body: '1',
    game_id: 1,
    user_id: 1,
    post_date: 2026-03-19T23:22:27.000Z,
    image_path: null,
    game_name: 'Grand Theft Auto V',
    username: 'testaccount',
    like_count: 0
  },
  {
    post_id: 9,
    post_title: '123',
    post_body: '13',
    game_id: 13,
    user_id: 1,
    post_date: 2026-03-19T23:06:52.000Z,
    image_path: null,
    game_name: 'Grand Theft Auto: Vice City',
    username: 'testaccount',
    like_count: 0
  },
  {
    post_id: 8,
    post_title: 'test test 50000',
    post_body: 'among us in real life',
    game_id: 123,
    user_id: 2,
    post_date: 2026-03-19T10:52:24.000Z,
    image_path: null,
    game_name: 'Call of Duty 2',
    username: 'testaccount2',
    like_count: 0
  },
  {
    post_id: 7,
    post_title: 'Test etste stestestset',
    post_body: '123123',
    game_id: 20,
    user_id: 2,
    post_date: 2026-03-19T10:13:09.000Z,
    image_path: null,
    game_name: "Uncharted 4: A Thief's End",
    username: 'testaccount2',
    like_count: 0
  },
  {
    post_id: 1,
    post_title: 'Test Post',
    post_body: 'Test post body',
    game_id: 1,
    user_id: 1,
    post_date: 2026-03-15T19:36:18.000Z,
    image_path: null,
    game_name: 'Grand Theft Auto V',
    username: 'testaccount',
    like_count: 2
  }
]
